{
	"format_version": "1.12.0",
	"minecraft:geometry": [
		{
			"description": {
				"identifier": "geometry.unknown",
				"texture_width": 64,
				"texture_height": 64,
				"visible_bounds_width": 3,
				"visible_bounds_height": 2.5,
				"visible_bounds_offset": [0, 0.75, 0]
			},
			"bones": [
				{
					"name": "bone",
					"pivot": [0, 0, 0],
					"cubes": [
						{"origin": [-4, 0, 0], "size": [8, 6, 1], "uv": [18, 14]},
						{"origin": [-4, 0, 1], "size": [8, 7, 7], "uv": [0, 0]},
						{"origin": [-1, 0.2, 7.9], "size": [2, 1, 2.5], "pivot": [0, 0.2, 9], "rotation": [15, 0, 0], "uv": [8, 27]},
						{"origin": [-0.8, 4.2, 6.9], "size": [1.6, 1, 3.5], "pivot": [0, 4.2, 9], "rotation": [-20, 0, 0], "uv": [0, 27]},
						{"origin": [-0.9, 2.5, 7.9], "size": [1.8, 1, 4], "pivot": [0, 2.5, 9.9], "rotation": [-82.5, 0, 0], "uv": [18, 25]}
					]
				},
				{
					"name": "bone2",
					"parent": "bone",
					"pivot": [0.1, 6, 1.5],
					"rotation": [11, 0, 0],
					"cubes": [
						{"origin": [-6.04756, 2.91496, 3.39819], "size": [8.2, 1, 1], "pivot": [-4.4, 3.2, 4.7], "rotation": [79.7899, 28.1903, -100.8452], "uv": [0, 25]},
						{"origin": [-3.28229, 1.69983, 4.97726], "size": [8.2, 1, 1], "pivot": [4.2, 2.5, 4.9], "rotation": [-79.78989, -28.19027, 100.84524], "uv": [18, 23]},
						{"origin": [-5.3, 8.6, 1], "size": [10.8, 1, 1], "uv": [18, 21]}
					]
				},
				{
					"name": "chain",
					"pivot": [-0.5, 0.6, -1],
					"cubes": [
						{"origin": [-1.5, 0.6, -8], "size": [1, 3.5, 8], "uv": [0, 14]}
					]
				},
				{
					"name": "complchain",
					"parent": "chain",
					"pivot": [-0.5, 0.6, -1]
				},
				{
					"name": "chain2",
					"parent": "complchain",
					"pivot": [-0.5, 0.6, -1],
					"cubes": [
						{"origin": [-1.6, 0.1, -0.5], "size": [1.2, 1, 1], "uv": [28, 25]}
					]
				},
				{
					"name": "chain3",
					"parent": "complchain",
					"pivot": [-0.5, 0.6, -3],
					"cubes": [
						{"origin": [-1.6, 0.1, -2.5], "size": [1.2, 1, 1], "uv": [28, 27]}
					]
				},
				{
					"name": "chain4",
					"parent": "complchain",
					"pivot": [-0.5, 0.6, -5],
					"cubes": [
						{"origin": [-1.6, 0.1, -4.5], "size": [1.2, 1, 1], "uv": [28, 29]}
					]
				},
				{
					"name": "chain5",
					"parent": "complchain",
					"pivot": [-0.5, 0.6, -7],
					"cubes": [
						{"origin": [-1.6, 0.1, -6.5], "size": [1.2, 1, 1], "uv": [30, 0]}
					]
				},
				{
					"name": "chain6",
					"parent": "complchain",
					"pivot": [-0.5, 0.6, -9],
					"cubes": [
						{"origin": [-1.6, 0.5, -8.1], "size": [1.2, 1, 1], "uv": [30, 2]}
					]
				},
				{
					"name": "chain7",
					"parent": "complchain",
					"pivot": [-0.5, 2.6, -9],
					"cubes": [
						{"origin": [-1.6, 2.1, -8.5], "size": [1.2, 1, 1], "uv": [30, 4]}
					]
				},
				{
					"name": "chain8",
					"parent": "complchain",
					"pivot": [-0.5, 4.1, -8],
					"cubes": [
						{"origin": [-1.6, 3.6, -7.5], "size": [1.2, 1, 1], "uv": [30, 6]}
					]
				},
				{
					"name": "chain9",
					"parent": "complchain",
					"pivot": [-0.5, 4.1, -6],
					"cubes": [
						{"origin": [-1.6, 3.6, -5.5], "size": [1.2, 1, 1], "uv": [8, 30]}
					]
				},
				{
					"name": "chain10",
					"parent": "complchain",
					"pivot": [-0.5, 4.1, -4],
					"cubes": [
						{"origin": [-1.6, 3.6, -3.5], "size": [1.2, 1, 1], "uv": [30, 8]}
					]
				},
				{
					"name": "chain11",
					"parent": "complchain",
					"pivot": [-0.5, 4.1, -2],
					"cubes": [
						{"origin": [-1.6, 3.6, -1.5], "size": [1.2, 1, 1], "uv": [30, 10]}
					]
				}
			]
		}
	]
}