{
	"format_version": "1.12.0",
	"minecraft:geometry": [
		{
			"description": {
				"identifier": "geometry.unknown",
				"texture_width": 64,
				"texture_height": 64,
				"visible_bounds_width": 2,
				"visible_bounds_height": 2.5,
				"visible_bounds_offset": [0, 0.75, 0]
			},
			"bones": [
				{
					"name": "bone",
					"pivot": [0, 2, 4],
					"cubes": [
						{
							"origin": [-4, 2, 0],
							"size": [2, 7, 5],
							"uv": {
								"north": {"uv": [4, 23], "uv_size": [2, 7]},
								"east": {"uv": [5, 16], "uv_size": [5, 7]},
								"south": {"uv": [6, 23], "uv_size": [2, 7]},
								"west": {"uv": [17, 12], "uv_size": [5, 7]},
								"up": {"uv": [24, 17], "uv_size": [2, 5]},
								"down": {"uv": [24, 27], "uv_size": [2, -5]}
							}
						},
						{"origin": [-4, 0, -5], "size": [8, 2, 10], "uv": [0, 0]},
						{
							"origin": [2, 2, 0],
							"size": [2, 7, 5],
							"uv": {
								"north": {"uv": [22, 12], "uv_size": [2, 7]},
								"east": {"uv": [12, 12], "uv_size": [5, 7]},
								"south": {"uv": [22, 19], "uv_size": [2, 7]},
								"west": {"uv": [0, 15], "uv_size": [5, 7]},
								"up": {"uv": [8, 23], "uv_size": [2, 5]},
								"down": {"uv": [24, 17], "uv_size": [2, -5]}
							}
						},
						{
							"origin": [-2, 2, 0],
							"size": [4, 7, 1],
							"uv": {
								"north": {"uv": [10, 19], "uv_size": [4, 7]},
								"east": {"uv": [10, 26], "uv_size": [1, 7]},
								"south": {"uv": [14, 19], "uv_size": [4, 7]},
								"west": {"uv": [11, 26], "uv_size": [1, 7]},
								"up": {"uv": [13, 26], "uv_size": [4, 1]},
								"down": {"uv": [17, 27], "uv_size": [4, -1]}
							}
						},
						{
							"origin": [-2, 2, 4],
							"size": [4, 7, 1],
							"uv": {
								"north": {"uv": [18, 19], "uv_size": [4, 7]},
								"east": {"uv": [12, 26], "uv_size": [1, 7]},
								"south": {"uv": [0, 22], "uv_size": [4, 7]},
								"west": {"uv": [26, 12], "uv_size": [1, 7]},
								"up": {"uv": [26, 19], "uv_size": [4, 1]},
								"down": {"uv": [26, 21], "uv_size": [4, -1]}
							}
						}
					]
				},
				{
					"name": "spin",
					"pivot": [0, 2, -3],
					"cubes": [
						{
							"origin": [-0.5, 3, -3.5],
							"size": [1, 0.2, 1],
							"uv": {
								"north": {"uv": [5, 15], "uv_size": [1, 1]},
								"east": {"uv": [6, 15], "uv_size": [1, 1]},
								"south": {"uv": [7, 15], "uv_size": [1, 1]},
								"west": {"uv": [10, 16], "uv_size": [1, 1]},
								"up": {"uv": [11, 16], "uv_size": [1, 1]},
								"down": {"uv": [10, 18], "uv_size": [1, -1]}
							}
						},
						{"origin": [-1, 2, -4], "size": [2, 1, 2], "uv": [0, 12]}
					]
				},
				{
					"name": "grip",
					"pivot": [4, 8, 2.5],
					"cubes": [
						{"origin": [4, 5, 2], "size": [1, 3, 1], "pivot": [4, 8, 2.5], "rotation": [-90, 0, 0], "uv": [8, 12]},
						{
							"origin": [4.1, 8.1, -0.2],
							"size": [0.8, 0.9, 0.3],
							"pivot": [4.5, 8.5, 0],
							"rotation": [-90, 0, 0],
							"uv": {
								"north": {"uv": [11, 17], "uv_size": [1, 1]},
								"east": {"uv": [10, 18], "uv_size": [1, 1]},
								"south": {"uv": [11, 18], "uv_size": [1, 1]},
								"west": {"uv": [4, 22], "uv_size": [1, 1]},
								"up": {"uv": [21, 26], "uv_size": [1, 1]},
								"down": {"uv": [26, 22], "uv_size": [1, -1]}
							}
						}
					]
				}
			]
		}
	]
}