{
	"format_version": "1.12.0",
	"minecraft:geometry": [
		{
			"description": {
				"identifier": "geometry.unknown",
				"texture_width": 64,
				"texture_height": 32,
				"visible_bounds_width": 4,
				"visible_bounds_height": 2.5,
				"visible_bounds_offset": [0, 0.75, 0]
			},
			"bones": [
				{
					"name": "head",
					"pivot": [0, 9, -3],
					"cubes": [
						{"origin": [-5, 5, -11], "size": [10, 8, 8], "uv": [31, 4]}
					]
				},
				{
					"name": "body0",
					"pivot": [0, 9, 0],
					"cubes": [
						{"origin": [-3, 6, -3], "size": [6, 7, 6], "uv": [0, 0]}
					]
				},
				{
					"name": "leg0",
					"parent": "body0",
					"pivot": [-4, 9, 2],
					"rotation": [0, 45, -45],
					"cubes": [
						{"origin": [-19, 8, 0], "size": [16, 2, 4], "uv": [16, -2]}
					]
				},
				{
					"name": "leg1",
					"parent": "body0",
					"pivot": [4, 9, 2],
					"rotation": [0, -45, 45],
					"cubes": [
						{"origin": [3, 8, 0], "size": [16, 2, 4], "uv": [16, -2]}
					]
				},
				{
					"name": "leg2",
					"parent": "body0",
					"pivot": [-4, 9, 1],
					"rotation": [0, 15, -35],
					"cubes": [
						{"origin": [-19, 8, -1], "size": [16, 2, 4], "uv": [16, -2]}
					]
				},
				{
					"name": "leg3",
					"parent": "body0",
					"pivot": [4, 9, 1],
					"rotation": [0, -15, 35],
					"cubes": [
						{"origin": [3, 8, -1], "size": [16, 2, 4], "uv": [16, -2]}
					]
				},
				{
					"name": "leg4",
					"parent": "body0",
					"pivot": [-4, 9, 0],
					"rotation": [0, -15, -35],
					"cubes": [
						{"origin": [-19, 8, -2], "size": [16, 2, 4], "uv": [16, -2]}
					]
				},
				{
					"name": "leg5",
					"parent": "body0",
					"pivot": [4, 9, 0],
					"rotation": [0, 15, 35],
					"cubes": [
						{"origin": [3, 8, -2], "size": [16, 2, 4], "uv": [16, -2]}
					]
				},
				{
					"name": "leg6",
					"parent": "body0",
					"pivot": [-4, 9, -1],
					"rotation": [0, -45, -45],
					"cubes": [
						{"origin": [-19, 8, -2], "size": [16, 2, 3], "uv": [17, -1]}
					]
				},
				{
					"name": "leg7",
					"parent": "body0",
					"pivot": [4, 9, -1],
					"rotation": [0, 45, 45],
					"cubes": [
						{"origin": [3, 8, -2], "size": [16, 2, 3], "uv": [17, -1]}
					]
				},
				{
					"name": "body1",
					"pivot": [0, 9, 9],
					"cubes": [
						{"origin": [-5, 5, 3], "size": [10, 9, 12], "uv": [0, 12]}
					]
				}
			]
		}
	]
}