{
	"format_version": "1.12.0",
	"minecraft:geometry": [
		{
			"description": {
				"identifier": "geometry.unknown",
				"texture_width": 128,
				"texture_height": 128,
				"visible_bounds_width": 4,
				"visible_bounds_height": 3.5,
				"visible_bounds_offset": [0, 1.25, 0]
			},
			"bones": [
				{
					"name": "body",
					"pivot": [0, 8, 0],
					"cubes": [
						{"origin": [-9, 2, -9], "size": [18, 17, 18], "uv": [0, 0]},
						{"origin": [-8, 0, -8], "size": [16, 2, 16], "uv": [0, 35]},
						{"origin": [6, 17, 7], "size": [1, 5, 1], "uv": [72, 10]}
					]
				},
				{
					"name": "arms",
					"parent": "body",
					"pivot": [0, 12, 1]
				},
				{
					"name": "left",
					"parent": "arms",
					"pivot": [9, 12, 1],
					"cubes": [
						{"origin": [8, 10, -2], "size": [2, 4, 6], "uv": [64, 42]},
						{"origin": [10, 10, -2], "size": [14, 4, 6], "uv": [0, 53]}
					]
				},
				{
					"name": "right",
					"parent": "arms",
					"pivot": [-9, 12, 1],
					"cubes": [
						{"origin": [-10, 10, -2], "size": [2, 4, 6], "uv": [72, 0]},
						{"origin": [-24, 10, -2], "size": [14, 4, 6], "uv": [40, 53]}
					]
				},
				{
					"name": "head",
					"parent": "body",
					"pivot": [0, 19, -2],
					"cubes": [
						{
							"origin": [5, 19, -12],
							"size": [1, 11, 1],
							"uv": {
								"north": {"uv": [82, 52], "uv_size": [1, 11]},
								"east": {"uv": [64, 82], "uv_size": [1, 11]},
								"south": {"uv": [65, 82], "uv_size": [1, 11]},
								"west": {"uv": [66, 82], "uv_size": [1, 11]},
								"up": {"uv": [74, 52], "uv_size": [1, 1]},
								"down": {"uv": [75, 53], "uv_size": [1, -1]}
							}
						},
						{
							"origin": [-5, 19, -10],
							"size": [10, 10, 1],
							"uv": {
								"north": {"uv": [0, 76], "uv_size": [10, 10]},
								"east": {"uv": [73, 82], "uv_size": [1, 10]},
								"south": {"uv": [10, 76], "uv_size": [10, 10]},
								"west": {"uv": [74, 82], "uv_size": [1, 10]},
								"up": {"uv": [64, 52], "uv_size": [10, 1]},
								"down": {"uv": [76, 15], "uv_size": [10, -1]}
							}
						},
						{
							"origin": [-5, 29, -12],
							"size": [10, 1, 1],
							"uv": {
								"north": {"uv": [76, 15], "uv_size": [10, 1]},
								"east": {"uv": [78, 52], "uv_size": [1, 1]},
								"south": {"uv": [82, 63], "uv_size": [10, 1]},
								"west": {"uv": [79, 52], "uv_size": [1, 1]},
								"up": {"uv": [82, 64], "uv_size": [10, 1]},
								"down": {"uv": [82, 66], "uv_size": [10, -1]}
							}
						},
						{
							"origin": [-6, 19, -12],
							"size": [1, 11, 1],
							"uv": {
								"north": {"uv": [67, 82], "uv_size": [1, 11]},
								"east": {"uv": [68, 82], "uv_size": [1, 11]},
								"south": {"uv": [69, 82], "uv_size": [1, 11]},
								"west": {"uv": [70, 82], "uv_size": [1, 11]},
								"up": {"uv": [76, 52], "uv_size": [1, 1]},
								"down": {"uv": [77, 53], "uv_size": [1, -1]}
							}
						},
						{
							"origin": [5, 19, -11],
							"size": [1, 10, 10],
							"uv": {
								"north": {"uv": [80, 62], "uv_size": [1, 10]},
								"east": {"uv": [64, 72], "uv_size": [10, 10]},
								"south": {"uv": [81, 62], "uv_size": [1, 10]},
								"west": {"uv": [74, 72], "uv_size": [10, 10]},
								"up": {"uv": [71, 82], "uv_size": [1, 10]},
								"down": {"uv": [72, 92], "uv_size": [1, -10]}
							}
						},
						{
							"origin": [-5, 19, -3],
							"size": [10, 10, 2],
							"uv": {
								"north": {"uv": [40, 76], "uv_size": [10, 10]},
								"east": {"uv": [50, 76], "uv_size": [2, 10]},
								"south": {"uv": [80, 42], "uv_size": [10, 10]},
								"west": {"uv": [80, 52], "uv_size": [2, 10]},
								"up": {"uv": [76, 10], "uv_size": [10, 2]},
								"down": {"uv": [76, 14], "uv_size": [10, -2]}
							}
						},
						{
							"origin": [-6, 19, -11],
							"size": [1, 10, 10],
							"uv": {
								"north": {"uv": [75, 82], "uv_size": [1, 10]},
								"east": {"uv": [20, 76], "uv_size": [10, 10]},
								"south": {"uv": [76, 82], "uv_size": [1, 10]},
								"west": {"uv": [30, 76], "uv_size": [10, 10]},
								"up": {"uv": [77, 82], "uv_size": [1, 10]},
								"down": {"uv": [78, 92], "uv_size": [1, -10]}
							}
						},
						{
							"origin": [-6, 29, -11],
							"size": [12, 2, 11],
							"uv": {
								"north": {"uv": [72, 27], "uv_size": [12, 2]},
								"east": {"uv": [72, 31], "uv_size": [11, 2]},
								"south": {"uv": [72, 29], "uv_size": [12, 2]},
								"west": {"uv": [72, 33], "uv_size": [11, 2]},
								"up": {"uv": [72, 16], "uv_size": [12, 11]},
								"down": {"uv": [52, 83], "uv_size": [12, -11]}
							}
						},
						{"origin": [-6, 19, -13], "size": [12, 6, 1], "uv": [64, 35]},
						{"origin": [-5.9, 18, -12], "size": [11.8, 6, 3], "uv": [52, 63]},
						{"origin": [-7, 19, -16], "size": [11, 11, 2], "pivot": [-2, 21, -6], "rotation": [0, -90, 0], "uv": [0, 63]},
						{"origin": [-21, 19, -16], "size": [11, 11, 2], "pivot": [-16, 21, -6], "rotation": [0, -90, 0], "uv": [26, 63]}
					]
				}
			]
		}
	]
}