{
	"format_version": "1.12.0",
	"minecraft:geometry": [
		{
			"description": {
				"identifier": "geometry.unknown",
				"texture_width": 128,
				"texture_height": 128,
				"visible_bounds_width": 4,
				"visible_bounds_height": 2.5,
				"visible_bounds_offset": [0, 0.75, 0]
			},
			"bones": [
				{
					"name": "bone7",
					"pivot": [0, 4, 2],
					"cubes": [
						{"origin": [-8, 2, -16], "size": [16, 2, 32], "uv": [0, 0]},
						{"origin": [-8, 4, -16], "size": [16, 5, 12], "uv": [0, 34]},
						{"origin": [-8, 2, 16], "size": [16, 7, 1], "uv": [52, 51]},
						{"origin": [-7, 9, -7], "size": [14, 4, 0], "uv": [0, 67]},
						{"origin": [7, 9, -7], "size": [1, 4, 1], "uv": [24, 71]},
						{"origin": [-8, 9, -7], "size": [1, 4, 1], "uv": [72, 73]},
						{"origin": [-7, 3.5, -16.5], "size": [4, 3, 1], "uv": [52, 73]},
						{"origin": [3, 3.5, -16.5], "size": [4, 3, 1], "uv": [62, 73]},
						{"origin": [3, 3.5, 16.5], "size": [4, 2, 1], "uv": [66, 48]},
						{"origin": [-7, 3.5, 16.5], "size": [4, 2, 1], "uv": [56, 48]}
					]
				},
				{
					"name": "bone5",
					"pivot": [7, 4, -4],
					"cubes": [
						{"origin": [6, 4, -4], "size": [2, 5, 11], "uv": [0, 51]}
					]
				},
				{
					"name": "bone6",
					"pivot": [-7, 4, -4],
					"cubes": [
						{"origin": [-8, 4, -4], "size": [2, 5, 11], "uv": [26, 51]}
					]
				},
				{
					"name": "bone4",
					"pivot": [-7, 4, 7],
					"cubes": [
						{"origin": [-8, 4, 7], "size": [2, 5, 9], "uv": [52, 59]}
					]
				},
				{
					"name": "bone3",
					"pivot": [7, 4, 7],
					"cubes": [
						{"origin": [6, 4, 7], "size": [2, 5, 9], "uv": [56, 34]}
					]
				},
				{
					"name": "bone",
					"pivot": [-9, 2, -13],
					"cubes": [
						{"origin": [-10, 0, -15], "size": [2, 4, 4], "uv": [28, 67]}
					]
				},
				{
					"name": "bone8",
					"pivot": [9, 2, -13],
					"cubes": [
						{"origin": [8, 0, -15], "size": [2, 4, 4], "uv": [12, 71]}
					]
				},
				{
					"name": "bone2",
					"pivot": [0, 2, 13],
					"cubes": [
						{"origin": [8, 0, 11], "size": [2, 4, 4], "uv": [0, 71]},
						{"origin": [-10, 0, 11], "size": [2, 4, 4], "uv": [40, 67]}
					]
				}
			]
		}
	]
}