{
	"format_version": "1.12.0",
	"minecraft:geometry": [
		{
			"description": {
				"identifier": "geometry.unknown",
				"texture_width": 64,
				"texture_height": 64,
				"visible_bounds_width": 2,
				"visible_bounds_height": 2.5,
				"visible_bounds_offset": [0, 0.75, 0]
			},
			"bones": [
				{
					"name": "group2",
					"pivot": [0, 0, -6],
					"cubes": [
						{
							"origin": [-3, 0.25, -8],
							"size": [7, 5, 1],
							"uv": {
								"north": {"uv": [30, 44], "uv_size": [7, 5]},
								"east": {"uv": [30, 51], "uv_size": [1, 5]},
								"south": {"uv": [46, 40], "uv_size": [7, 5]},
								"west": {"uv": [31, 51], "uv_size": [1, 5]},
								"up": {"uv": [50, 48], "uv_size": [7, 1]},
								"down": {"uv": [50, 50], "uv_size": [7, -1]}
							}
						},
						{
							"origin": [3, 0.25, -7],
							"size": [1, 5, 14],
							"uv": {
								"north": {"uv": [28, 51], "uv_size": [1, 5]},
								"east": {"uv": [40, 20], "uv_size": [14, 5]},
								"south": {"uv": [29, 51], "uv_size": [1, 5]},
								"west": {"uv": [40, 25], "uv_size": [14, 5]},
								"up": {"uv": [8, 48], "uv_size": [1, 14]},
								"down": {"uv": [9, 62], "uv_size": [1, -14]}
							}
						},
						{
							"origin": [-4, 0.25, -8],
							"size": [1, 5, 15],
							"uv": {
								"north": {"uv": [26, 51], "uv_size": [1, 5]},
								"east": {"uv": [40, 10], "uv_size": [15, 5]},
								"south": {"uv": [27, 51], "uv_size": [1, 5]},
								"west": {"uv": [40, 15], "uv_size": [15, 5]},
								"up": {"uv": [37, 44], "uv_size": [1, 15]},
								"down": {"uv": [20, 62], "uv_size": [1, -15]}
							}
						},
						{
							"origin": [-3, 0.2, -7],
							"size": [6, 0, 14],
							"uv": {
								"north": {"uv": [0, 0], "uv_size": [6, 0]},
								"east": {"uv": [0, 0], "uv_size": [14, 0]},
								"south": {"uv": [0, 0], "uv_size": [6, 0]},
								"west": {"uv": [0, 0], "uv_size": [14, 0]},
								"up": {"uv": [32, 30], "uv_size": [6, 14]},
								"down": {"uv": [16, 47], "uv_size": [6, -14]}
							}
						}
					]
				},
				{
					"name": "bone",
					"pivot": [0, 0, -3],
					"cubes": [
						{
							"origin": [-4, 7.2, -7],
							"size": [8, 7, 0.5],
							"uv": {
								"north": {"uv": [56, 0], "uv_size": [8, 7.12963]},
								"east": {"uv": [60, 6.83333], "uv_size": [4, 7.12963]},
								"south": {"uv": [56, 0], "uv_size": [8, 7.12963]},
								"west": {"uv": [56, 6.83333], "uv_size": [4, 7.12963]},
								"up": {"uv": [56, 13], "uv_size": [8, 4]},
								"down": {"uv": [56, 23], "uv_size": [8, -4]}
							}
						}
					]
				},
				{
					"name": "group3",
					"pivot": [0, 0, 0],
					"cubes": [
						{
							"origin": [4, 5.2, -8],
							"size": [4, 10.8, 16],
							"uv": {
								"north": {"uv": [28, 0], "uv_size": [4, 11]},
								"east": {"uv": [16, 11], "uv_size": [16, 11]},
								"south": {"uv": [16, 22], "uv_size": [4, 11]},
								"west": {"uv": [0, 32], "uv_size": [16, 11]},
								"up": {"uv": [12, 0], "uv_size": [4, 16]},
								"down": {"uv": [12, 32], "uv_size": [4, -16]}
							}
						},
						{
							"origin": [-4, 5.2, -8],
							"size": [8, 2, 4],
							"uv": {
								"north": {"uv": [20, 8.96296], "uv_size": [8, 2.03704]},
								"east": {"uv": [28, 19.96296], "uv_size": [4, 2.03704]},
								"south": {"uv": [20, 30.96296], "uv_size": [8, 2.03704]},
								"west": {"uv": [0, 40.96296], "uv_size": [4, 2.03704]},
								"up": {"uv": [4, 12], "uv_size": [8, 4]},
								"down": {"uv": [4, 32], "uv_size": [8, -4]}
							}
						},
						{
							"origin": [-4, 14.2, -8],
							"size": [8, 1.8, 4],
							"uv": {
								"north": {"uv": [20, 0], "uv_size": [8, 1.83333]},
								"east": {"uv": [28, 11], "uv_size": [4, 1.83333]},
								"south": {"uv": [20, 22], "uv_size": [8, 1.83333]},
								"west": {"uv": [0, 32], "uv_size": [4, 1.83333]},
								"up": {"uv": [4, 12], "uv_size": [8, 4]},
								"down": {"uv": [4, 32], "uv_size": [8, -4]}
							}
						},
						{
							"origin": [-4, 5.2, 7],
							"size": [8, 10, 1],
							"uv": {
								"north": {"uv": [20, 0.81481], "uv_size": [8, 10.18519]},
								"east": {"uv": [16, 11.81481], "uv_size": [1, 10.18519]},
								"south": {"uv": [20, 22.81481], "uv_size": [8, 10.18519]},
								"west": {"uv": [15, 32.81481], "uv_size": [1, 10.18519]},
								"up": {"uv": [4, 0], "uv_size": [8, 1]},
								"down": {"uv": [4, 17], "uv_size": [8, -1]}
							}
						},
						{
							"origin": [-4, 15.2, -4],
							"size": [8, 0.8, 12],
							"uv": {
								"north": {"uv": [20, 0], "uv_size": [8, 0.81481]},
								"east": {"uv": [16, 11], "uv_size": [12, 0.81481]},
								"south": {"uv": [20, 22], "uv_size": [8, 0.81481]},
								"west": {"uv": [4, 32], "uv_size": [12, 0.81481]},
								"up": {"uv": [4, 0], "uv_size": [8, 12]},
								"down": {"uv": [4, 28], "uv_size": [8, -12]}
							}
						},
						{
							"origin": [-8, 5.2, -8],
							"size": [4, 10.8, 16],
							"uv": {
								"north": {"uv": [16, 0], "uv_size": [4, 11]},
								"east": {"uv": [16, 11], "uv_size": [16, 11]},
								"south": {"uv": [28, 22], "uv_size": [4, 11]},
								"west": {"uv": [0, 32], "uv_size": [16, 11]},
								"up": {"uv": [0, 0], "uv_size": [4, 16]},
								"down": {"uv": [0, 32], "uv_size": [4, -16]}
							}
						},
						{
							"origin": [4, 0, -8],
							"size": [4, 5.2, 16],
							"uv": {
								"north": {"uv": [46, 45], "uv_size": [4, 5]},
								"east": {"uv": [38, 30], "uv_size": [16, 5]},
								"south": {"uv": [16, 47], "uv_size": [4, 5]},
								"west": {"uv": [38, 35], "uv_size": [16, 5]},
								"up": {"uv": [22, 33], "uv_size": [4, 16]},
								"down": {"uv": [26, 49], "uv_size": [4, -16]}
							}
						},
						{
							"origin": [-8, 0, -8],
							"size": [4, 5.2, 16],
							"uv": {
								"north": {"uv": [0, 48], "uv_size": [4, 5]},
								"east": {"uv": [40, 0], "uv_size": [16, 5]},
								"south": {"uv": [4, 48], "uv_size": [4, 5]},
								"west": {"uv": [40, 5], "uv_size": [16, 5]},
								"up": {"uv": [38, 40], "uv_size": [4, 16]},
								"down": {"uv": [42, 56], "uv_size": [4, -16]}
							}
						},
						{
							"origin": [-4, 0, 7],
							"size": [8, 5.2, 1],
							"uv": {
								"north": {"uv": [0, 43], "uv_size": [8, 5]},
								"east": {"uv": [36, 49], "uv_size": [1, 5]},
								"south": {"uv": [8, 43], "uv_size": [8, 5]},
								"west": {"uv": [25, 51], "uv_size": [1, 5]},
								"up": {"uv": [50, 45], "uv_size": [8, 1]},
								"down": {"uv": [46, 51], "uv_size": [8, -1]}
							}
						},
						{
							"origin": [-4, 0, -8],
							"size": [8, 0.1, 0],
							"uv": {
								"north": {"uv": [50, 46], "uv_size": [8, 1]},
								"east": {"uv": [36, 49], "uv_size": [0, 1]},
								"south": {"uv": [50, 47], "uv_size": [8, 1]},
								"west": {"uv": [21, 50], "uv_size": [0, 1]},
								"up": {"uv": [32, 15], "uv_size": [8, 0]},
								"down": {"uv": [32, 30], "uv_size": [8, 0]}
							}
						},
						{
							"origin": [-4, 0, -8],
							"size": [8, 0.1, 15],
							"uv": {
								"north": {"uv": [50, 46], "uv_size": [8, 1]},
								"east": {"uv": [21, 49], "uv_size": [15, 1]},
								"south": {"uv": [50, 47], "uv_size": [8, 1]},
								"west": {"uv": [21, 50], "uv_size": [15, 1]},
								"up": {"uv": [32, 0], "uv_size": [8, 15]},
								"down": {"uv": [32, 30], "uv_size": [8, -15]}
							}
						}
					]
				},
				{
					"name": "group",
					"pivot": [-4, 16, 4],
					"cubes": [
						{
							"origin": [-6, 15, 3],
							"size": [3, 4, 1],
							"uv": {
								"north": {"uv": [10, 48], "uv_size": [3, 4]},
								"east": {"uv": [32, 51], "uv_size": [1, 4]},
								"south": {"uv": [13, 48], "uv_size": [3, 4]},
								"west": {"uv": [33, 51], "uv_size": [1, 4]},
								"up": {"uv": [10, 52], "uv_size": [3, 1]},
								"down": {"uv": [13, 53], "uv_size": [3, -1]}
							}
						},
						{
							"origin": [-4, 15, 4],
							"size": [1, 4, 1],
							"uv": {
								"north": {"uv": [34, 51], "uv_size": [1, 4]},
								"east": {"uv": [35, 51], "uv_size": [1, 4]},
								"south": {"uv": [46, 51], "uv_size": [1, 4]},
								"west": {"uv": [47, 51], "uv_size": [1, 4]},
								"up": {"uv": [21, 47], "uv_size": [1, 1]},
								"down": {"uv": [21, 49], "uv_size": [1, -1]}
							}
						},
						{
							"origin": [-5, 15, 5],
							"size": [2, 4, 1],
							"uv": {
								"north": {"uv": [21, 51], "uv_size": [2, 4]},
								"east": {"uv": [50, 51], "uv_size": [1, 4]},
								"south": {"uv": [23, 51], "uv_size": [2, 4]},
								"west": {"uv": [51, 51], "uv_size": [1, 4]},
								"up": {"uv": [30, 43], "uv_size": [2, 1]},
								"down": {"uv": [16, 53], "uv_size": [2, -1]}
							}
						},
						{
							"origin": [-6, 15, 4],
							"size": [1, 4, 2],
							"uv": {
								"north": {"uv": [48, 51], "uv_size": [1, 4]},
								"east": {"uv": [30, 33], "uv_size": [2, 4]},
								"south": {"uv": [49, 51], "uv_size": [1, 4]},
								"west": {"uv": [30, 37], "uv_size": [2, 4]},
								"up": {"uv": [30, 41], "uv_size": [1, 2]},
								"down": {"uv": [31, 43], "uv_size": [1, -2]}
							}
						}
					]
				}
			]
		}
	]
}