{
	"format_version": "1.12.0",
	"minecraft:geometry": [
		{
			"description": {
				"identifier": "geometry.unknown",
				"texture_width": 32,
				"texture_height": 32,
				"visible_bounds_width": 2,
				"visible_bounds_height": 2.5,
				"visible_bounds_offset": [0, 0.75, 0]
			},
			"bones": [
				{
					"name": "bone",
					"pivot": [0, 0, 0],
					"cubes": [
						{"origin": [-1, 0, -1], "size": [2, 5, 2], "uv": [0, 0]},
						{"origin": [0, 5, -1], "size": [2, 1, 2], "uv": [8, 0]},
						{"origin": [-2, 5, -1], "size": [2, 1, 2], "uv": [8, 3]},
						{"origin": [-3, 6, -1], "size": [1.5, 4, 2], "uv": [0, 7]},
						{"origin": [1.5, 6, -1], "size": [1.5, 4, 2], "uv": [6, 7]}
					]
				},
				{
					"name": "bone2",
					"pivot": [0, 7, 1.5],
					"cubes": [
						{"origin": [1, 7, 1], "size": [1, 1, 1], "uv": [12, 8]},
						{"origin": [-2, 7, 1], "size": [1, 1, 1], "uv": [12, 11]}
					]
				},
				{
					"name": "bone3",
					"pivot": [0, 6, 2.5],
					"cubes": [
						{"origin": [-1, 6, 2], "size": [2, 1, 1], "uv": [12, 6]}
					]
				},
				{
					"name": "bone4",
					"pivot": [0, 0, 0],
					"cubes": [
						{"origin": [-2, 8, 1], "size": [1, 1, 1], "uv": [12, 9]},
						{"origin": [1, 8, 1], "size": [1, 1, 1], "uv": [12, 6]}
					]
				}
			]
		}
	]
}