{
	"format_version": "1.12.0",
	"minecraft:geometry": [
		{
			"description": {
				"identifier": "geometry.unknown",
				"texture_width": 64,
				"texture_height": 64,
				"visible_bounds_width": 2,
				"visible_bounds_height": 2.5,
				"visible_bounds_offset": [0, 0.75, 0]
			},
			"bones": [
				{
					"name": "bone",
					"pivot": [0, 0, 0],
					"cubes": [
						{"origin": [6, 0, -7], "size": [1, 15, 14], "uv": [3, 2]},
						{"origin": [3, 0, -6], "size": [3, 11, 13], "uv": [5, 4]},
						{"origin": [-6, 0, -6], "size": [3, 11, 13], "uv": [5, 4]},
						{"origin": [-6, 11, -6], "size": [12, 4, 13], "uv": [5, 4]},
						{"origin": [-7, 0, -7], "size": [1, 15, 14], "uv": [3, 2], "mirror": true},
						{"origin": [-5, 8, -7], "size": [1, 4, 1], "uv": [22, 20]},
						{"origin": [-4, 11, -7], "size": [1, 1, 1], "uv": [21, 20]},
						{"origin": [-3, 12, -7], "size": [6, 1, 1], "uv": [0, 14]},
						{"origin": [3, 11, -7], "size": [1, 1, 1], "uv": [22, 20]},
						{"origin": [4, 8, -7], "size": [1, 4, 1], "uv": [21, 19]}
					]
				},
				{
					"name": "bone5",
					"parent": "bone",
					"pivot": [0, 0, 0],
					"cubes": [
						{"origin": [-3, 0, -6], "size": [6, 11, 13], "uv": [5, 4]}
					]
				},
				{
					"name": "bone3",
					"parent": "bone",
					"pivot": [4, 0, -7],
					"cubes": [
						{"origin": [3, 3, -7], "size": [1, 5, 1], "uv": [2, 1]},
						{"origin": [4, 0, -7], "size": [1, 4, 1], "uv": [2, 1]}
					]
				},
				{
					"name": "bone4",
					"parent": "bone",
					"pivot": [-5, 0, -7],
					"cubes": [
						{"origin": [-4, 3, -7], "size": [1, 5, 1], "uv": [2, 1]},
						{"origin": [-5, 0, -7], "size": [1, 4, 1], "uv": [2, 1]}
					]
				},
				{
					"name": "bone2",
					"pivot": [0, 0, 0],
					"cubes": [
						{"origin": [7, 0, -8], "size": [1, 16, 16], "uv": [30, 0]},
						{"origin": [-7, 0, 7], "size": [14, 16, 1], "uv": [32, 15]},
						{"origin": [-8, 0, -8], "size": [1, 16, 16], "uv": [30, 0], "mirror": true}
					]
				}
			]
		}
	]
}