{
	"format_version": "1.12.0",
	"minecraft:geometry": [
		{
			"description": {
				"identifier": "geometry.unknown",
				"texture_width": 64,
				"texture_height": 64,
				"visible_bounds_width": 2,
				"visible_bounds_height": 1.5,
				"visible_bounds_offset": [0, 0.25, 0]
			},
			"bones": [
				{
					"name": "bone",
					"pivot": [0, 0, 0],
					"cubes": [
						{"origin": [-1, 0, -6], "size": [2, 2, 12], "uv": [0, 0]},
						{"origin": [1, 0, -1], "size": [7, 2, 2], "uv": [0, 22]},
						{"origin": [-8, 0, -1], "size": [7, 2, 2], "uv": [18, 22]},
						{"origin": [-8, 0, -8], "size": [16, 2, 2], "uv": [0, 14]},
						{"origin": [-8, 0, 6], "size": [16, 2, 2], "uv": [0, 18]}
					]
				}
			]
		}
	]
}