{
  "display": {
    "background": "additions:textures/screens/bamboo_block.png",
    "icon": {
      "item": "additions:rice_ball"
    },
    "title": {
      "translate": "advancements.asian.title"
    },
    "description": {
      "translate": "advancements.asian.descr"
    },
    "frame": "challenge",
    "show_toast": true,
    "announce_to_chat": true,
    "hidden": false
  },
  "criteria": {
    "asian_0": {
      "trigger": "minecraft:inventory_changed",
      "conditions": {
        "items": [
          {
            "items": [
              "additions:rice_ball"
            ],
            "count": {
              "min": 0,
              "max": 27
            }
          }
        ]
      }
    }
  },
  "rewards": {
    "experience": 0,
    "recipes": [
      "additions:bowlrice_recipe",
      "additions:cooked_rice_recipe"
    ]
  }
}