{
  "display": {
    "icon": {
      "item": "additions:patt"
    },
    "title": {
      "translate": "advancements.bake_flour_in_oven.title"
    },
    "description": {
      "translate": "advancements.bake_flour_in_oven.descr"
    },
    "frame": "task",
    "show_toast": true,
    "announce_to_chat": false,
    "hidden": false
  },
  "criteria": {
    "bake_flour_in_oven_0": {
      "trigger": "minecraft:inventory_changed",
      "conditions": {
        "items": [
          {
            "items": [
              "additions:patt"
            ],
            "count": {
              "min": 0,
              "max": 27
            }
          }
        ]
      }
    }
  },
  "rewards": {
    "experience": 0,
    "recipes": [
      "additions:slice_patt_to_half_patt",
      "additions:two_buns",
      "additions:one_bun"
    ]
  },
  "parent": "additions:flouring"
}