{
  "display": {
    "icon": {
      "item": "additions:cheese"
    },
    "title": {
      "translate": "advancements.cheese_ad.title"
    },
    "description": {
      "translate": "advancements.cheese_ad.descr"
    },
    "frame": "task",
    "show_toast": true,
    "announce_to_chat": true,
    "hidden": false
  },
  "criteria": {
    "cheese_ad_0": {
      "trigger": "minecraft:inventory_changed",
      "conditions": {
        "items": [
          {
            "items": [
              "additions:cheese"
            ],
            "count": {
              "min": 0,
              "max": 27
            }
          }
        ]
      }
    }
  },
  "rewards": {
    "experience": 0,
    "recipes": [
      "additions:cheese_slice_recipe",
      "additions:cheese_pizza_recipe",
      "additions:cooked_cheese_pizza_recipe",
      "additions:cheese_pizza_recipe_2"
    ]
  },
  "parent": "additions:lets_make_cheese"
}