{
  "display": {
    "icon": {
      "item": "additions:coaled_pizza"
    },
    "title": {
      "translate": "advancements.coaled_pizza_ad.title"
    },
    "description": {
      "translate": "advancements.coaled_pizza_ad.descr"
    },
    "frame": "challenge",
    "show_toast": true,
    "announce_to_chat": true,
    "hidden": true
  },
  "criteria": {
    "coaled_pizza_ad_0": {
      "trigger": "minecraft:inventory_changed",
      "conditions": {
        "items": [
          {
            "items": [
              "additions:coaled_pizza"
            ],
            "count": {
              "min": 0,
              "max": 27
            }
          }
        ]
      }
    }
  },
  "parent": "additions:missed_pizza"
}