{
  "display": {
    "icon": {
      "item": "additions:cod_roll"
    },
    "title": {
      "translate": "advancements.cod_master.title"
    },
    "description": {
      "translate": "advancements.cod_master.descr"
    },
    "frame": "goal",
    "show_toast": true,
    "announce_to_chat": true,
    "hidden": false
  },
  "criteria": {
    "cod_master_0": {
      "trigger": "minecraft:inventory_changed",
      "conditions": {
        "items": [
          {
            "items": [
              "additions:cod_roll"
            ],
            "count": {
              "min": 0,
              "max": 27
            }
          }
        ]
      }
    }
  },
  "parent": "additions:raw_cod_slice"
}