{
  "display": {
    "icon": {
      "item": "additions:cooked_inner_salmon"
    },
    "title": {
      "translate": "advancements.cooked_salmon.title"
    },
    "description": {
      "translate": "advancements.cooked_salmon.descr"
    },
    "frame": "task",
    "show_toast": true,
    "announce_to_chat": false,
    "hidden": false
  },
  "criteria": {
    "cooked_salmon_0": {
      "trigger": "minecraft:consume_item",
      "conditions": {
        "item": {
          "items": [
            "additions:cooked_inner_salmon"
          ]
        }
      }
    }
  },
  "rewards": {
    "experience": 0,
    "recipes": [
      "additions:ramen_recipe"
    ]
  },
  "parent": "additions:salmon_cook"
}