{
  "display": {
    "icon": {
      "item": "additions:cooked_inner_cod"
    },
    "title": {
      "translate": "advancements.cooked_cod.title"
    },
    "description": {
      "translate": "advancements.cooked_cod.descr"
    },
    "frame": "task",
    "show_toast": true,
    "announce_to_chat": false,
    "hidden": false
  },
  "criteria": {
    "cooked_cod_0": {
      "trigger": "minecraft:consume_item",
      "conditions": {
        "item": {
          "items": [
            "additions:cooked_inner_cod"
          ]
        }
      }
    }
  },
  "parent": "additions:cod_cooking"
}