{
  "display": {
    "icon": {
      "item": "additions:tropical_fish_slice"
    },
    "title": {
      "translate": "advancements.cooked_tropical_fish_slice.title"
    },
    "description": {
      "translate": "advancements.cooked_tropical_fish_slice.descr"
    },
    "frame": "task",
    "show_toast": true,
    "announce_to_chat": false,
    "hidden": false
  },
  "criteria": {
    "cooked_tropical_fish_slice_0": {
      "trigger": "minecraft:consume_item",
      "conditions": {
        "item": {
          "items": [
            "additions:tropical_fish_slice"
          ]
        }
      }
    }
  },
  "parent": "additions:raw_tropical_slice"
}