{
  "display": {
    "icon": {
      "item": "minecraft:tnt"
    },
    "title": {
      "translate": "advancements.exposionsives.title"
    },
    "description": {
      "translate": "advancements.exposionsives.descr"
    },
    "frame": "task",
    "show_toast": true,
    "announce_to_chat": true,
    "hidden": true
  },
  "criteria": {
    "exposionsives_0": {
      "trigger": "minecraft:inventory_changed",
      "conditions": {
        "items": [
          {
            "items": [
              "minecraft:gunpowder"
            ],
            "count": {
              "min": 0,
              "max": 27
            }
          }
        ]
      }
    }
  },
  "rewards": {
    "experience": 0,
    "recipes": [
      "minecraft:tnt"
    ]
  },
  "parent": "additions:gunpowder"
}