{
  "display": {
    "background": "additions:textures/screens/hay_block_side.png",
    "icon": {
      "item": "additions:cooked_cheese_pizza"
    },
    "title": {
      "translate": "advancements.first_pizza.title"
    },
    "description": {
      "translate": "advancements.first_pizza.descr"
    },
    "frame": "task",
    "show_toast": true,
    "announce_to_chat": true,
    "hidden": false
  },
  "criteria": {
    "first_pizza_0": {
      "trigger": "minecraft:inventory_changed",
      "conditions": {
        "items": [
          {
            "items": [
              "additions:flour_light"
            ],
            "count": {
              "min": 0,
              "max": 27
            }
          }
        ]
      }
    }
  }
}