{
  "display": {
    "icon": {
      "item": "additions:open_flour"
    },
    "title": {
      "translate": "advancements.flouring.title"
    },
    "description": {
      "translate": "advancements.flouring.descr"
    },
    "frame": "task",
    "show_toast": true,
    "announce_to_chat": true,
    "hidden": false
  },
  "criteria": {
    "flouring_0": {
      "trigger": "minecraft:inventory_changed",
      "conditions": {
        "items": [
          {
            "items": [
              "additions:flour_light"
            ],
            "count": {
              "min": 0,
              "max": 27
            }
          }
        ]
      }
    },
    "flouring_1": {
      "trigger": "minecraft:inventory_changed",
      "conditions": {
        "items": [
          {
            "items": [
              "additions:flour"
            ],
            "count": {
              "min": 0,
              "max": 27
            }
          }
        ]
      }
    },
    "flouring_2": {
      "trigger": "minecraft:inventory_changed",
      "conditions": {
        "items": [
          {
            "items": [
              "additions:open_flour"
            ],
            "count": {
              "min": 0,
              "max": 27
            }
          }
        ]
      }
    },
    "flouring_3": {
      "trigger": "minecraft:inventory_changed",
      "conditions": {
        "items": [
          {
            "items": [
              "additions:flourin_cup"
            ],
            "count": {
              "min": 0,
              "max": 27
            }
          }
        ]
      }
    },
    "flouring_4": {
      "trigger": "minecraft:inventory_changed",
      "conditions": {
        "items": [
          {
            "items": [
              "additions:block_of_flour"
            ],
            "count": {
              "min": 0,
              "max": 27
            }
          }
        ]
      }
    }
  },
  "rewards": {
    "experience": 0,
    "recipes": [
      "additions:bread_recipe",
      "additions:bread_recipe_campfire"
    ]
  },
  "parent": "additions:floured"
}