{
  "display": {
    "background": "additions:textures/screens/block_of_flour.png",
    "icon": {
      "item": "additions:flour_light"
    },
    "title": {
      "translate": "advancements.floured.title"
    },
    "description": {
      "translate": "advancements.floured.descr"
    },
    "frame": "task",
    "show_toast": true,
    "announce_to_chat": true,
    "hidden": false
  },
  "criteria": {
    "floured_0": {
      "trigger": "minecraft:inventory_changed",
      "conditions": {
        "items": [
          {
            "items": [
              "additions:flour_light"
            ],
            "count": {
              "min": 0,
              "max": 27
            }
          }
        ]
      }
    }
  },
  "rewards": {
    "experience": 0,
    "recipes": [
      "additions:bowl_flour",
      "additions:flour_package_recipe",
      "additions:flour_package",
      "additions:flour_sticker_recipe",
      "additions:flour_recipe",
      "additions:wheat_bread_recipe_flour",
      "additions:flour_light_recipe",
      "additions:flour_in_package_recipe",
      "additions:lightflourbowlrecipe",
      "additions:flourblock_to_item",
      "additions:flour_to_block",
      "additions:block_to_flour",
      "additions:rolled_out_package_recipe",
      "additions:roll_recipe",
      "additions:rolledout_dough_recipe",
      "additions:empty_package_recipe"
    ]
  }
}