{
  "display": {
    "icon": {
      "item": "minecraft:charcoal"
    },
    "title": {
      "translate": "advancements.get_charcoal.title"
    },
    "description": {
      "translate": "advancements.get_charcoal.descr"
    },
    "frame": "task",
    "show_toast": true,
    "announce_to_chat": false,
    "hidden": false
  },
  "criteria": {
    "get_charcoal_0": {
      "trigger": "minecraft:inventory_changed",
      "conditions": {
        "items": [
          {
            "items": [
              "minecraft:charcoal"
            ],
            "count": {
              "min": 0,
              "max": 27
            }
          }
        ]
      }
    }
  },
  "parent": "additions:gunpowder"
}