{
  "display": {
    "icon": {
      "item": "minecraft:gunpowder"
    },
    "title": {
      "translate": "advancements.gunpowder.title"
    },
    "description": {
      "translate": "advancements.gunpowder.descr"
    },
    "frame": "goal",
    "show_toast": true,
    "announce_to_chat": true,
    "hidden": false
  },
  "criteria": {
    "gunpowder_0": {
      "trigger": "minecraft:inventory_changed",
      "conditions": {
        "items": [
          {
            "items": [
              "additions:ash"
            ],
            "count": {
              "min": 0,
              "max": 27
            }
          }
        ]
      }
    },
    "gunpowder_1": {
      "trigger": "minecraft:inventory_changed",
      "conditions": {
        "items": [
          {
            "items": [
              "minecraft:charcoal"
            ],
            "count": {
              "min": 0,
              "max": 27
            }
          }
        ]
      }
    },
    "gunpowder_2": {
      "trigger": "minecraft:inventory_changed",
      "conditions": {
        "items": [
          {
            "items": [
              "additions:soapslice"
            ],
            "count": {
              "min": 0,
              "max": 27
            }
          }
        ]
      }
    }
  },
  "rewards": {
    "experience": 0,
    "recipes": [
      "additions:soap_slice_recipe",
      "additions:ash_recipe_01"
    ]
  },
  "parent": "additions:ash_ad"
}