{
  "display": {
    "icon": {
      "item": "additions:iron_knife"
    },
    "title": {
      "translate": "advancements.knives.title"
    },
    "description": {
      "translate": "advancements.knives.descr"
    },
    "frame": "task",
    "show_toast": true,
    "announce_to_chat": true,
    "hidden": false
  },
  "criteria": {
    "knives_0": {
      "trigger": "minecraft:inventory_changed",
      "conditions": {
        "items": [
          {
            "items": [
              "additions:stone_knife"
            ],
            "count": {
              "min": 0,
              "max": 27
            }
          }
        ]
      }
    },
    "knives_1": {
      "trigger": "minecraft:inventory_changed",
      "conditions": {
        "items": [
          {
            "items": [
              "additions:iron_knife"
            ],
            "count": {
              "min": 0,
              "max": 27
            }
          }
        ]
      }
    },
    "knives_2": {
      "trigger": "minecraft:inventory_changed",
      "conditions": {
        "items": [
          {
            "items": [
              "additions:flint_knife"
            ],
            "count": {
              "min": 0,
              "max": 27
            }
          }
        ]
      }
    }
  },
  "parent": "additions:first_pizza"
}