{
  "display": {
    "icon": {
      "item": "minecraft:milk_bucket"
    },
    "title": {
      "translate": "advancements.lets_make_cheese.title"
    },
    "description": {
      "translate": "advancements.lets_make_cheese.descr"
    },
    "frame": "task",
    "show_toast": true,
    "announce_to_chat": false,
    "hidden": false
  },
  "criteria": {
    "lets_make_cheese_0": {
      "trigger": "minecraft:inventory_changed",
      "conditions": {
        "items": [
          {
            "items": [
              "minecraft:milk_bucket"
            ],
            "count": {
              "min": 0,
              "max": 27
            }
          }
        ]
      }
    }
  },
  "rewards": {
    "experience": 0,
    "recipes": [
      "additions:cheese_recipe",
      "additions:cheese_slice_recipe"
    ]
  },
  "parent": "additions:first_pizza"
}