{
  "display": {
    "icon": {
      "item": "additions:pizza_cheese"
    },
    "title": {
      "translate": "advancements.make_cheese_pizza.title"
    },
    "description": {
      "translate": "advancements.make_cheese_pizza.descr"
    },
    "frame": "goal",
    "show_toast": true,
    "announce_to_chat": true,
    "hidden": false
  },
  "criteria": {
    "make_cheese_pizza_0": {
      "trigger": "minecraft:inventory_changed",
      "conditions": {
        "items": [
          {
            "items": [
              "additions:pizza_cheese"
            ],
            "count": {
              "min": 0,
              "max": 27
            }
          }
        ]
      }
    },
    "make_cheese_pizza_1": {
      "trigger": "minecraft:inventory_changed",
      "conditions": {
        "items": [
          {
            "items": [
              "additions:pizza"
            ],
            "count": {
              "min": 0,
              "max": 27
            }
          }
        ]
      }
    }
  },
  "rewards": {
    "experience": 0,
    "recipes": [
      "additions:cooked_cheese_pizza_recipe"
    ]
  },
  "parent": "additions:pizza_dough"
}