{
  "display": {
    "icon": {
      "item": "additions:burned_pizza"
    },
    "title": {
      "translate": "advancements.missed_pizza.title"
    },
    "description": {
      "translate": "advancements.missed_pizza.descr"
    },
    "frame": "task",
    "show_toast": true,
    "announce_to_chat": true,
    "hidden": true
  },
  "criteria": {
    "missed_pizza_0": {
      "trigger": "minecraft:inventory_changed",
      "conditions": {
        "items": [
          {
            "items": [
              "additions:burned_pizza"
            ],
            "count": {
              "min": 0,
              "max": 27
            }
          }
        ]
      }
    }
  },
  "parent": "additions:pizza_dough"
}