{
  "display": {
    "icon": {
      "item": "additions:pizza"
    },
    "title": {
      "translate": "advancements.pizza_dough.title"
    },
    "description": {
      "translate": "advancements.pizza_dough.descr"
    },
    "frame": "task",
    "show_toast": true,
    "announce_to_chat": false,
    "hidden": false
  },
  "criteria": {
    "pizza_dough_0": {
      "trigger": "minecraft:inventory_changed",
      "conditions": {
        "items": [
          {
            "items": [
              "additions:pizza"
            ],
            "count": {
              "min": 0,
              "max": 27
            }
          }
        ]
      }
    }
  },
  "rewards": {
    "experience": 0,
    "recipes": [
      "additions:cheese_pizza_recipe",
      "additions:peperoni_pizza_recipe",
      "additions:cheese_pizza_recipe_2"
    ]
  },
  "parent": "additions:roll_it"
}