{
  "display": {
    "icon": {
      "item": "additions:ramen"
    },
    "title": {
      "translate": "advancements.ramen_ad.title"
    },
    "description": {
      "translate": "advancements.ramen_ad.descr"
    },
    "frame": "task",
    "show_toast": true,
    "announce_to_chat": false,
    "hidden": false
  },
  "criteria": {
    "ramen_ad_0": {
      "trigger": "minecraft:inventory_changed",
      "conditions": {
        "items": [
          {
            "items": [
              "minecraft:bowl"
            ],
            "count": {
              "min": 0,
              "max": 27
            }
          }
        ]
      }
    },
    "ramen_ad_1": {
      "trigger": "minecraft:inventory_changed",
      "conditions": {
        "items": [
          {
            "items": [
              "additions:cooked_inner_salmon"
            ],
            "count": {
              "min": 0,
              "max": 27
            }
          }
        ]
      }
    },
    "ramen_ad_2": {
      "trigger": "minecraft:inventory_changed",
      "conditions": {
        "items": [
          {
            "items": [
              "minecraft:beetroot"
            ],
            "count": {
              "min": 0,
              "max": 27
            }
          }
        ]
      }
    }
  },
  "parent": "additions:cooked_salmon"
}