{
  "display": {
    "icon": {
      "item": "additions:tropic_fish_slice"
    },
    "title": {
      "translate": "advancements.raw_tropical_slice.title"
    },
    "description": {
      "translate": "advancements.raw_tropical_slice.descr"
    },
    "frame": "task",
    "show_toast": true,
    "announce_to_chat": false,
    "hidden": true
  },
  "criteria": {
    "raw_tropical_slice_0": {
      "trigger": "minecraft:inventory_changed",
      "conditions": {
        "items": [
          {
            "items": [
              "additions:tropic_fish_slice"
            ],
            "count": {
              "min": 0,
              "max": 27
            }
          }
        ]
      }
    }
  },
  "rewards": {
    "experience": 0,
    "recipes": [
      "additions:raw_salmon_cook"
    ]
  },
  "parent": "additions:tropical_skin_ad"
}