{
  "display": {
    "icon": {
      "item": "additions:roll"
    },
    "title": {
      "translate": "advancements.roll_it.title"
    },
    "description": {
      "translate": "advancements.roll_it.descr"
    },
    "frame": "task",
    "show_toast": true,
    "announce_to_chat": false,
    "hidden": false
  },
  "criteria": {
    "roll_it_0": {
      "trigger": "minecraft:inventory_changed",
      "conditions": {
        "items": [
          {
            "items": [
              "additions:rolledout_dough"
            ],
            "count": {
              "min": 0,
              "max": 27
            }
          }
        ]
      }
    }
  },
  "rewards": {
    "experience": 0,
    "recipes": [
      "additions:cheese_pizza_recipe",
      "additions:peperoni_pizza_recipe",
      "additions:burned_pizza_recipe",
      "additions:coaled_pizza_recipe",
      "additions:ketchup_bottle"
    ]
  },
  "parent": "additions:start_with_dough"
}