{
  "display": {
    "icon": {
      "item": "additions:dough"
    },
    "title": {
      "translate": "advancements.start_with_dough.title"
    },
    "description": {
      "translate": "advancements.start_with_dough.descr"
    },
    "frame": "task",
    "show_toast": true,
    "announce_to_chat": false,
    "hidden": false
  },
  "criteria": {
    "start_with_dough_0": {
      "trigger": "minecraft:inventory_changed",
      "conditions": {
        "items": [
          {
            "items": [
              "additions:dough"
            ],
            "count": {
              "min": 0,
              "max": 27
            }
          }
        ]
      }
    }
  },
  "parent": "additions:first_pizza"
}