{
  "display": {
    "icon": {
      "item": "additions:sushi_ring"
    },
    "title": {
      "translate": "advancements.sushi_master.title"
    },
    "description": {
      "translate": "advancements.sushi_master.descr"
    },
    "frame": "challenge",
    "show_toast": true,
    "announce_to_chat": true,
    "hidden": false
  },
  "criteria": {
    "sushi_master_0": {
      "trigger": "minecraft:inventory_changed",
      "conditions": {
        "items": [
          {
            "items": [
              "additions:sushi_item"
            ],
            "count": {
              "min": 0,
              "max": 27
            }
          }
        ]
      }
    }
  },
  "rewards": {
    "experience": 0,
    "recipes": [
      "additions:sushi_recipe"
    ]
  },
  "parent": "additions:asian"
}