{
  "display": {
    "icon": {
      "item": "additions:tropical_fish_skin"
    },
    "title": {
      "translate": "advancements.tropical_skin_ad.title"
    },
    "description": {
      "translate": "advancements.tropical_skin_ad.descr"
    },
    "frame": "task",
    "show_toast": true,
    "announce_to_chat": false,
    "hidden": false
  },
  "criteria": {
    "tropical_skin_ad_0": {
      "trigger": "minecraft:inventory_changed",
      "conditions": {
        "items": [
          {
            "items": [
              "additions:tropical_fish_skin"
            ],
            "count": {
              "min": 0,
              "max": 27
            }
          }
        ]
      }
    }
  },
  "rewards": {
    "experience": 0,
    "recipes": [
      "additions:tropical_fish_recipe"
    ]
  },
  "parent": "additions:asian"
}