{
  "display": {
    "icon": {
      "item": "additions:tropical_fish_roll"
    },
    "title": {
      "translate": "advancements.tropical_master.title"
    },
    "description": {
      "translate": "advancements.tropical_master.descr"
    },
    "frame": "goal",
    "show_toast": true,
    "announce_to_chat": true,
    "hidden": false
  },
  "criteria": {
    "tropical_master_0": {
      "trigger": "minecraft:inventory_changed",
      "conditions": {
        "items": [
          {
            "items": [
              "additions:tropical_fish_roll"
            ],
            "count": {
              "min": 0,
              "max": 27
            }
          }
        ]
      }
    }
  },
  "rewards": {
    "experience": 0,
    "recipes": [
      "additions:cracked_egg_recipe"
    ]
  },
  "parent": "additions:raw_tropical_slice"
}