{
  "credit": "Made with Blockbench",
  "parent": "builtin/entity",
  "texture_size": [
    64,
    64
  ],
  "display": {
    "thirdperson_righthand": {
      "rotation": [
        63.25,
        0,
        0
      ],
      "translation": [
        0,
        1.5,
        -8.25
      ]
    },
    "thirdperson_lefthand": {
      "rotation": [
        63.25,
        0,
        0
      ],
      "translation": [
        0,
        1.5,
        -8.25
      ]
    },
    "firstperson_righthand": {
      "rotation": [
        20.88,
        8.65,
        9.94
      ]
    },
    "firstperson_lefthand": {
      "rotation": [
        20.88000000000011,
        8.650000000000091,
        9.940000000000055
      ]
    },
    "ground": {
      "translation": [
        0,
        -3,
        0
      ]
    },
    "gui": {
      "rotation": [
        90,
        46.5,
        -90
      ],
      "translation": [
        -2.25,
        -1,
        -1.25
      ]
    },
    "head": {
      "translation": [
        0,
        0,
        -4.75
      ]
    },
    "fixed": {
      "rotation": [
        90,
        -62.5,
        90
      ],
      "translation": [
        2,
        -2.5,
        -1.25
      ]
    }
  },
  "textures": {
    "particle": "item/saw"
  }
}