{
  "credit": "Made with Blockbench",
  "parent": "builtin/entity",
  "texture_size": [
    64,
    64
  ],
  "display": {
    "thirdperson_righthand": {
      "rotation": [
        0.3,
        0.06,
        -89.84
      ],
      "translation": [
        2,
        -2.25,
        6
      ]
    },
    "thirdperson_lefthand": {
      "rotation": [
        0.3,
        0.06,
        -89.84
      ],
      "translation": [
        2,
        -2.25,
        6
      ]
    },
    "firstperson_righthand": {
      "rotation": [
        0.3,
        0.06,
        -89.84
      ],
      "translation": [
        2,
        -2.25,
        6
      ]
    },
    "firstperson_lefthand": {
      "rotation": [
        0.3,
        0.06,
        -89.84
      ],
      "translation": [
        2,
        -2.25,
        6
      ]
    },
    "gui": {
      "rotation": [
        90,
        0,
        0
      ]
    },
    "head": {
      "rotation": [
        -90,
        0,
        -90
      ],
      "translation": [
        -0.75,
        0.25,
        6
      ]
    },
    "fixed": {
      "rotation": [
        -90,
        0,
        0
      ]
    }
  },
  "textures": {
    "particle": "item/w_ab"
  }
}