{
	"format_version": "1.8.0",
	"animations": {
		"walk": {
			"loop": true,
			"animation_length": 0.2417,
			"bones": {
				"bone": {
					"rotation": {
						"0.0": {
							"vector": [30, 0, 0]
						},
						"0.0833": {
							"vector": [60, 0, 0]
						},
						"0.1583": {
							"vector": [90, 0, 0]
						},
						"0.2417": {
							"vector": [120, 0, 0]
						}
					}
				},
				"bone2": {
					"rotation": {
						"0.0": {
							"vector": [30, 0, 0]
						},
						"0.0833": {
							"vector": [60, 0, 0]
						},
						"0.1583": {
							"vector": [90, 0, 0]
						},
						"0.2417": {
							"vector": [120, 0, 0]
						}
					}
				},
				"bone8": {
					"rotation": {
						"0.0": {
							"vector": [30, 0, 0]
						},
						"0.0833": {
							"vector": [60, 0, 0]
						},
						"0.1583": {
							"vector": [90, 0, 0]
						},
						"0.2417": {
							"vector": [120, 0, 0]
						}
					}
				}
			}
		},
		"open_doors": {
			"loop": "hold_on_last_frame",
			"animation_length": 0.496,
			"bones": {
				"bone5": {
					"rotation": {
						"0.0": {
							"vector": [0, 0, 0]
						},
						"0.2381": {
							"vector": [0, 30, 0]
						},
						"0.4762": {
							"vector": [0, 60, 0]
						}
					}
				},
				"bone6": {
					"rotation": {
						"0.0": {
							"vector": [0, 0, 0]
						},
						"0.2381": {
							"vector": [0, -30, 0]
						},
						"0.4762": {
							"vector": [0, -60, 0]
						}
					}
				},
				"bone3": {
					"rotation": {
						"0.0": {
							"vector": [0, 0, 0]
						},
						"0.2381": {
							"vector": [0, 30, 0]
						},
						"0.4762": {
							"vector": [0, 45, 0]
						}
					}
				},
				"bone4": {
					"rotation": {
						"0.0": {
							"vector": [0, 0, 0]
						},
						"0.2381": {
							"vector": [0, -30, 0]
						},
						"0.4762": {
							"vector": [0, -45, 0]
						}
					}
				}
			}
		},
		"close_doors": {
			"loop": "hold_on_last_frame",
			"animation_length": 0.496,
			"bones": {
				"bone5": {
					"rotation": {
						"0.0": {
							"vector": [0, 60, 0]
						},
						"0.2381": {
							"vector": [0, 30, 0]
						},
						"0.4762": {
							"vector": [0, 0, 0]
						}
					}
				},
				"bone6": {
					"rotation": {
						"0.0": {
							"vector": [0, -60, 0]
						},
						"0.2381": {
							"vector": [0, -30, 0]
						},
						"0.4762": {
							"vector": [0, 0, 0]
						}
					}
				},
				"bone3": {
					"rotation": {
						"0.0": {
							"vector": [0, 45, 0]
						},
						"0.2381": {
							"vector": [0, 30, 0]
						},
						"0.4762": {
							"vector": [0, 0, 0]
						}
					}
				},
				"bone4": {
					"rotation": {
						"0.0": {
							"vector": [0, -45, 0]
						},
						"0.2381": {
							"vector": [0, -30, 0]
						},
						"0.4762": {
							"vector": [0, 0, 0]
						}
					}
				}
			}
		},
		"idle": {
			"loop": true,
			"animation_length": 1
		}
	},
	"geckolib_format_version": 2
}