{
	"format_version": "1.8.0",
	"animations": {
		"idle": {
			"loop": true,
			"animation_length": 0.0718,
			"bones": {
				"chain2": {
					"position": {
						"0.0": {
							"vector": [0, 0, 0]
						},
						"0.0718": {
							"vector": [0, 0, -1]
						}
					}
				},
				"chain3": {
					"position": {
						"0.0": {
							"vector": [0, 0, 0]
						},
						"0.0718": {
							"vector": [0, 0, -1]
						}
					}
				},
				"chain4": {
					"position": {
						"0.0": {
							"vector": [0, 0, 0]
						},
						"0.0718": {
							"vector": [0, 0, -1]
						}
					}
				},
				"chain5": {
					"position": {
						"0.0": {
							"vector": [0, 0, 0]
						},
						"0.0718": {
							"vector": [0, 0, -0.5]
						}
					}
				},
				"chain6": {
					"position": {
						"0.0": {
							"vector": [0, 0, 0]
						},
						"0.0718": {
							"vector": [0, 0.5, -0.3]
						}
					}
				},
				"chain7": {
					"position": {
						"0.0": {
							"vector": [0, 0, 0]
						},
						"0.0718": {
							"vector": [0, 1, 0]
						}
					}
				},
				"chain8": {
					"position": {
						"0.0": {
							"vector": [0, 0, 0]
						},
						"0.0718": {
							"vector": [0, 0, 1]
						}
					}
				},
				"chain9": {
					"position": {
						"0.0": {
							"vector": [0, 0, 0]
						},
						"0.0718": {
							"vector": [0, 0, 1]
						}
					},
					"scale": {
						"vector": [1, 1, 1]
					}
				},
				"chain10": {
					"position": {
						"0.0": {
							"vector": [0, 0, 0]
						},
						"0.0718": {
							"vector": [0, 0, 1]
						}
					}
				},
				"chain11": {
					"position": {
						"0.0": {
							"vector": [0, 0, 0]
						},
						"0.0718": {
							"vector": [0, 0, 1]
						}
					}
				}
			}
		}
	},
	"geckolib_format_version": 2
}