{
	"format_version": "1.8.0",
	"animations": {
		"animation.flourcapricator.on": {
			"loop": true,
			"animation_length": 0.1276,
			"bones": {
				"right": {
					"rotation": {
						"0.0": {
							"vector": [0, 0, 0]
						},
						"0.0333": {
							"vector": [0, 50, 0]
						},
						"0.0667": {
							"vector": [0, 140, 0]
						},
						"0.0917": {
							"vector": [0, 180, 0]
						},
						"0.125": {
							"vector": [0, 270, 0]
						}
					},
					"position": {
						"vector": [0, 0, 3.25]
					}
				},
				"left": {
					"rotation": {
						"0.0": {
							"vector": [0, 0, 0]
						},
						"0.0333": {
							"vector": [0, -50, 0]
						},
						"0.0667": {
							"vector": [0, -90, 0]
						},
						"0.0917": {
							"vector": [0, -140, 0]
						},
						"0.125": {
							"vector": [0, -180, 0]
						}
					}
				}
			}
		}
	},
	"geckolib_format_version": 2
}