{
	"format_version": "1.8.0",
	"animations": {
		"close": {
			"loop": "hold_on_last_frame",
			"animation_length": 1,
			"bones": {
				"bone5": {
					"rotation": {
						"vector": [0, 0, 0]
					},
					"position": {
						"0.0": {
							"vector": [0, -10, 0]
						},
						"0.5": {
							"vector": [0, -5, 0]
						},
						"1.0": {
							"vector": [0, 0, 0]
						}
					},
					"scale": {
						"vector": [1, 1, 1]
					}
				}
			}
		},
		"ghast_spawn": {
			"loop": "hold_on_last_frame",
			"animation_length": 1,
			"bones": {
				"bone5": {
					"rotation": {
						"vector": [0, 0, 0]
					},
					"position": {
						"0.0": {
							"vector": [0, 0, 0]
						},
						"0.5": {
							"vector": [0, -5, 0]
						},
						"1.0": {
							"vector": [0, -10, 0]
						}
					},
					"scale": {
						"vector": [1, 1, 1]
					}
				}
			}
		},
		"idle": {
			"loop": true,
			"animation_length": 1,
			"bones": {
				"bone": {
					"scale": {
						"0.0": {
							"vector": [1, 1, 1]
						},
						"0.5": {
							"vector": [1, 0.9, 1]
						},
						"1.0": {
							"vector": [1, 1, 1]
						}
					}
				},
				"bone2": {
					"scale": {
						"0.0": {
							"vector": [1, 1, 1]
						},
						"0.5": {
							"vector": [1, 0.9, 1]
						},
						"1.0": {
							"vector": [1, 1, 1]
						}
					}
				}
			}
		},
		"animation.attack+idle": {
			"loop": "hold_on_last_frame",
			"animation_length": 1,
			"bones": {
				"bone": {
					"scale": {
						"0.0": {
							"vector": [1, 1, 1]
						},
						"0.5": {
							"vector": [1, 0.9, 1]
						},
						"1.0": {
							"vector": [1, 1, 1]
						}
					}
				},
				"bone5": {
					"scale": {
						"0.0": {
							"vector": [1, 1, 1]
						},
						"0.5": {
							"vector": [1, 0.5, 1]
						},
						"1.0": {
							"vector": [1, 0.1, 1]
						}
					}
				},
				"bone2": {
					"scale": {
						"0.0": {
							"vector": [1, 1, 1]
						},
						"0.5": {
							"vector": [1, 0.9, 1]
						},
						"1.0": {
							"vector": [1, 1, 1]
						}
					}
				}
			}
		}
	},
	"geckolib_format_version": 2
}