{
  "format_version": "1.9.0",
  "credit": "Made with Blockbench",
  "texture_size": [
    32,
    32
  ],
  "elements": [
    {
      "from": [
        5,
        0,
        6
      ],
      "to": [
        11,
        6,
        10
      ],
      "rotation": {
        "angle": 0,
        "axis": "y",
        "origin": [
          7,
          0,
          7
        ]
      },
      "faces": {
        "north": {
          "uv": [
            0,
            0,
            3,
            3
          ],
          "texture": "#0"
        },
        "east": {
          "uv": [
            3,
            0,
            5,
            3
          ],
          "texture": "#0"
        },
        "south": {
          "uv": [
            0,
            3,
            3,
            6
          ],
          "texture": "#0"
        },
        "west": {
          "uv": [
            3,
            3,
            5,
            6
          ],
          "texture": "#0"
        },
        "up": {
          "uv": [
            8,
            2,
            5,
            0
          ],
          "texture": "#0"
        },
        "down": {
          "uv": [
            8,
            2,
            5,
            4
          ],
          "texture": "#0"
        }
      }
    },
    {
      "from": [
        6,
        6,
        6.4
      ],
      "to": [
        10,
        7,
        9.6
      ],
      "rotation": {
        "angle": 0,
        "axis": "y",
        "origin": [
          7,
          0,
          7
        ]
      },
      "faces": {
        "north": {
          "uv": [
            0,
            6,
            2,
            6.5
          ],
          "texture": "#0"
        },
        "east": {
          "uv": [
            3,
            7,
            4.5,
            7.5
          ],
          "texture": "#0"
        },
        "south": {
          "uv": [
            2,
            6,
            4,
            6.5
          ],
          "texture": "#0"
        },
        "west": {
          "uv": [
            7,
            4,
            8.5,
            4.5
          ],
          "texture": "#0"
        },
        "up": {
          "uv": [
            7,
            5.5,
            5,
            4
          ],
          "texture": "#0"
        },
        "down": {
          "uv": [
            7,
            5.5,
            5,
            7
          ],
          "texture": "#0"
        }
      }
    },
    {
      "from": [
        6.9,
        7,
        6.9
      ],
      "to": [
        9.1,
        7.7,
        9.1
      ],
      "rotation": {
        "angle": 0,
        "axis": "y",
        "origin": [
          7,
          6.7,
          7
        ]
      },
      "faces": {
        "north": {
          "uv": [
            3,
            6.5,
            4,
            7
          ],
          "texture": "#0"
        },
        "east": {
          "uv": [
            4.5,
            7,
            5.5,
            7.5
          ],
          "texture": "#0"
        },
        "south": {
          "uv": [
            7,
            4.5,
            8,
            5
          ],
          "texture": "#0"
        },
        "west": {
          "uv": [
            7,
            5,
            8,
            5.5
          ],
          "texture": "#0"
        },
        "up": {
          "uv": [
            5,
            7,
            4,
            6
          ],
          "texture": "#0"
        },
        "down": {
          "uv": [
            1,
            6.5,
            0,
            7.5
          ],
          "texture": "#0"
        }
      }
    },
    {
      "from": [
        7,
        7.7,
        7
      ],
      "to": [
        9,
        8,
        9
      ],
      "rotation": {
        "angle": 0,
        "axis": "y",
        "origin": [
          7,
          7.7,
          7
        ]
      },
      "faces": {
        "north": {
          "uv": [
            5.5,
            7,
            6.5,
            7.5
          ],
          "texture": "#0"
        },
        "east": {
          "uv": [
            7,
            5.5,
            8,
            6
          ],
          "texture": "#0"
        },
        "south": {
          "uv": [
            7,
            6,
            8,
            6.5
          ],
          "texture": "#0"
        },
        "west": {
          "uv": [
            6.5,
            7,
            7.5,
            7.5
          ],
          "texture": "#0"
        },
        "up": {
          "uv": [
            2,
            7.5,
            1,
            6.5
          ],
          "texture": "#0"
        },
        "down": {
          "uv": [
            3,
            6.5,
            2,
            7.5
          ],
          "texture": "#0"
        }
      }
    }
  ],
  "display": {
    "thirdperson_righthand": {
      "rotation": [
        66.25,
        0,
        0
      ],
      "translation": [
        0,
        -2,
        0.25
      ]
    },
    "thirdperson_lefthand": {
      "rotation": [
        66.25,
        0,
        0
      ],
      "translation": [
        0,
        -2,
        0.25
      ]
    },
    "firstperson_righthand": {
      "rotation": [
        -180,
        63.25,
        180
      ],
      "translation": [
        0,
        7,
        0
      ]
    },
    "firstperson_lefthand": {
      "rotation": [
        -180,
        63.25,
        -180
      ],
      "translation": [
        0,
        7,
        0
      ]
    },
    "ground": {
      "translation": [
        0,
        5.5,
        0
      ]
    },
    "gui": {
      "rotation": [
        -155,
        21.5,
        180
      ],
      "translation": [
        0,
        3.75,
        0
      ]
    },
    "head": {
      "translation": [
        0,
        14.5,
        0
      ]
    }
  }
}