{
  "format_version": "1.9.0",
  "credit": "Made with Blockbench",
  "texture_size": [
    32,
    32
  ],
  "elements": [
    {
      "from": [
        5,
        0,
        5
      ],
      "to": [
        11,
        2,
        11
      ],
      "rotation": {
        "angle": 0,
        "axis": "y",
        "origin": [
          7,
          0,
          7
        ]
      },
      "faces": {
        "north": {
          "uv": [
            2.5,
            9.5,
            5.5,
            10.5
          ],
          "texture": "#0"
        },
        "east": {
          "uv": [
            5.5,
            9.5,
            8.5,
            10.5
          ],
          "texture": "#0"
        },
        "south": {
          "uv": [
            10.5,
            0,
            13.5,
            1
          ],
          "texture": "#0"
        },
        "west": {
          "uv": [
            10.5,
            1,
            13.5,
            2
          ],
          "texture": "#0"
        },
        "up": {
          "uv": [
            5.5,
            9.5,
            2.5,
            6.5
          ],
          "texture": "#0"
        },
        "down": {
          "uv": [
            8.5,
            6.5,
            5.5,
            9.5
          ],
          "texture": "#0"
        }
      }
    },
    {
      "from": [
        5.5,
        2,
        5.5
      ],
      "to": [
        10.5,
        15,
        10.5
      ],
      "rotation": {
        "angle": 0,
        "axis": "y",
        "origin": [
          7,
          2,
          7
        ]
      },
      "faces": {
        "north": {
          "uv": [
            0,
            0,
            2.5,
            6.5
          ],
          "texture": "#0"
        },
        "east": {
          "uv": [
            2.5,
            0,
            5,
            6.5
          ],
          "texture": "#0"
        },
        "south": {
          "uv": [
            5,
            0,
            7.5,
            6.5
          ],
          "texture": "#0"
        },
        "west": {
          "uv": [
            0,
            6.5,
            2.5,
            13
          ],
          "texture": "#0"
        },
        "up": {
          "uv": [
            11,
            8.5,
            8.5,
            6
          ],
          "texture": "#0"
        },
        "down": {
          "uv": [
            11,
            8.5,
            8.5,
            11
          ],
          "texture": "#0"
        }
      }
    },
    {
      "from": [
        3,
        15,
        3
      ],
      "to": [
        13,
        16,
        13
      ],
      "rotation": {
        "angle": 0,
        "axis": "y",
        "origin": [
          7,
          15,
          7
        ]
      },
      "faces": {
        "north": {
          "uv": [
            5,
            0,
            10,
            0.5
          ],
          "texture": "#1"
        },
        "east": {
          "uv": [
            5,
            0.5,
            10,
            1
          ],
          "texture": "#1"
        },
        "south": {
          "uv": [
            5,
            1,
            10,
            1.5
          ],
          "texture": "#1"
        },
        "west": {
          "uv": [
            5,
            1.5,
            10,
            2
          ],
          "texture": "#1"
        },
        "up": {
          "uv": [
            5,
            5,
            0,
            0
          ],
          "texture": "#1"
        },
        "down": {
          "uv": [
            5,
            5,
            0,
            10
          ],
          "texture": "#1"
        }
      }
    },
    {
      "from": [
        5,
        14,
        5
      ],
      "to": [
        11,
        15,
        11
      ],
      "rotation": {
        "angle": 0,
        "axis": "y",
        "origin": [
          7,
          14,
          7
        ]
      },
      "faces": {
        "north": {
          "uv": [
            10.5,
            2,
            13.5,
            2.5
          ],
          "texture": "#0"
        },
        "east": {
          "uv": [
            2.5,
            10.5,
            5.5,
            11
          ],
          "texture": "#0"
        },
        "south": {
          "uv": [
            10.5,
            2.5,
            13.5,
            3
          ],
          "texture": "#0"
        },
        "west": {
          "uv": [
            10.5,
            3,
            13.5,
            3.5
          ],
          "texture": "#0"
        },
        "up": {
          "uv": [
            10.5,
            3,
            7.5,
            0
          ],
          "texture": "#0"
        },
        "down": {
          "uv": [
            10.5,
            3,
            7.5,
            6
          ],
          "texture": "#0"
        }
      }
    }
  ],
  "display": {
    "thirdperson_righthand": {
      "rotation": [
        52.75,
        0,
        0
      ],
      "translation": [
        0,
        0.5,
        0.5
      ],
      "scale": [
        0.5,
        0.5,
        0.5
      ]
    },
    "thirdperson_lefthand": {
      "rotation": [
        52.75,
        0,
        0
      ],
      "translation": [
        0,
        0.5,
        0.5
      ],
      "scale": [
        0.5,
        0.5,
        0.5
      ]
    },
    "firstperson_righthand": {
      "rotation": [
        2.5,
        7.3,
        9.85
      ]
    },
    "firstperson_lefthand": {
      "rotation": [
        2.5,
        7.3,
        9.85
      ]
    },
    "ground": {
      "translation": [
        0,
        2,
        0
      ],
      "scale": [
        0.5,
        0.5,
        0.5
      ]
    },
    "gui": {
      "rotation": [
        30,
        -135,
        0
      ],
      "scale": [
        0.625,
        0.625,
        0.625
      ]
    }
  }
}