{
  "format_version": "1.21.6",
  "credit": "Made with Blockbench",
  "texture_size": [
    128,
    128
  ],
  "elements": [
    {
      "from": [
        3,
        10,
        4
      ],
      "to": [
        13,
        12,
        13
      ],
      "rotation": {
        "angle": 0,
        "axis": "y",
        "origin": [
          7,
          10,
          7
        ]
      },
      "faces": {
        "north": {
          "uv": [
            0,
            6.25,
            1.25,
            6.5
          ],
          "texture": "#0"
        },
        "east": {
          "uv": [
            6.375,
            1.5,
            7.5,
            1.75
          ],
          "texture": "#0"
        },
        "south": {
          "uv": [
            6.375,
            1.25,
            7.625,
            1.5
          ],
          "texture": "#0"
        },
        "west": {
          "uv": [
            6.375,
            1.75,
            7.5,
            2
          ],
          "texture": "#0"
        },
        "up": {
          "uv": [
            1.25,
            5.125,
            0,
            4
          ],
          "texture": "#0"
        },
        "down": {
          "uv": [
            1.25,
            5.125,
            0,
            6.25
          ],
          "texture": "#0"
        }
      }
    },
    {
      "from": [
        6,
        17,
        0.8
      ],
      "to": [
        14.9,
        19,
        9.8
      ],
      "rotation": {
        "angle": 1.5,
        "axis": "x",
        "origin": [
          9,
          17,
          3.8
        ]
      },
      "faces": {
        "north": {
          "uv": [
            6.375,
            2,
            7.5,
            2.25
          ],
          "texture": "#0"
        },
        "east": {
          "uv": [
            6.375,
            2.25,
            7.5,
            2.5
          ],
          "texture": "#0"
        },
        "south": {
          "uv": [
            6.375,
            2.5,
            7.5,
            2.75
          ],
          "texture": "#0"
        },
        "west": {
          "uv": [
            6.375,
            2.75,
            7.5,
            3
          ],
          "texture": "#0"
        },
        "up": {
          "uv": [
            6.375,
            1.125,
            5.25,
            0
          ],
          "texture": "#0"
        },
        "down": {
          "uv": [
            6.375,
            1.125,
            5.25,
            2.25
          ],
          "texture": "#0"
        }
      }
    },
    {
      "from": [
        6,
        17,
        7.8
      ],
      "to": [
        15,
        19,
        16.8
      ],
      "rotation": {
        "angle": -3.5,
        "axis": "x",
        "origin": [
          9,
          17,
          10.8
        ]
      },
      "faces": {
        "north": {
          "uv": [
            6.375,
            3,
            7.5,
            3.25
          ],
          "texture": "#0"
        },
        "east": {
          "uv": [
            0,
            6.5,
            1.125,
            6.75
          ],
          "texture": "#0"
        },
        "south": {
          "uv": [
            1.125,
            6.5,
            2.25,
            6.75
          ],
          "texture": "#0"
        },
        "west": {
          "uv": [
            2.25,
            6.5,
            3.375,
            6.75
          ],
          "texture": "#0"
        },
        "up": {
          "uv": [
            6.375,
            3.375,
            5.25,
            2.25
          ],
          "texture": "#0"
        },
        "down": {
          "uv": [
            2.375,
            5.375,
            1.25,
            6.5
          ],
          "texture": "#0"
        }
      }
    },
    {
      "from": [
        0.3,
        17,
        3.1
      ],
      "to": [
        9.3,
        19,
        12.1
      ],
      "rotation": {
        "angle": 3,
        "axis": "z",
        "origin": [
          3.3,
          17,
          6.1
        ]
      },
      "faces": {
        "north": {
          "uv": [
            3.375,
            6.5,
            4.5,
            6.75
          ],
          "texture": "#0"
        },
        "east": {
          "uv": [
            4.5,
            6.5,
            5.625,
            6.75
          ],
          "texture": "#0"
        },
        "south": {
          "uv": [
            5.625,
            6.5,
            6.75,
            6.75
          ],
          "texture": "#0"
        },
        "west": {
          "uv": [
            6.625,
            3.25,
            7.75,
            3.5
          ],
          "texture": "#0"
        },
        "up": {
          "uv": [
            3.5,
            6.5,
            2.375,
            5.375
          ],
          "texture": "#0"
        },
        "down": {
          "uv": [
            4.625,
            5.375,
            3.5,
            6.5
          ],
          "texture": "#0"
        }
      }
    },
    {
      "from": [
        0.3,
        17.1,
        7.1
      ],
      "to": [
        9.3,
        19.1,
        16.1
      ],
      "rotation": {
        "angle": 0.5,
        "axis": "z",
        "origin": [
          3.3,
          17.1,
          10.1
        ]
      },
      "faces": {
        "north": {
          "uv": [
            6.625,
            3.5,
            7.75,
            3.75
          ],
          "texture": "#0"
        },
        "east": {
          "uv": [
            6.625,
            3.75,
            7.75,
            4
          ],
          "texture": "#0"
        },
        "south": {
          "uv": [
            6.625,
            4,
            7.75,
            4.25
          ],
          "texture": "#0"
        },
        "west": {
          "uv": [
            6.625,
            4.25,
            7.75,
            4.5
          ],
          "texture": "#0"
        },
        "up": {
          "uv": [
            5.75,
            6.5,
            4.625,
            5.375
          ],
          "texture": "#0"
        },
        "down": {
          "uv": [
            6.625,
            3.375,
            5.5,
            4.5
          ],
          "texture": "#0"
        }
      }
    },
    {
      "from": [
        2.6,
        11,
        3
      ],
      "to": [
        14,
        13,
        14
      ],
      "rotation": {
        "angle": 0,
        "axis": "y",
        "origin": [
          7,
          11,
          6
        ]
      },
      "faces": {
        "north": {
          "uv": [
            3.875,
            2.75,
            5.25,
            3
          ],
          "texture": "#0"
        },
        "east": {
          "uv": [
            3.875,
            3,
            5.25,
            3.25
          ],
          "texture": "#0"
        },
        "south": {
          "uv": [
            6.375,
            0.75,
            7.75,
            1
          ],
          "texture": "#0"
        },
        "west": {
          "uv": [
            6.375,
            1,
            7.75,
            1.25
          ],
          "texture": "#0"
        },
        "up": {
          "uv": [
            5.25,
            1.375,
            3.875,
            0
          ],
          "texture": "#0"
        },
        "down": {
          "uv": [
            5.25,
            1.375,
            3.875,
            2.75
          ],
          "texture": "#0"
        }
      }
    },
    {
      "from": [
        1.2,
        13,
        1.6
      ],
      "to": [
        14.7,
        15,
        14.8
      ],
      "rotation": {
        "angle": 0,
        "axis": "y",
        "origin": [
          7,
          13,
          6
        ]
      },
      "faces": {
        "north": {
          "uv": [
            6.375,
            0,
            8.125,
            0.25
          ],
          "texture": "#0"
        },
        "east": {
          "uv": [
            3.875,
            3.375,
            5.5,
            3.625
          ],
          "texture": "#0"
        },
        "south": {
          "uv": [
            6.375,
            0.25,
            8.125,
            0.5
          ],
          "texture": "#0"
        },
        "west": {
          "uv": [
            6.375,
            0.5,
            8,
            0.75
          ],
          "texture": "#0"
        },
        "up": {
          "uv": [
            3.75,
            5.375,
            2,
            3.75
          ],
          "texture": "#0"
        },
        "down": {
          "uv": [
            5.5,
            3.75,
            3.75,
            5.375
          ],
          "texture": "#0"
        }
      }
    },
    {
      "from": [
        0.6,
        15,
        0.3
      ],
      "to": [
        15.9,
        17,
        15.6
      ],
      "rotation": {
        "angle": 0,
        "axis": "y",
        "origin": [
          7,
          15,
          6
        ]
      },
      "faces": {
        "north": {
          "uv": [
            5.75,
            5.5,
            7.625,
            5.75
          ],
          "texture": "#0"
        },
        "east": {
          "uv": [
            5.75,
            5.75,
            7.625,
            6
          ],
          "texture": "#0"
        },
        "south": {
          "uv": [
            5.75,
            6,
            7.625,
            6.25
          ],
          "texture": "#0"
        },
        "west": {
          "uv": [
            5.75,
            6.25,
            7.625,
            6.5
          ],
          "texture": "#0"
        },
        "up": {
          "uv": [
            3.875,
            1.875,
            2,
            0
          ],
          "texture": "#0"
        },
        "down": {
          "uv": [
            3.875,
            1.875,
            2,
            3.75
          ],
          "texture": "#0"
        }
      }
    },
    {
      "from": [
        0,
        16,
        0
      ],
      "to": [
        16,
        18,
        16
      ],
      "rotation": {
        "angle": 0,
        "axis": "y",
        "origin": [
          8,
          16,
          8
        ]
      },
      "faces": {
        "north": {
          "uv": [
            5.5,
            4.5,
            7.5,
            4.75
          ],
          "texture": "#0"
        },
        "east": {
          "uv": [
            5.5,
            4.75,
            7.5,
            5
          ],
          "texture": "#0"
        },
        "south": {
          "uv": [
            5.5,
            5,
            7.5,
            5.25
          ],
          "texture": "#0"
        },
        "west": {
          "uv": [
            5.75,
            5.25,
            7.75,
            5.5
          ],
          "texture": "#0"
        },
        "up": {
          "uv": [
            2,
            2,
            0,
            0
          ],
          "texture": "#0"
        },
        "down": {
          "uv": [
            2,
            2,
            0,
            4
          ],
          "texture": "#0"
        }
      }
    }
  ],
  "display": {
    "thirdperson_righthand": {
      "rotation": [
        65.75,
        0,
        0
      ],
      "translation": [
        0,
        -0.5,
        -3.75
      ],
      "scale": [
        0.3,
        0.3,
        0.3
      ]
    },
    "thirdperson_lefthand": {
      "rotation": [
        65.75,
        0,
        0
      ],
      "translation": [
        0,
        -0.5,
        -3.75
      ],
      "scale": [
        0.3,
        0.3,
        0.3
      ]
    },
    "firstperson_righthand": {
      "rotation": [
        20.39,
        9.94,
        4.57
      ],
      "translation": [
        0,
        -1,
        -3.75
      ]
    },
    "firstperson_lefthand": {
      "rotation": [
        20.39,
        9.94,
        4.57
      ],
      "translation": [
        0,
        -1,
        -3.75
      ]
    },
    "ground": {
      "translation": [
        0,
        -4.5,
        0
      ]
    },
    "gui": {
      "rotation": [
        18.61,
        -30.4,
        9.68
      ],
      "translation": [
        1,
        -6,
        0
      ],
      "scale": [
        0.7,
        0.7,
        0.7
      ]
    },
    "head": {
      "scale": [
        1,
        1,
        1.01758
      ]
    },
    "fixed": {
      "translation": [
        0,
        -6.5,
        0
      ]
    }
  }
}