{
  "credit": "Made with Blockbench",
  "texture_size": [
    64,
    64
  ],
  "elements": [
    {
      "name": "group2",
      "from": [
        4,
        0.25,
        0
      ],
      "to": [
        11,
        5.25,
        1
      ],
      "rotation": {
        "angle": 0,
        "axis": "y",
        "origin": [
          8,
          0,
          8
        ]
      },
      "faces": {
        "north": {
          "uv": [
            7.5,
            11,
            9.25,
            12.25
          ],
          "texture": "#0"
        },
        "east": {
          "uv": [
            7.5,
            12.75,
            7.75,
            14
          ],
          "texture": "#0"
        },
        "south": {
          "uv": [
            11.5,
            10,
            13.25,
            11.25
          ],
          "texture": "#0"
        },
        "west": {
          "uv": [
            7.75,
            12.75,
            8,
            14
          ],
          "texture": "#0"
        },
        "up": {
          "uv": [
            14.25,
            12.25,
            12.5,
            12
          ],
          "texture": "#0"
        },
        "down": {
          "uv": [
            14.25,
            12.25,
            12.5,
            12.5
          ],
          "texture": "#0"
        }
      }
    },
    {
      "name": "group2",
      "from": [
        4,
        0.25,
        1
      ],
      "to": [
        5,
        5.25,
        15
      ],
      "rotation": {
        "angle": 0,
        "axis": "y",
        "origin": [
          8,
          0,
          8
        ]
      },
      "faces": {
        "north": {
          "uv": [
            7,
            12.75,
            7.25,
            14
          ],
          "texture": "#0"
        },
        "east": {
          "uv": [
            10,
            5,
            13.5,
            6.25
          ],
          "texture": "#0"
        },
        "south": {
          "uv": [
            7.25,
            12.75,
            7.5,
            14
          ],
          "texture": "#0"
        },
        "west": {
          "uv": [
            10,
            6.25,
            13.5,
            7.5
          ],
          "texture": "#0"
        },
        "up": {
          "uv": [
            2.25,
            15.5,
            2,
            12
          ],
          "texture": "#0"
        },
        "down": {
          "uv": [
            2.5,
            12,
            2.25,
            15.5
          ],
          "texture": "#0"
        }
      }
    },
    {
      "name": "group2",
      "from": [
        11,
        0.25,
        0
      ],
      "to": [
        12,
        5.25,
        15
      ],
      "rotation": {
        "angle": 0,
        "axis": "y",
        "origin": [
          8,
          0,
          8
        ]
      },
      "faces": {
        "north": {
          "uv": [
            6.5,
            12.75,
            6.75,
            14
          ],
          "texture": "#0"
        },
        "east": {
          "uv": [
            10,
            2.5,
            13.75,
            3.75
          ],
          "texture": "#0"
        },
        "south": {
          "uv": [
            6.75,
            12.75,
            7,
            14
          ],
          "texture": "#0"
        },
        "west": {
          "uv": [
            10,
            3.75,
            13.75,
            5
          ],
          "texture": "#0"
        },
        "up": {
          "uv": [
            9.5,
            14.75,
            9.25,
            11
          ],
          "texture": "#0"
        },
        "down": {
          "uv": [
            5.25,
            11.75,
            5,
            15.5
          ],
          "texture": "#0"
        }
      }
    },
    {
      "name": "group2",
      "from": [
        5,
        0.2,
        1
      ],
      "to": [
        11,
        0.2,
        15
      ],
      "rotation": {
        "angle": 0,
        "axis": "y",
        "origin": [
          8,
          0,
          8
        ]
      },
      "faces": {
        "north": {
          "uv": [
            0,
            0,
            1.5,
            0
          ],
          "texture": "#0"
        },
        "east": {
          "uv": [
            0,
            0,
            3.5,
            0
          ],
          "texture": "#0"
        },
        "south": {
          "uv": [
            0,
            0,
            1.5,
            0
          ],
          "texture": "#0"
        },
        "west": {
          "uv": [
            0,
            0,
            3.5,
            0
          ],
          "texture": "#0"
        },
        "up": {
          "uv": [
            9.5,
            11,
            8,
            7.5
          ],
          "texture": "#0"
        },
        "down": {
          "uv": [
            5.5,
            8.25,
            4,
            11.75
          ],
          "texture": "#0"
        }
      }
    },
    {
      "name": "bone",
      "from": [
        4,
        7.2,
        1
      ],
      "to": [
        12,
        14.2,
        1.5
      ],
      "rotation": {
        "angle": 0,
        "axis": "y",
        "origin": [
          8,
          0,
          8
        ]
      },
      "faces": {
        "north": {
          "uv": [
            14,
            0,
            16,
            1.78241
          ],
          "texture": "#0"
        },
        "east": {
          "uv": [
            15,
            1.70833,
            16,
            3.49074
          ],
          "texture": "#0"
        },
        "south": {
          "uv": [
            14,
            0,
            16,
            1.78241
          ],
          "texture": "#0"
        },
        "west": {
          "uv": [
            14,
            1.70833,
            15,
            3.49074
          ],
          "texture": "#0"
        },
        "up": {
          "uv": [
            16,
            4.25,
            14,
            3.25
          ],
          "texture": "#0"
        },
        "down": {
          "uv": [
            16,
            4.75,
            14,
            5.75
          ],
          "texture": "#0"
        }
      }
    },
    {
      "name": "group3",
      "from": [
        0,
        5.2,
        0
      ],
      "to": [
        4,
        16,
        16
      ],
      "rotation": {
        "angle": 0,
        "axis": "y",
        "origin": [
          8,
          0,
          8
        ]
      },
      "faces": {
        "north": {
          "uv": [
            7,
            0,
            8,
            2.75
          ],
          "texture": "#0"
        },
        "east": {
          "uv": [
            4,
            2.75,
            8,
            5.5
          ],
          "texture": "#0"
        },
        "south": {
          "uv": [
            4,
            5.5,
            5,
            8.25
          ],
          "texture": "#0"
        },
        "west": {
          "uv": [
            0,
            8,
            4,
            10.75
          ],
          "texture": "#0"
        },
        "up": {
          "uv": [
            4,
            4,
            3,
            0
          ],
          "texture": "#0"
        },
        "down": {
          "uv": [
            4,
            4,
            3,
            8
          ],
          "texture": "#0"
        }
      }
    },
    {
      "name": "group3",
      "from": [
        4,
        5.2,
        0
      ],
      "to": [
        12,
        7.2,
        4
      ],
      "rotation": {
        "angle": 0,
        "axis": "y",
        "origin": [
          8,
          0,
          8
        ]
      },
      "faces": {
        "north": {
          "uv": [
            5,
            2.24074,
            7,
            2.75
          ],
          "texture": "#0"
        },
        "east": {
          "uv": [
            7,
            4.99074,
            8,
            5.5
          ],
          "texture": "#0"
        },
        "south": {
          "uv": [
            5,
            7.74074,
            7,
            8.25
          ],
          "texture": "#0"
        },
        "west": {
          "uv": [
            0,
            10.24074,
            1,
            10.75
          ],
          "texture": "#0"
        },
        "up": {
          "uv": [
            3,
            4,
            1,
            3
          ],
          "texture": "#0"
        },
        "down": {
          "uv": [
            3,
            7,
            1,
            8
          ],
          "texture": "#0"
        }
      }
    },
    {
      "name": "group3",
      "from": [
        4,
        14.2,
        0
      ],
      "to": [
        12,
        16,
        4
      ],
      "rotation": {
        "angle": 0,
        "axis": "y",
        "origin": [
          8,
          0,
          8
        ]
      },
      "faces": {
        "north": {
          "uv": [
            5,
            0,
            7,
            0.45833
          ],
          "texture": "#0"
        },
        "east": {
          "uv": [
            7,
            2.75,
            8,
            3.20833
          ],
          "texture": "#0"
        },
        "south": {
          "uv": [
            5,
            5.5,
            7,
            5.95833
          ],
          "texture": "#0"
        },
        "west": {
          "uv": [
            0,
            8,
            1,
            8.45833
          ],
          "texture": "#0"
        },
        "up": {
          "uv": [
            3,
            4,
            1,
            3
          ],
          "texture": "#0"
        },
        "down": {
          "uv": [
            3,
            7,
            1,
            8
          ],
          "texture": "#0"
        }
      }
    },
    {
      "name": "group3",
      "from": [
        4,
        5.2,
        15
      ],
      "to": [
        12,
        15.2,
        16
      ],
      "rotation": {
        "angle": 0,
        "axis": "y",
        "origin": [
          8,
          0,
          8
        ]
      },
      "faces": {
        "north": {
          "uv": [
            5,
            0.2037,
            7,
            2.75
          ],
          "texture": "#0"
        },
        "east": {
          "uv": [
            4,
            2.9537,
            4.25,
            5.5
          ],
          "texture": "#0"
        },
        "south": {
          "uv": [
            5,
            5.7037,
            7,
            8.25
          ],
          "texture": "#0"
        },
        "west": {
          "uv": [
            3.75,
            8.2037,
            4,
            10.75
          ],
          "texture": "#0"
        },
        "up": {
          "uv": [
            3,
            0.25,
            1,
            0
          ],
          "texture": "#0"
        },
        "down": {
          "uv": [
            3,
            4,
            1,
            4.25
          ],
          "texture": "#0"
        }
      }
    },
    {
      "name": "group3",
      "from": [
        4,
        15.2,
        4
      ],
      "to": [
        12,
        16,
        16
      ],
      "rotation": {
        "angle": 0,
        "axis": "y",
        "origin": [
          8,
          0,
          8
        ]
      },
      "faces": {
        "north": {
          "uv": [
            5,
            0,
            7,
            0.2037
          ],
          "texture": "#0"
        },
        "east": {
          "uv": [
            4,
            2.75,
            7,
            2.9537
          ],
          "texture": "#0"
        },
        "south": {
          "uv": [
            5,
            5.5,
            7,
            5.7037
          ],
          "texture": "#0"
        },
        "west": {
          "uv": [
            1,
            8,
            4,
            8.2037
          ],
          "texture": "#0"
        },
        "up": {
          "uv": [
            3,
            3,
            1,
            0
          ],
          "texture": "#0"
        },
        "down": {
          "uv": [
            3,
            4,
            1,
            7
          ],
          "texture": "#0"
        }
      }
    },
    {
      "name": "group3",
      "from": [
        12,
        5.2,
        0
      ],
      "to": [
        16,
        16,
        16
      ],
      "rotation": {
        "angle": 0,
        "axis": "y",
        "origin": [
          8,
          0,
          8
        ]
      },
      "faces": {
        "north": {
          "uv": [
            4,
            0,
            5,
            2.75
          ],
          "texture": "#0"
        },
        "east": {
          "uv": [
            4,
            2.75,
            8,
            5.5
          ],
          "texture": "#0"
        },
        "south": {
          "uv": [
            7,
            5.5,
            8,
            8.25
          ],
          "texture": "#0"
        },
        "west": {
          "uv": [
            0,
            8,
            4,
            10.75
          ],
          "texture": "#0"
        },
        "up": {
          "uv": [
            1,
            4,
            0,
            0
          ],
          "texture": "#0"
        },
        "down": {
          "uv": [
            1,
            4,
            0,
            8
          ],
          "texture": "#0"
        }
      }
    },
    {
      "name": "group3",
      "from": [
        0,
        0,
        0
      ],
      "to": [
        4,
        5.2,
        16
      ],
      "rotation": {
        "angle": 0,
        "axis": "y",
        "origin": [
          8,
          0,
          8
        ]
      },
      "faces": {
        "north": {
          "uv": [
            11.5,
            11.25,
            12.5,
            12.5
          ],
          "texture": "#0"
        },
        "east": {
          "uv": [
            9.5,
            7.5,
            13.5,
            8.75
          ],
          "texture": "#0"
        },
        "south": {
          "uv": [
            4,
            11.75,
            5,
            13
          ],
          "texture": "#0"
        },
        "west": {
          "uv": [
            9.5,
            8.75,
            13.5,
            10
          ],
          "texture": "#0"
        },
        "up": {
          "uv": [
            6.5,
            12.25,
            5.5,
            8.25
          ],
          "texture": "#0"
        },
        "down": {
          "uv": [
            7.5,
            8.25,
            6.5,
            12.25
          ],
          "texture": "#0"
        }
      }
    },
    {
      "name": "group3",
      "from": [
        12,
        0,
        0
      ],
      "to": [
        16,
        5.2,
        16
      ],
      "rotation": {
        "angle": 0,
        "axis": "y",
        "origin": [
          8,
          0,
          8
        ]
      },
      "faces": {
        "north": {
          "uv": [
            0,
            12,
            1,
            13.25
          ],
          "texture": "#0"
        },
        "east": {
          "uv": [
            10,
            0,
            14,
            1.25
          ],
          "texture": "#0"
        },
        "south": {
          "uv": [
            1,
            12,
            2,
            13.25
          ],
          "texture": "#0"
        },
        "west": {
          "uv": [
            10,
            1.25,
            14,
            2.5
          ],
          "texture": "#0"
        },
        "up": {
          "uv": [
            10.5,
            14,
            9.5,
            10
          ],
          "texture": "#0"
        },
        "down": {
          "uv": [
            11.5,
            10,
            10.5,
            14
          ],
          "texture": "#0"
        }
      }
    },
    {
      "name": "group3",
      "from": [
        4,
        0,
        15
      ],
      "to": [
        12,
        5.2,
        16
      ],
      "rotation": {
        "angle": 0,
        "axis": "y",
        "origin": [
          8,
          0,
          8
        ]
      },
      "faces": {
        "north": {
          "uv": [
            0,
            10.75,
            2,
            12
          ],
          "texture": "#0"
        },
        "east": {
          "uv": [
            9,
            12.25,
            9.25,
            13.5
          ],
          "texture": "#0"
        },
        "south": {
          "uv": [
            2,
            10.75,
            4,
            12
          ],
          "texture": "#0"
        },
        "west": {
          "uv": [
            6.25,
            12.75,
            6.5,
            14
          ],
          "texture": "#0"
        },
        "up": {
          "uv": [
            14.5,
            11.5,
            12.5,
            11.25
          ],
          "texture": "#0"
        },
        "down": {
          "uv": [
            13.5,
            12.5,
            11.5,
            12.75
          ],
          "texture": "#0"
        }
      }
    },
    {
      "name": "group3",
      "from": [
        4,
        0,
        0
      ],
      "to": [
        12,
        0.1,
        0
      ],
      "rotation": {
        "angle": 0,
        "axis": "y",
        "origin": [
          8,
          0,
          8
        ]
      },
      "faces": {
        "north": {
          "uv": [
            12.5,
            11.5,
            14.5,
            11.75
          ],
          "texture": "#0"
        },
        "east": {
          "uv": [
            9,
            12.25,
            9,
            12.5
          ],
          "texture": "#0"
        },
        "south": {
          "uv": [
            12.5,
            11.75,
            14.5,
            12
          ],
          "texture": "#0"
        },
        "west": {
          "uv": [
            5.25,
            12.5,
            5.25,
            12.75
          ],
          "texture": "#0"
        },
        "up": {
          "uv": [
            10,
            3.75,
            8,
            3.75
          ],
          "texture": "#0"
        },
        "down": {
          "uv": [
            10,
            7.5,
            8,
            7.5
          ],
          "texture": "#0"
        }
      }
    },
    {
      "name": "group3",
      "from": [
        4,
        0,
        0
      ],
      "to": [
        12,
        0.1,
        15
      ],
      "rotation": {
        "angle": 0,
        "axis": "y",
        "origin": [
          8,
          0,
          8
        ]
      },
      "faces": {
        "north": {
          "uv": [
            12.5,
            11.5,
            14.5,
            11.75
          ],
          "texture": "#0"
        },
        "east": {
          "uv": [
            5.25,
            12.25,
            9,
            12.5
          ],
          "texture": "#0"
        },
        "south": {
          "uv": [
            12.5,
            11.75,
            14.5,
            12
          ],
          "texture": "#0"
        },
        "west": {
          "uv": [
            5.25,
            12.5,
            9,
            12.75
          ],
          "texture": "#0"
        },
        "up": {
          "uv": [
            10,
            3.75,
            8,
            0
          ],
          "texture": "#0"
        },
        "down": {
          "uv": [
            10,
            3.75,
            8,
            7.5
          ],
          "texture": "#0"
        }
      }
    },
    {
      "name": "group",
      "from": [
        11,
        15,
        11
      ],
      "to": [
        14,
        19,
        12
      ],
      "rotation": {
        "angle": 0,
        "axis": "y",
        "origin": [
          8,
          0,
          8
        ]
      },
      "faces": {
        "north": {
          "uv": [
            2.5,
            12,
            3.25,
            13
          ],
          "texture": "#0"
        },
        "east": {
          "uv": [
            8,
            12.75,
            8.25,
            13.75
          ],
          "texture": "#0"
        },
        "south": {
          "uv": [
            3.25,
            12,
            4,
            13
          ],
          "texture": "#0"
        },
        "west": {
          "uv": [
            8.25,
            12.75,
            8.5,
            13.75
          ],
          "texture": "#0"
        },
        "up": {
          "uv": [
            3.25,
            13.25,
            2.5,
            13
          ],
          "texture": "#0"
        },
        "down": {
          "uv": [
            4,
            13,
            3.25,
            13.25
          ],
          "texture": "#0"
        }
      }
    },
    {
      "name": "group",
      "from": [
        11,
        15,
        12
      ],
      "to": [
        12,
        19,
        13
      ],
      "rotation": {
        "angle": 0,
        "axis": "y",
        "origin": [
          8,
          0,
          8
        ]
      },
      "faces": {
        "north": {
          "uv": [
            8.5,
            12.75,
            8.75,
            13.75
          ],
          "texture": "#0"
        },
        "east": {
          "uv": [
            8.75,
            12.75,
            9,
            13.75
          ],
          "texture": "#0"
        },
        "south": {
          "uv": [
            11.5,
            12.75,
            11.75,
            13.75
          ],
          "texture": "#0"
        },
        "west": {
          "uv": [
            11.75,
            12.75,
            12,
            13.75
          ],
          "texture": "#0"
        },
        "up": {
          "uv": [
            5.5,
            12,
            5.25,
            11.75
          ],
          "texture": "#0"
        },
        "down": {
          "uv": [
            5.5,
            12,
            5.25,
            12.25
          ],
          "texture": "#0"
        }
      }
    },
    {
      "name": "group",
      "from": [
        11,
        15,
        13
      ],
      "to": [
        13,
        19,
        14
      ],
      "rotation": {
        "angle": 0,
        "axis": "y",
        "origin": [
          8,
          0,
          8
        ]
      },
      "faces": {
        "north": {
          "uv": [
            5.25,
            12.75,
            5.75,
            13.75
          ],
          "texture": "#0"
        },
        "east": {
          "uv": [
            12.5,
            12.75,
            12.75,
            13.75
          ],
          "texture": "#0"
        },
        "south": {
          "uv": [
            5.75,
            12.75,
            6.25,
            13.75
          ],
          "texture": "#0"
        },
        "west": {
          "uv": [
            12.75,
            12.75,
            13,
            13.75
          ],
          "texture": "#0"
        },
        "up": {
          "uv": [
            8,
            11,
            7.5,
            10.75
          ],
          "texture": "#0"
        },
        "down": {
          "uv": [
            4.5,
            13,
            4,
            13.25
          ],
          "texture": "#0"
        }
      }
    },
    {
      "name": "group",
      "from": [
        13,
        15,
        12
      ],
      "to": [
        14,
        19,
        14
      ],
      "rotation": {
        "angle": 0,
        "axis": "y",
        "origin": [
          8,
          0,
          8
        ]
      },
      "faces": {
        "north": {
          "uv": [
            12,
            12.75,
            12.25,
            13.75
          ],
          "texture": "#0"
        },
        "east": {
          "uv": [
            7.5,
            8.25,
            8,
            9.25
          ],
          "texture": "#0"
        },
        "south": {
          "uv": [
            12.25,
            12.75,
            12.5,
            13.75
          ],
          "texture": "#0"
        },
        "west": {
          "uv": [
            7.5,
            9.25,
            8,
            10.25
          ],
          "texture": "#0"
        },
        "up": {
          "uv": [
            7.75,
            10.75,
            7.5,
            10.25
          ],
          "texture": "#0"
        },
        "down": {
          "uv": [
            8,
            10.25,
            7.75,
            10.75
          ],
          "texture": "#0"
        }
      }
    }
  ],
  "display": {
    "thirdperson_righthand": {
      "rotation": [
        70,
        0,
        0
      ],
      "translation": [
        0,
        0.5,
        0
      ],
      "scale": [
        0.3,
        0.3,
        0.3
      ]
    },
    "thirdperson_lefthand": {
      "rotation": [
        70,
        0,
        0
      ],
      "translation": [
        0,
        0.5,
        0
      ],
      "scale": [
        0.3,
        0.3,
        0.3
      ]
    },
    "firstperson_righthand": {
      "rotation": [
        165.61,
        67.34,
        -166.62
      ],
      "translation": [
        0,
        0.5,
        0
      ],
      "scale": [
        0.3,
        0.3,
        0.3
      ]
    },
    "firstperson_lefthand": {
      "rotation": [
        165.61,
        67.34,
        -166.62
      ],
      "translation": [
        0,
        0.5,
        0
      ],
      "scale": [
        0.3,
        0.3,
        0.3
      ]
    },
    "ground": {
      "rotation": [
        165.61,
        67.34,
        -166.62
      ],
      "translation": [
        0,
        2.75,
        0
      ],
      "scale": [
        0.3,
        0.3,
        0.3
      ]
    },
    "gui": {
      "rotation": [
        -153.28,
        40.75,
        -175.19
      ],
      "translation": [
        0,
        0.5,
        0
      ],
      "scale": [
        0.5,
        0.5,
        0.5
      ]
    },
    "fixed": {
      "rotation": [
        -8.86,
        -2.63,
        -2.25
      ],
      "translation": [
        0,
        0.5,
        0
      ],
      "scale": [
        0.3,
        0.3,
        0.3
      ]
    }
  },
  "groups": [
    {
      "name": "group2",
      "origin": [
        8,
        0,
        2
      ],
      "color": 0,
      "children": [
        0,
        1,
        2,
        3
      ]
    },
    {
      "name": "bone",
      "origin": [
        8,
        0,
        5
      ],
      "color": 1,
      "children": [
        4
      ]
    },
    {
      "name": "group3",
      "origin": [
        8,
        0,
        8
      ],
      "color": 2,
      "children": [
        5,
        6,
        7,
        8,
        9,
        10,
        11,
        12,
        13,
        14,
        15
      ]
    },
    {
      "name": "group",
      "origin": [
        12,
        16,
        12
      ],
      "color": 3,
      "children": [
        16,
        17,
        18,
        19
      ]
    }
  ]
}