{
  "format_version": "1.9.0",
  "credit": "Made with Blockbench",
  "texture_size": [
    32,
    32
  ],
  "elements": [
    {
      "from": [
        4,
        0,
        6
      ],
      "to": [
        12,
        6,
        7
      ],
      "rotation": {
        "angle": 0,
        "axis": "y",
        "origin": [
          7,
          0,
          7
        ]
      },
      "faces": {
        "north": {
          "uv": [
            0,
            0,
            4,
            3
          ],
          "texture": "#0"
        },
        "east": {
          "uv": [
            5.5,
            11,
            6,
            14
          ],
          "texture": "#0"
        },
        "south": {
          "uv": [
            0,
            3,
            4,
            6
          ],
          "texture": "#0"
        },
        "west": {
          "uv": [
            0,
            12.5,
            0.5,
            15.5
          ],
          "texture": "#0"
        },
        "up": {
          "uv": [
            15.5,
            4.5,
            11.5,
            4
          ],
          "texture": "#0"
        },
        "down": {
          "uv": [
            4,
            12,
            0,
            12.5
          ],
          "texture": "#0"
        }
      }
    },
    {
      "from": [
        4,
        0,
        7
      ],
      "to": [
        5,
        4,
        13
      ],
      "rotation": {
        "angle": 0,
        "axis": "y",
        "origin": [
          7,
          0,
          7
        ]
      },
      "faces": {
        "north": {
          "uv": [
            13,
            5.5,
            13.5,
            7.5
          ],
          "texture": "#0"
        },
        "east": {
          "uv": [
            0,
            9,
            3,
            11
          ],
          "texture": "#0"
        },
        "south": {
          "uv": [
            6,
            13,
            6.5,
            15
          ],
          "texture": "#0"
        },
        "west": {
          "uv": [
            3,
            9,
            6,
            11
          ],
          "texture": "#0"
        },
        "up": {
          "uv": [
            1,
            15.5,
            0.5,
            12.5
          ],
          "texture": "#0"
        },
        "down": {
          "uv": [
            1.5,
            12.5,
            1,
            15.5
          ],
          "texture": "#0"
        }
      }
    },
    {
      "from": [
        5,
        0,
        7
      ],
      "to": [
        12,
        4,
        7
      ],
      "rotation": {
        "angle": 0,
        "axis": "y",
        "origin": [
          7,
          0,
          7
        ]
      },
      "faces": {
        "north": {
          "uv": [
            8,
            2.5,
            11.5,
            4.5
          ],
          "texture": "#0"
        },
        "east": {
          "uv": [
            0,
            0,
            0,
            2
          ],
          "texture": "#0"
        },
        "south": {
          "uv": [
            7,
            8.5,
            10.5,
            10.5
          ],
          "texture": "#0"
        },
        "west": {
          "uv": [
            0,
            0,
            0,
            2
          ],
          "texture": "#0"
        },
        "up": {
          "uv": [
            3.5,
            0,
            0,
            0
          ],
          "texture": "#0"
        },
        "down": {
          "uv": [
            3.5,
            0,
            0,
            0
          ],
          "texture": "#0"
        }
      }
    },
    {
      "from": [
        5,
        0,
        7
      ],
      "to": [
        11,
        1,
        12
      ],
      "rotation": {
        "angle": 0,
        "axis": "y",
        "origin": [
          7,
          0,
          7
        ]
      },
      "faces": {
        "north": {
          "uv": [
            1.5,
            12.5,
            4.5,
            13
          ],
          "texture": "#0"
        },
        "east": {
          "uv": [
            13,
            4.5,
            15.5,
            5
          ],
          "texture": "#0"
        },
        "south": {
          "uv": [
            6,
            12.5,
            9,
            13
          ],
          "texture": "#0"
        },
        "west": {
          "uv": [
            13,
            5,
            15.5,
            5.5
          ],
          "texture": "#0"
        },
        "up": {
          "uv": [
            10,
            8.5,
            7,
            6
          ],
          "texture": "#0"
        },
        "down": {
          "uv": [
            11,
            0,
            8,
            2.5
          ],
          "texture": "#0"
        }
      }
    },
    {
      "from": [
        5,
        0,
        12
      ],
      "to": [
        11,
        4,
        13
      ],
      "rotation": {
        "angle": 0,
        "axis": "y",
        "origin": [
          7,
          0,
          7
        ]
      },
      "faces": {
        "north": {
          "uv": [
            10,
            4.5,
            13,
            6.5
          ],
          "texture": "#0"
        },
        "east": {
          "uv": [
            6.5,
            13,
            7,
            15
          ],
          "texture": "#0"
        },
        "south": {
          "uv": [
            10,
            6.5,
            13,
            8.5
          ],
          "texture": "#0"
        },
        "west": {
          "uv": [
            7,
            13,
            7.5,
            15
          ],
          "texture": "#0"
        },
        "up": {
          "uv": [
            15,
            13,
            12,
            12.5
          ],
          "texture": "#0"
        },
        "down": {
          "uv": [
            4.5,
            13,
            1.5,
            13.5
          ],
          "texture": "#0"
        }
      }
    },
    {
      "from": [
        11,
        0,
        7
      ],
      "to": [
        12,
        4,
        13
      ],
      "rotation": {
        "angle": 0,
        "axis": "y",
        "origin": [
          7,
          0,
          7
        ]
      },
      "faces": {
        "north": {
          "uv": [
            7.5,
            13,
            8,
            15
          ],
          "texture": "#0"
        },
        "east": {
          "uv": [
            6,
            10.5,
            9,
            12.5
          ],
          "texture": "#0"
        },
        "south": {
          "uv": [
            8,
            13,
            8.5,
            15
          ],
          "texture": "#0"
        },
        "west": {
          "uv": [
            10.5,
            8.5,
            13.5,
            10.5
          ],
          "texture": "#0"
        },
        "up": {
          "uv": [
            5,
            15.5,
            4.5,
            12.5
          ],
          "texture": "#0"
        },
        "down": {
          "uv": [
            5.5,
            12.5,
            5,
            15.5
          ],
          "texture": "#0"
        }
      }
    },
    {
      "from": [
        5,
        4,
        7
      ],
      "to": [
        12,
        4,
        13
      ],
      "rotation": {
        "angle": 0,
        "axis": "y",
        "origin": [
          7,
          0,
          7
        ]
      },
      "faces": {
        "north": {
          "uv": [
            0,
            0,
            3.5,
            0
          ],
          "texture": "#0"
        },
        "east": {
          "uv": [
            0,
            0,
            3,
            0
          ],
          "texture": "#0"
        },
        "south": {
          "uv": [
            0,
            0,
            3.5,
            0
          ],
          "texture": "#0"
        },
        "west": {
          "uv": [
            0,
            0,
            3,
            0
          ],
          "texture": "#0"
        },
        "up": {
          "uv": [
            3.5,
            9,
            0,
            6
          ],
          "texture": "#0"
        },
        "down": {
          "uv": [
            7,
            6,
            3.5,
            9
          ],
          "texture": "#0"
        }
      }
    },
    {
      "from": [
        4,
        4,
        7
      ],
      "to": [
        12,
        6,
        13
      ],
      "rotation": {
        "angle": 0,
        "axis": "y",
        "origin": [
          7,
          0,
          7
        ]
      },
      "faces": {
        "north": {
          "uv": [
            9,
            10.5,
            13,
            11.5
          ],
          "texture": "#0"
        },
        "east": {
          "uv": [
            11.5,
            2,
            14.5,
            3
          ],
          "texture": "#0"
        },
        "south": {
          "uv": [
            0,
            11,
            4,
            12
          ],
          "texture": "#0"
        },
        "west": {
          "uv": [
            11.5,
            3,
            14.5,
            4
          ],
          "texture": "#0"
        },
        "up": {
          "uv": [
            8,
            3,
            4,
            0
          ],
          "texture": "#0"
        },
        "down": {
          "uv": [
            8,
            3,
            4,
            6
          ],
          "texture": "#0"
        }
      }
    },
    {
      "from": [
        4.5,
        0,
        4
      ],
      "to": [
        11.5,
        1,
        6
      ],
      "rotation": {
        "angle": 0,
        "axis": "y",
        "origin": [
          9,
          0,
          4
        ]
      },
      "faces": {
        "north": {
          "uv": [
            12,
            11.5,
            15.5,
            12
          ],
          "texture": "#0"
        },
        "east": {
          "uv": [
            6,
            10,
            7,
            10.5
          ],
          "texture": "#0"
        },
        "south": {
          "uv": [
            12,
            12,
            15.5,
            12.5
          ],
          "texture": "#0"
        },
        "west": {
          "uv": [
            13.5,
            7,
            14.5,
            7.5
          ],
          "texture": "#0"
        },
        "up": {
          "uv": [
            14.5,
            1,
            11,
            0
          ],
          "texture": "#0"
        },
        "down": {
          "uv": [
            14.5,
            1,
            11,
            2
          ],
          "texture": "#0"
        }
      }
    },
    {
      "from": [
        4.9,
        6,
        8.9
      ],
      "to": [
        7.9,
        9,
        9.9
      ],
      "rotation": {
        "angle": -22.5,
        "axis": "y",
        "origin": [
          4.9,
          6,
          9.9
        ]
      },
      "faces": {
        "north": {
          "uv": [
            8,
            4.5,
            9.5,
            6
          ],
          "texture": "#0"
        },
        "east": {
          "uv": [
            9.5,
            4.5,
            10,
            6
          ],
          "texture": "#0"
        },
        "south": {
          "uv": [
            4,
            11,
            5.5,
            12.5
          ],
          "texture": "#0"
        },
        "west": {
          "uv": [
            8.5,
            13,
            9,
            14.5
          ],
          "texture": "#0"
        },
        "up": {
          "uv": [
            10.5,
            13.5,
            9,
            13
          ],
          "texture": "#0"
        },
        "down": {
          "uv": [
            12,
            13,
            10.5,
            13.5
          ],
          "texture": "#0"
        }
      }
    },
    {
      "from": [
        4.9,
        6,
        9.9
      ],
      "to": [
        5.8,
        9,
        10.9
      ],
      "rotation": {
        "angle": -22.5,
        "axis": "y",
        "origin": [
          4.9,
          6,
          9.9
        ]
      },
      "faces": {
        "north": {
          "uv": [
            12,
            13,
            12.5,
            14.5
          ],
          "texture": "#0"
        },
        "east": {
          "uv": [
            12.5,
            13,
            13,
            14.5
          ],
          "texture": "#0"
        },
        "south": {
          "uv": [
            13,
            13,
            13.5,
            14.5
          ],
          "texture": "#0"
        },
        "west": {
          "uv": [
            1.5,
            13.5,
            2,
            15
          ],
          "texture": "#0"
        },
        "up": {
          "uv": [
            11.5,
            2.5,
            11,
            2
          ],
          "texture": "#0"
        },
        "down": {
          "uv": [
            14,
            10,
            13.5,
            10.5
          ],
          "texture": "#0"
        }
      }
    },
    {
      "from": [
        6.8,
        6,
        9.9
      ],
      "to": [
        7.9,
        9,
        10.9
      ],
      "rotation": {
        "angle": -22.5,
        "axis": "y",
        "origin": [
          4.9,
          6,
          9.9
        ]
      },
      "faces": {
        "north": {
          "uv": [
            2,
            13.5,
            2.5,
            15
          ],
          "texture": "#0"
        },
        "east": {
          "uv": [
            2.5,
            13.5,
            3,
            15
          ],
          "texture": "#0"
        },
        "south": {
          "uv": [
            3,
            13.5,
            3.5,
            15
          ],
          "texture": "#0"
        },
        "west": {
          "uv": [
            3.5,
            13.5,
            4,
            15
          ],
          "texture": "#0"
        },
        "up": {
          "uv": [
            14.5,
            7,
            14,
            6.5
          ],
          "texture": "#0"
        },
        "down": {
          "uv": [
            10,
            14,
            9.5,
            14.5
          ],
          "texture": "#0"
        }
      }
    },
    {
      "from": [
        4.9,
        6,
        10.9
      ],
      "to": [
        7.9,
        9,
        11.9
      ],
      "rotation": {
        "angle": -22.5,
        "axis": "y",
        "origin": [
          4.9,
          6,
          9.9
        ]
      },
      "faces": {
        "north": {
          "uv": [
            9,
            11.5,
            10.5,
            13
          ],
          "texture": "#0"
        },
        "east": {
          "uv": [
            4,
            13.5,
            4.5,
            15
          ],
          "texture": "#0"
        },
        "south": {
          "uv": [
            10.5,
            11.5,
            12,
            13
          ],
          "texture": "#0"
        },
        "west": {
          "uv": [
            13.5,
            5.5,
            14,
            7
          ],
          "texture": "#0"
        },
        "up": {
          "uv": [
            14.5,
            11,
            13,
            10.5
          ],
          "texture": "#0"
        },
        "down": {
          "uv": [
            14.5,
            11,
            13,
            11.5
          ],
          "texture": "#0"
        }
      }
    },
    {
      "from": [
        7,
        5,
        4.6
      ],
      "to": [
        9,
        6.6,
        5.6
      ],
      "rotation": {
        "angle": 45,
        "axis": "x",
        "origin": [
          7,
          4.6,
          4.6
        ]
      },
      "faces": {
        "north": {
          "uv": [
            6,
            9,
            7,
            10
          ],
          "texture": "#0"
        },
        "east": {
          "uv": [
            13.5,
            8.5,
            14,
            9.5
          ],
          "texture": "#0"
        },
        "south": {
          "uv": [
            13,
            7.5,
            14,
            8.5
          ],
          "texture": "#0"
        },
        "west": {
          "uv": [
            9,
            13.5,
            9.5,
            14.5
          ],
          "texture": "#0"
        },
        "up": {
          "uv": [
            10.5,
            14,
            9.5,
            13.5
          ],
          "texture": "#0"
        },
        "down": {
          "uv": [
            14.5,
            9.5,
            13.5,
            10
          ],
          "texture": "#0"
        }
      }
    },
    {
      "from": [
        6.9,
        3.3,
        4.9
      ],
      "to": [
        7.6,
        4.9,
        5.9
      ],
      "rotation": {
        "angle": 0,
        "axis": "x",
        "origin": [
          7,
          2.9,
          4.9
        ]
      },
      "faces": {
        "north": {
          "uv": [
            10.5,
            13.5,
            11,
            14.5
          ],
          "texture": "#0"
        },
        "east": {
          "uv": [
            11,
            13.5,
            11.5,
            14.5
          ],
          "texture": "#0"
        },
        "south": {
          "uv": [
            11.5,
            13.5,
            12,
            14.5
          ],
          "texture": "#0"
        },
        "west": {
          "uv": [
            13.5,
            13,
            14,
            14
          ],
          "texture": "#0"
        },
        "up": {
          "uv": [
            10.5,
            14.5,
            10,
            14
          ],
          "texture": "#0"
        },
        "down": {
          "uv": [
            14.5,
            10,
            14,
            10.5
          ],
          "texture": "#0"
        }
      }
    },
    {
      "from": [
        8.4,
        3.3,
        4.9
      ],
      "to": [
        9.1,
        4.9,
        5.9
      ],
      "rotation": {
        "angle": 0,
        "axis": "x",
        "origin": [
          7,
          2.9,
          4.9
        ]
      },
      "faces": {
        "north": {
          "uv": [
            5.5,
            14,
            6,
            15
          ],
          "texture": "#0"
        },
        "east": {
          "uv": [
            14,
            5.5,
            14.5,
            6.5
          ],
          "texture": "#0"
        },
        "south": {
          "uv": [
            14,
            7.5,
            14.5,
            8.5
          ],
          "texture": "#0"
        },
        "west": {
          "uv": [
            14,
            8.5,
            14.5,
            9.5
          ],
          "texture": "#0"
        },
        "up": {
          "uv": [
            14.5,
            13.5,
            14,
            13
          ],
          "texture": "#0"
        },
        "down": {
          "uv": [
            14,
            14,
            13.5,
            14.5
          ],
          "texture": "#0"
        }
      }
    },
    {
      "from": [
        7.6,
        3.3,
        4.9
      ],
      "to": [
        8.4,
        4.9,
        5.1
      ],
      "rotation": {
        "angle": 0,
        "axis": "x",
        "origin": [
          6.2,
          2.9,
          4.9
        ]
      },
      "faces": {
        "north": {
          "uv": [
            8.5,
            14.5,
            9,
            15.5
          ],
          "texture": "#0"
        },
        "east": {
          "uv": [
            14.5,
            5.5,
            15,
            6.5
          ],
          "texture": "#0"
        },
        "south": {
          "uv": [
            14.5,
            7.5,
            15,
            8.5
          ],
          "texture": "#0"
        },
        "west": {
          "uv": [
            14.5,
            8.5,
            15,
            9.5
          ],
          "texture": "#0"
        },
        "up": {
          "uv": [
            14.5,
            14,
            14,
            13.5
          ],
          "texture": "#0"
        },
        "down": {
          "uv": [
            14.5,
            14,
            14,
            14.5
          ],
          "texture": "#0"
        }
      }
    }
  ],
  "display": {
    "thirdperson_righthand": {
      "rotation": [
        60.25,
        0,
        0
      ],
      "translation": [
        0,
        2.75,
        3
      ],
      "scale": [
        0.48633,
        0.5,
        0.5
      ]
    },
    "thirdperson_lefthand": {
      "rotation": [
        60.25,
        0,
        0
      ],
      "translation": [
        0,
        2.75,
        3
      ],
      "scale": [
        0.48633,
        0.5,
        0.5
      ]
    },
    "firstperson_righthand": {
      "rotation": [
        -180,
        73.75,
        -180
      ],
      "translation": [
        0,
        6.25,
        0
      ]
    },
    "firstperson_lefthand": {
      "rotation": [
        -180,
        73.75,
        -180
      ],
      "translation": [
        0,
        6.25,
        0
      ]
    },
    "ground": {
      "translation": [
        0,
        5,
        0
      ]
    },
    "gui": {
      "rotation": [
        -158,
        38.5,
        180
      ],
      "translation": [
        0,
        2.25,
        0
      ]
    },
    "head": {
      "translation": [
        0,
        8.25,
        0
      ]
    },
    "fixed": {
      "translation": [
        0,
        0,
        -3.5
      ]
    }
  }
}