{
  "format_version": "1.9.0",
  "credit": "Made with Blockbench",
  "texture_size": [
    64,
    64
  ],
  "elements": [
    {
      "from": [
        3,
        0,
        1
      ],
      "to": [
        13,
        1.2,
        4.5
      ],
      "rotation": {
        "angle": 0,
        "axis": "y",
        "origin": [
          7,
          0,
          11
        ]
      },
      "faces": {
        "north": {
          "uv": [
            5.75,
            7.5,
            8.25,
            7.75
          ],
          "texture": "#0"
        },
        "east": {
          "uv": [
            8,
            5.75,
            9,
            6
          ],
          "texture": "#0"
        },
        "south": {
          "uv": [
            5.75,
            7.75,
            8.25,
            8
          ],
          "texture": "#0"
        },
        "west": {
          "uv": [
            8,
            6,
            9,
            6.25
          ],
          "texture": "#0"
        },
        "up": {
          "uv": [
            8.5,
            7.5,
            6,
            6.5
          ],
          "texture": "#0"
        },
        "down": {
          "uv": [
            2.5,
            7,
            0,
            8
          ],
          "texture": "#0"
        }
      }
    },
    {
      "from": [
        3,
        0,
        4.5
      ],
      "to": [
        13,
        2,
        13
      ],
      "rotation": {
        "angle": 0,
        "axis": "y",
        "origin": [
          7,
          0,
          11
        ]
      },
      "faces": {
        "north": {
          "uv": [
            2.5,
            7,
            5,
            7.5
          ],
          "texture": "#0"
        },
        "east": {
          "uv": [
            7,
            3.5,
            9.25,
            4
          ],
          "texture": "#0"
        },
        "south": {
          "uv": [
            7,
            3,
            9.5,
            3.5
          ],
          "texture": "#0"
        },
        "west": {
          "uv": [
            7,
            4,
            9.25,
            4.5
          ],
          "texture": "#0"
        },
        "up": {
          "uv": [
            2.5,
            2.25,
            0,
            0
          ],
          "texture": "#0"
        },
        "down": {
          "uv": [
            2.5,
            2.25,
            0,
            4.5
          ],
          "texture": "#0"
        }
      }
    },
    {
      "from": [
        4,
        2,
        4.5
      ],
      "to": [
        12,
        12,
        12.5
      ],
      "rotation": {
        "angle": 0,
        "axis": "y",
        "origin": [
          7,
          10,
          11
        ]
      },
      "faces": {
        "north": {
          "uv": [
            0,
            4.5,
            2,
            7
          ],
          "texture": "#0"
        },
        "east": {
          "uv": [
            2,
            4.5,
            4,
            7
          ],
          "texture": "#0"
        },
        "south": {
          "uv": [
            4,
            4.5,
            6,
            7
          ],
          "texture": "#0"
        },
        "west": {
          "uv": [
            5,
            0,
            7,
            2.5
          ],
          "texture": "#0"
        },
        "up": {
          "uv": [
            7,
            4.5,
            5,
            2.5
          ],
          "texture": "#0"
        },
        "down": {
          "uv": [
            8,
            4.5,
            6,
            6.5
          ],
          "texture": "#0"
        }
      }
    },
    {
      "from": [
        3,
        10,
        3.8
      ],
      "to": [
        13,
        12.5,
        13.2
      ],
      "rotation": {
        "angle": 0,
        "axis": "y",
        "origin": [
          7,
          10,
          11
        ]
      },
      "faces": {
        "north": {
          "uv": [
            7,
            0,
            9.5,
            0.75
          ],
          "texture": "#0"
        },
        "east": {
          "uv": [
            7,
            1.5,
            9.25,
            2.25
          ],
          "texture": "#0"
        },
        "south": {
          "uv": [
            7,
            0.75,
            9.5,
            1.5
          ],
          "texture": "#0"
        },
        "west": {
          "uv": [
            7,
            2.25,
            9.25,
            3
          ],
          "texture": "#0"
        },
        "up": {
          "uv": [
            5,
            2.25,
            2.5,
            0
          ],
          "texture": "#0"
        },
        "down": {
          "uv": [
            5,
            2.25,
            2.5,
            4.5
          ],
          "texture": "#0"
        }
      }
    },
    {
      "from": [
        6.6,
        9,
        2.7
      ],
      "to": [
        9.4,
        13,
        4.7
      ],
      "rotation": {
        "angle": 45,
        "axis": "x",
        "origin": [
          7,
          11,
          2.7
        ]
      },
      "faces": {
        "north": {
          "uv": [
            5,
            7,
            5.75,
            8
          ],
          "texture": "#0"
        },
        "east": {
          "uv": [
            4.75,
            8,
            5.25,
            9
          ],
          "texture": "#0"
        },
        "south": {
          "uv": [
            2.5,
            7.5,
            3.25,
            8.5
          ],
          "texture": "#0"
        },
        "west": {
          "uv": [
            5.25,
            8,
            5.75,
            9
          ],
          "texture": "#0"
        },
        "up": {
          "uv": [
            8.75,
            5.75,
            8,
            5.25
          ],
          "texture": "#0"
        },
        "down": {
          "uv": [
            6.5,
            8,
            5.75,
            8.5
          ],
          "texture": "#0"
        }
      }
    },
    {
      "from": [
        6.5,
        6.8,
        1.3
      ],
      "to": [
        9.5,
        9.6,
        4.3
      ],
      "rotation": {
        "angle": 0,
        "axis": "x",
        "origin": [
          7,
          7.6,
          1.3
        ]
      },
      "faces": {
        "north": {
          "uv": [
            3.25,
            7.5,
            4,
            8.25
          ],
          "texture": "#0"
        },
        "east": {
          "uv": [
            4,
            7.5,
            4.75,
            8.25
          ],
          "texture": "#0"
        },
        "south": {
          "uv": [
            0,
            8,
            0.75,
            8.75
          ],
          "texture": "#0"
        },
        "west": {
          "uv": [
            0.75,
            8,
            1.5,
            8.75
          ],
          "texture": "#0"
        },
        "up": {
          "uv": [
            2.25,
            8.75,
            1.5,
            8
          ],
          "texture": "#0"
        },
        "down": {
          "uv": [
            8.75,
            4.5,
            8,
            5.25
          ],
          "texture": "#0"
        }
      }
    }
  ],
  "display": {
    "thirdperson_righthand": {
      "rotation": [
        75,
        45,
        0
      ],
      "translation": [
        0,
        2.5,
        1.75
      ],
      "scale": [
        0.375,
        0.375,
        0.375
      ]
    },
    "thirdperson_lefthand": {
      "rotation": [
        75,
        45,
        0
      ],
      "translation": [
        0,
        2.5,
        1.75
      ],
      "scale": [
        0.375,
        0.375,
        0.375
      ]
    },
    "firstperson_righthand": {
      "rotation": [
        -180,
        54.75,
        -180
      ],
      "translation": [
        0,
        4.25,
        0
      ],
      "scale": [
        0.4,
        0.4,
        0.4
      ]
    },
    "firstperson_lefthand": {
      "rotation": [
        -180,
        54.75,
        -180
      ],
      "translation": [
        0,
        4.25,
        0
      ],
      "scale": [
        0.4,
        0.4,
        0.4
      ]
    },
    "ground": {
      "translation": [
        0,
        2,
        0
      ],
      "scale": [
        0.5,
        0.5,
        0.5
      ]
    },
    "gui": {
      "rotation": [
        -162.59,
        34.69,
        -179.11
      ],
      "scale": [
        0.625,
        0.625,
        0.625
      ]
    },
    "head": {
      "rotation": [
        -22.75,
        0,
        0
      ],
      "translation": [
        0,
        0.5,
        -1.25
      ],
      "scale": [
        1,
        0.59375,
        1.01758
      ]
    }
  }
}