{
  "credit": "Made with Blockbench",
  "texture_size": [
    32,
    32
  ],
  "elements": [
    {
      "from": [
        5.5,
        -3.5,
        6
      ],
      "to": [
        10.5,
        -0.25,
        9
      ],
      "rotation": {
        "angle": 0,
        "axis": "y",
        "origin": [
          8,
          -0.5,
          7.5
        ]
      },
      "faces": {
        "north": {
          "uv": [
            5,
            0,
            10,
            0.5
          ],
          "texture": "#0"
        },
        "east": {
          "uv": [
            5,
            1,
            9,
            1.5
          ],
          "texture": "#0"
        },
        "south": {
          "uv": [
            5,
            0.5,
            10,
            1
          ],
          "texture": "#0"
        },
        "west": {
          "uv": [
            5,
            1.5,
            9,
            2
          ],
          "texture": "#0"
        },
        "up": {
          "uv": [
            5,
            4,
            0,
            0
          ],
          "texture": "#0"
        },
        "down": {
          "uv": [
            5,
            4,
            0,
            8
          ],
          "texture": "#0"
        }
      }
    },
    {
      "from": [
        7.75,
        -0.25,
        7
      ],
      "to": [
        8.75,
        1.75,
        7.75
      ],
      "rotation": {
        "angle": 0,
        "axis": "y",
        "origin": [
          8.25,
          -0.25,
          7.5
        ]
      },
      "faces": {
        "north": {
          "uv": [
            0,
            0,
            0.5,
            1
          ],
          "texture": "#0"
        },
        "east": {
          "uv": [
            0,
            0,
            0.375,
            1
          ],
          "texture": "#0"
        },
        "south": {
          "uv": [
            0,
            0,
            0.5,
            1
          ],
          "texture": "#0"
        },
        "west": {
          "uv": [
            0,
            0,
            0.375,
            1
          ],
          "texture": "#0"
        },
        "up": {
          "uv": [
            0,
            0,
            0.5,
            0.375
          ],
          "texture": "#0"
        },
        "down": {
          "uv": [
            0,
            0,
            0.5,
            0.375
          ],
          "texture": "#0"
        }
      }
    },
    {
      "from": [
        7.80814,
        1.53544,
        7
      ],
      "to": [
        8.80814,
        3.53544,
        7.75
      ],
      "rotation": {
        "angle": 22.5,
        "axis": "z",
        "origin": [
          8.25,
          1.75,
          7.5
        ]
      },
      "faces": {
        "north": {
          "uv": [
            0,
            0,
            0.5,
            1
          ],
          "texture": "#0"
        },
        "east": {
          "uv": [
            0,
            0,
            0.375,
            1
          ],
          "texture": "#0"
        },
        "south": {
          "uv": [
            0,
            0,
            0.5,
            1
          ],
          "texture": "#0"
        },
        "west": {
          "uv": [
            0,
            0,
            0.375,
            1
          ],
          "texture": "#0"
        },
        "up": {
          "uv": [
            0,
            0,
            0.5,
            0.375
          ],
          "texture": "#0"
        },
        "down": {
          "uv": [
            0,
            0,
            0.5,
            0.375
          ],
          "texture": "#0"
        }
      }
    }
  ],
  "display": {
    "thirdperson_righthand": {
      "rotation": [
        65.24,
        -0.01,
        0.05
      ],
      "translation": [
        0,
        3.5,
        6.5
      ]
    },
    "thirdperson_lefthand": {
      "rotation": [
        65.24,
        -0.01,
        0.05
      ],
      "translation": [
        0,
        3.5,
        6.5
      ]
    },
    "firstperson_righthand": {
      "rotation": [
        65.24,
        -0.01,
        0.05
      ],
      "translation": [
        0,
        3.5,
        6.5
      ]
    },
    "firstperson_lefthand": {
      "rotation": [
        65.24,
        -0.01,
        0.05
      ],
      "translation": [
        0,
        3.5,
        6.5
      ]
    },
    "ground": {
      "rotation": [
        65.24,
        -0.01,
        0.05
      ],
      "translation": [
        0,
        3.5,
        6.5
      ]
    },
    "gui": {
      "rotation": [
        61.83,
        -26.25,
        12.6
      ],
      "translation": [
        -2.5,
        6.5,
        6.5
      ],
      "scale": [
        2,
        2,
        2
      ]
    },
    "head": {
      "rotation": [
        65.24,
        -0.01,
        0.05
      ],
      "translation": [
        0,
        8.75,
        13.5
      ]
    },
    "fixed": {
      "rotation": [
        -59.76,
        -0.01,
        0.05
      ],
      "translation": [
        0,
        3.5,
        -5.75
      ]
    }
  }
}