{
  "credit": "Made with Blockbench",
  "texture_size": [
    32,
    32
  ],
  "elements": [
    {
      "from": [
        5.75,
        0,
        9
      ],
      "to": [
        7.9,
        5,
        10.75
      ],
      "rotation": {
        "angle": 0,
        "axis": "y",
        "origin": [
          4,
          0,
          10
        ]
      },
      "faces": {
        "north": {
          "uv": [
            6.5,
            8.5,
            7.5,
            11
          ],
          "texture": "#0"
        },
        "east": {
          "uv": [
            9,
            6,
            10,
            8.5
          ],
          "texture": "#0"
        },
        "south": {
          "uv": [
            7.5,
            9,
            8.5,
            11.5
          ],
          "texture": "#0"
        },
        "west": {
          "uv": [
            8.5,
            9,
            9.5,
            11.5
          ],
          "texture": "#0"
        },
        "up": {
          "uv": [
            8,
            3.5,
            7,
            2.5
          ],
          "texture": "#0"
        },
        "down": {
          "uv": [
            12.5,
            5.5,
            11.5,
            6.5
          ],
          "texture": "#0"
        }
      }
    },
    {
      "from": [
        8.1,
        0,
        6.5
      ],
      "to": [
        10.25,
        1.25,
        9
      ],
      "rotation": {
        "angle": 0,
        "axis": "y",
        "origin": [
          8,
          0,
          7
        ]
      },
      "faces": {
        "north": {
          "uv": [
            12.5,
            4,
            13.5,
            4.5
          ],
          "texture": "#0"
        },
        "east": {
          "uv": [
            8.5,
            2,
            10,
            2.5
          ],
          "texture": "#0"
        },
        "south": {
          "uv": [
            12.5,
            4.5,
            13.5,
            5
          ],
          "texture": "#0"
        },
        "west": {
          "uv": [
            12.5,
            1,
            14,
            1.5
          ],
          "texture": "#0"
        },
        "up": {
          "uv": [
            12.5,
            1.5,
            11.5,
            0
          ],
          "texture": "#0"
        },
        "down": {
          "uv": [
            5,
            11.5,
            4,
            13
          ],
          "texture": "#0"
        }
      }
    },
    {
      "from": [
        5.75,
        0,
        6.5
      ],
      "to": [
        7.9,
        1.25,
        9
      ],
      "rotation": {
        "angle": 0,
        "axis": "y",
        "origin": [
          6,
          0,
          7
        ]
      },
      "faces": {
        "north": {
          "uv": [
            12.5,
            5,
            13.5,
            5.5
          ],
          "texture": "#0"
        },
        "east": {
          "uv": [
            12.5,
            3,
            14,
            3.5
          ],
          "texture": "#0"
        },
        "south": {
          "uv": [
            12.5,
            5.5,
            13.5,
            6
          ],
          "texture": "#0"
        },
        "west": {
          "uv": [
            12.5,
            3.5,
            14,
            4
          ],
          "texture": "#0"
        },
        "up": {
          "uv": [
            12.5,
            5.5,
            11.5,
            4
          ],
          "texture": "#0"
        },
        "down": {
          "uv": [
            6,
            11.5,
            5,
            13
          ],
          "texture": "#0"
        }
      }
    },
    {
      "from": [
        8.1,
        0,
        9
      ],
      "to": [
        10.25,
        5,
        10.75
      ],
      "rotation": {
        "angle": 0,
        "axis": "y",
        "origin": [
          6,
          0,
          10
        ]
      },
      "faces": {
        "north": {
          "uv": [
            0,
            9.5,
            1,
            12
          ],
          "texture": "#0"
        },
        "east": {
          "uv": [
            9.5,
            8.5,
            10.5,
            11
          ],
          "texture": "#0"
        },
        "south": {
          "uv": [
            10,
            6,
            11,
            8.5
          ],
          "texture": "#0"
        },
        "west": {
          "uv": [
            1,
            10.5,
            2,
            13
          ],
          "texture": "#0"
        },
        "up": {
          "uv": [
            12.5,
            7.5,
            11.5,
            6.5
          ],
          "texture": "#0"
        },
        "down": {
          "uv": [
            8.5,
            11.5,
            7.5,
            12.5
          ],
          "texture": "#0"
        }
      }
    },
    {
      "from": [
        8.15,
        1,
        7.9
      ],
      "to": [
        10.15,
        2,
        9.9
      ],
      "rotation": {
        "angle": 0,
        "axis": "y",
        "origin": [
          8.15,
          0,
          7.9
        ]
      },
      "faces": {
        "north": {
          "uv": [
            12.5,
            6,
            13.5,
            6.5
          ],
          "texture": "#0"
        },
        "east": {
          "uv": [
            12.5,
            6.5,
            13.5,
            7
          ],
          "texture": "#0"
        },
        "south": {
          "uv": [
            12.5,
            7,
            13.5,
            7.5
          ],
          "texture": "#0"
        },
        "west": {
          "uv": [
            7.5,
            12.5,
            8.5,
            13
          ],
          "texture": "#0"
        },
        "up": {
          "uv": [
            12.5,
            8.5,
            11.5,
            7.5
          ],
          "texture": "#0"
        },
        "down": {
          "uv": [
            9.5,
            11.5,
            8.5,
            12.5
          ],
          "texture": "#0"
        }
      }
    },
    {
      "from": [
        5.85,
        1,
        7.9
      ],
      "to": [
        7.85,
        2,
        9.9
      ],
      "rotation": {
        "angle": 0,
        "axis": "y",
        "origin": [
          5.85,
          0,
          7.9
        ]
      },
      "faces": {
        "north": {
          "uv": [
            12.5,
            7.5,
            13.5,
            8
          ],
          "texture": "#0"
        },
        "east": {
          "uv": [
            12.5,
            8,
            13.5,
            8.5
          ],
          "texture": "#0"
        },
        "south": {
          "uv": [
            8.5,
            12.5,
            9.5,
            13
          ],
          "texture": "#0"
        },
        "west": {
          "uv": [
            12.5,
            8.5,
            13.5,
            9
          ],
          "texture": "#0"
        },
        "up": {
          "uv": [
            12.5,
            9.5,
            11.5,
            8.5
          ],
          "texture": "#0"
        },
        "down": {
          "uv": [
            12.5,
            9.5,
            11.5,
            10.5
          ],
          "texture": "#0"
        }
      }
    },
    {
      "from": [
        5.75,
        5,
        8.85
      ],
      "to": [
        10.25,
        12,
        10.85
      ],
      "rotation": {
        "angle": 0,
        "axis": "y",
        "origin": [
          7,
          5,
          8.85
        ]
      },
      "faces": {
        "north": {
          "uv": [
            0,
            0,
            2.5,
            3.5
          ],
          "texture": "#0"
        },
        "east": {
          "uv": [
            1.5,
            7,
            2.5,
            10.5
          ],
          "texture": "#0"
        },
        "south": {
          "uv": [
            2.5,
            0,
            5,
            3.5
          ],
          "texture": "#0"
        },
        "west": {
          "uv": [
            2.5,
            7,
            3.5,
            10.5
          ],
          "texture": "#0"
        },
        "up": {
          "uv": [
            12.5,
            3,
            10,
            2
          ],
          "texture": "#0"
        },
        "down": {
          "uv": [
            12.5,
            3,
            10,
            4
          ],
          "texture": "#0"
        }
      }
    },
    {
      "from": [
        5.95,
        5,
        8.35
      ],
      "to": [
        10.05,
        11.9,
        9.35
      ],
      "rotation": {
        "angle": 0,
        "axis": "y",
        "origin": [
          7,
          5,
          8.35
        ]
      },
      "faces": {
        "north": {
          "uv": [
            0,
            3.5,
            2,
            7
          ],
          "texture": "#0"
        },
        "east": {
          "uv": [
            2,
            10.5,
            2.5,
            14
          ],
          "texture": "#0"
        },
        "south": {
          "uv": [
            2,
            3.5,
            4,
            7
          ],
          "texture": "#0"
        },
        "west": {
          "uv": [
            2.5,
            10.5,
            3,
            14
          ],
          "texture": "#0"
        },
        "up": {
          "uv": [
            13.5,
            2,
            11.5,
            1.5
          ],
          "texture": "#0"
        },
        "down": {
          "uv": [
            13.5,
            10.5,
            11.5,
            11
          ],
          "texture": "#0"
        }
      }
    },
    {
      "from": [
        5.95,
        5,
        10.35
      ],
      "to": [
        10.05,
        11.9,
        11.35
      ],
      "rotation": {
        "angle": 0,
        "axis": "y",
        "origin": [
          7,
          5,
          10.35
        ]
      },
      "faces": {
        "north": {
          "uv": [
            4,
            3.5,
            6,
            7
          ],
          "texture": "#0"
        },
        "east": {
          "uv": [
            3,
            10.5,
            3.5,
            14
          ],
          "texture": "#0"
        },
        "south": {
          "uv": [
            5,
            0,
            7,
            3.5
          ],
          "texture": "#0"
        },
        "west": {
          "uv": [
            10.5,
            8.5,
            11,
            12
          ],
          "texture": "#0"
        },
        "up": {
          "uv": [
            13.5,
            11.5,
            11.5,
            11
          ],
          "texture": "#0"
        },
        "down": {
          "uv": [
            13.5,
            11.5,
            11.5,
            12
          ],
          "texture": "#0"
        }
      }
    },
    {
      "from": [
        9.45,
        5,
        9.35
      ],
      "to": [
        10.55,
        11.9,
        10.35
      ],
      "rotation": {
        "angle": 0,
        "axis": "y",
        "origin": [
          10.5,
          5,
          9.35
        ]
      },
      "faces": {
        "north": {
          "uv": [
            11,
            4,
            11.5,
            7.5
          ],
          "texture": "#0"
        },
        "east": {
          "uv": [
            6.5,
            11,
            7,
            14.5
          ],
          "texture": "#0"
        },
        "south": {
          "uv": [
            7,
            11,
            7.5,
            14.5
          ],
          "texture": "#0"
        },
        "west": {
          "uv": [
            11,
            7.5,
            11.5,
            11
          ],
          "texture": "#0"
        },
        "up": {
          "uv": [
            6,
            7.5,
            5.5,
            7
          ],
          "texture": "#0"
        },
        "down": {
          "uv": [
            6,
            7.5,
            5.5,
            8
          ],
          "texture": "#0"
        }
      }
    },
    {
      "from": [
        5.45,
        5,
        9.35
      ],
      "to": [
        6.55,
        11.9,
        10.35
      ],
      "rotation": {
        "angle": 0,
        "axis": "y",
        "origin": [
          6.5,
          5,
          9.35
        ]
      },
      "faces": {
        "north": {
          "uv": [
            9.5,
            11,
            10,
            14.5
          ],
          "texture": "#0"
        },
        "east": {
          "uv": [
            10,
            11,
            10.5,
            14.5
          ],
          "texture": "#0"
        },
        "south": {
          "uv": [
            11,
            11,
            11.5,
            14.5
          ],
          "texture": "#0"
        },
        "west": {
          "uv": [
            3.5,
            11.5,
            4,
            15
          ],
          "texture": "#0"
        },
        "up": {
          "uv": [
            6,
            8.5,
            5.5,
            8
          ],
          "texture": "#0"
        },
        "down": {
          "uv": [
            8,
            8.5,
            7.5,
            9
          ],
          "texture": "#0"
        }
      }
    },
    {
      "from": [
        6.8,
        12.1,
        7
      ],
      "to": [
        9.2,
        12.8,
        8
      ],
      "rotation": {
        "angle": 0,
        "axis": "y",
        "origin": [
          8,
          11.8,
          7
        ]
      },
      "faces": {
        "north": {
          "uv": [
            12.5,
            9,
            13.5,
            9.5
          ],
          "texture": "#0"
        },
        "east": {
          "uv": [
            9,
            8.5,
            9.5,
            9
          ],
          "texture": "#0"
        },
        "south": {
          "uv": [
            12.5,
            9.5,
            13.5,
            10
          ],
          "texture": "#0"
        },
        "west": {
          "uv": [
            1,
            9.5,
            1.5,
            10
          ],
          "texture": "#0"
        },
        "up": {
          "uv": [
            13.5,
            10.5,
            12.5,
            10
          ],
          "texture": "#0"
        },
        "down": {
          "uv": [
            13.5,
            12,
            12.5,
            12.5
          ],
          "texture": "#0"
        }
      }
    },
    {
      "from": [
        6.8,
        13.5,
        7
      ],
      "to": [
        9.2,
        14.2,
        8
      ],
      "rotation": {
        "angle": 0,
        "axis": "y",
        "origin": [
          8,
          13.2,
          7
        ]
      },
      "faces": {
        "north": {
          "uv": [
            12.5,
            12.5,
            13.5,
            13
          ],
          "texture": "#0"
        },
        "east": {
          "uv": [
            1,
            10,
            1.5,
            10.5
          ],
          "texture": "#0"
        },
        "south": {
          "uv": [
            0,
            13,
            1,
            13.5
          ],
          "texture": "#0"
        },
        "west": {
          "uv": [
            6,
            11.5,
            6.5,
            12
          ],
          "texture": "#0"
        },
        "up": {
          "uv": [
            2,
            13.5,
            1,
            13
          ],
          "texture": "#0"
        },
        "down": {
          "uv": [
            5,
            13,
            4,
            13.5
          ],
          "texture": "#0"
        }
      }
    },
    {
      "from": [
        6,
        12,
        7.75
      ],
      "to": [
        10,
        17,
        10.75
      ],
      "rotation": {
        "angle": 0,
        "axis": "y",
        "origin": [
          8,
          12,
          9
        ]
      },
      "faces": {
        "north": {
          "uv": [
            13.5,
            6,
            16,
            9.5
          ],
          "texture": "#0"
        },
        "east": {
          "uv": [
            0,
            7,
            1.5,
            9.5
          ],
          "texture": "#0"
        },
        "south": {
          "uv": [
            6,
            6,
            8,
            8.5
          ],
          "texture": "#0"
        },
        "west": {
          "uv": [
            7,
            0,
            8.5,
            2.5
          ],
          "texture": "#0"
        },
        "up": {
          "uv": [
            5.5,
            8.5,
            3.5,
            7
          ],
          "texture": "#0"
        },
        "down": {
          "uv": [
            10,
            2.5,
            8,
            4
          ],
          "texture": "#0"
        }
      }
    },
    {
      "from": [
        7,
        13.2,
        7.1
      ],
      "to": [
        9,
        13.5,
        7.1
      ],
      "rotation": {
        "angle": 0,
        "axis": "y",
        "origin": [
          7,
          12.5,
          7.1
        ]
      },
      "faces": {
        "north": {
          "uv": [
            12.5,
            14,
            15,
            15
          ],
          "texture": "#0"
        },
        "east": {
          "uv": [
            15.5,
            2,
            15.5,
            2.5
          ],
          "texture": "#0"
        },
        "south": {
          "uv": [
            14.5,
            9,
            15.5,
            9.5
          ],
          "texture": "#0"
        },
        "west": {
          "uv": [
            12.5,
            13.5,
            12.5,
            14
          ],
          "texture": "#0"
        },
        "up": {
          "uv": [
            1,
            15,
            2,
            15
          ],
          "texture": "#0"
        },
        "down": {
          "uv": [
            0,
            13.5,
            1,
            13.5
          ],
          "texture": "#0"
        }
      }
    },
    {
      "from": [
        7,
        13.2,
        7.1
      ],
      "to": [
        7,
        13.5,
        8
      ],
      "rotation": {
        "angle": 0,
        "axis": "y",
        "origin": [
          7,
          12.5,
          7
        ]
      },
      "faces": {
        "north": {
          "uv": [
            13,
            15.5,
            13,
            16
          ],
          "texture": "#0"
        },
        "east": {
          "uv": [
            10,
            15.5,
            10.5,
            16
          ],
          "texture": "#0"
        },
        "south": {
          "uv": [
            8,
            15.5,
            8,
            16
          ],
          "texture": "#0"
        },
        "west": {
          "uv": [
            15,
            5,
            16,
            6
          ],
          "texture": "#0"
        },
        "up": {
          "uv": [
            15.5,
            16,
            16,
            16
          ],
          "rotation": 90,
          "texture": "#0"
        },
        "down": {
          "uv": [
            14.5,
            14.5,
            15,
            14.5
          ],
          "rotation": 270,
          "texture": "#0"
        }
      }
    },
    {
      "from": [
        9,
        13.2,
        7.1
      ],
      "to": [
        9,
        13.5,
        8.1
      ],
      "rotation": {
        "angle": 0,
        "axis": "y",
        "origin": [
          9,
          12.5,
          7.1
        ]
      },
      "faces": {
        "north": {
          "uv": [
            15,
            0,
            15,
            0.5
          ],
          "texture": "#0"
        },
        "east": {
          "uv": [
            14.5,
            14,
            16,
            15
          ],
          "texture": "#0"
        },
        "south": {
          "uv": [
            16,
            0.5,
            16,
            1
          ],
          "texture": "#0"
        },
        "west": {
          "uv": [
            13.5,
            4,
            14,
            4.5
          ],
          "texture": "#0"
        },
        "up": {
          "uv": [
            13.5,
            0,
            14,
            0
          ],
          "rotation": 90,
          "texture": "#0"
        },
        "down": {
          "uv": [
            13.5,
            9,
            14,
            9
          ],
          "rotation": 270,
          "texture": "#0"
        }
      }
    },
    {
      "from": [
        9,
        12.7,
        7.1
      ],
      "to": [
        9,
        13,
        8.1
      ],
      "rotation": {
        "angle": 0,
        "axis": "y",
        "origin": [
          9,
          12,
          7.1
        ]
      },
      "faces": {
        "north": {
          "uv": [
            15,
            0,
            15,
            0.5
          ],
          "texture": "#0"
        },
        "east": {
          "uv": [
            14.5,
            14,
            16,
            15
          ],
          "texture": "#0"
        },
        "south": {
          "uv": [
            16,
            0.5,
            16,
            1
          ],
          "texture": "#0"
        },
        "west": {
          "uv": [
            13.5,
            4,
            14,
            4.5
          ],
          "texture": "#0"
        },
        "up": {
          "uv": [
            13.5,
            0,
            14,
            0
          ],
          "rotation": 90,
          "texture": "#0"
        },
        "down": {
          "uv": [
            13.5,
            9,
            14,
            9
          ],
          "rotation": 270,
          "texture": "#0"
        }
      }
    },
    {
      "from": [
        7,
        12.7,
        7.1
      ],
      "to": [
        9,
        13,
        7.1
      ],
      "rotation": {
        "angle": 0,
        "axis": "y",
        "origin": [
          7,
          12,
          7.1
        ]
      },
      "faces": {
        "north": {
          "uv": [
            12.5,
            14,
            15,
            15
          ],
          "texture": "#0"
        },
        "east": {
          "uv": [
            15.5,
            2,
            15.5,
            2.5
          ],
          "texture": "#0"
        },
        "south": {
          "uv": [
            14.5,
            9,
            15.5,
            9.5
          ],
          "texture": "#0"
        },
        "west": {
          "uv": [
            12.5,
            13.5,
            12.5,
            14
          ],
          "texture": "#0"
        },
        "up": {
          "uv": [
            1,
            15,
            2,
            15
          ],
          "texture": "#0"
        },
        "down": {
          "uv": [
            0,
            13.5,
            1,
            13.5
          ],
          "texture": "#0"
        }
      }
    },
    {
      "from": [
        7,
        12.7,
        7.1
      ],
      "to": [
        7,
        13,
        8
      ],
      "rotation": {
        "angle": 0,
        "axis": "y",
        "origin": [
          7,
          12,
          7
        ]
      },
      "faces": {
        "north": {
          "uv": [
            13,
            15.5,
            13,
            16
          ],
          "texture": "#0"
        },
        "east": {
          "uv": [
            10,
            15.5,
            10.5,
            16
          ],
          "texture": "#0"
        },
        "south": {
          "uv": [
            8,
            15.5,
            8,
            16
          ],
          "texture": "#0"
        },
        "west": {
          "uv": [
            15,
            5,
            16,
            6
          ],
          "texture": "#0"
        },
        "up": {
          "uv": [
            15.5,
            16,
            16,
            16
          ],
          "rotation": 90,
          "texture": "#0"
        },
        "down": {
          "uv": [
            14.5,
            14.5,
            15,
            14.5
          ],
          "rotation": 270,
          "texture": "#0"
        }
      }
    },
    {
      "from": [
        6,
        13,
        9
      ],
      "to": [
        8,
        15,
        10
      ],
      "rotation": {
        "angle": -29.5,
        "axis": "y",
        "origin": [
          6,
          14.5,
          8
        ]
      },
      "faces": {
        "north": {
          "uv": [
            7.5,
            1,
            8.5,
            2
          ],
          "texture": "#0"
        },
        "east": {
          "uv": [
            7.5,
            1,
            8,
            2
          ],
          "texture": "#0"
        },
        "south": {
          "uv": [
            7.5,
            1,
            8.5,
            2
          ],
          "texture": "#0"
        },
        "west": {
          "uv": [
            7.5,
            1,
            8,
            2
          ],
          "texture": "#0"
        },
        "up": {
          "uv": [
            7.5,
            1,
            8.5,
            1.5
          ],
          "texture": "#0"
        },
        "down": {
          "uv": [
            7.5,
            1,
            8.5,
            1.5
          ],
          "texture": "#0"
        }
      }
    },
    {
      "from": [
        8.3,
        13,
        9.5
      ],
      "to": [
        10.3,
        15,
        10.5
      ],
      "rotation": {
        "angle": 29.5,
        "axis": "y",
        "origin": [
          8.3,
          14.5,
          8.5
        ]
      },
      "faces": {
        "north": {
          "uv": [
            7.5,
            1,
            8.5,
            2
          ],
          "texture": "#0"
        },
        "east": {
          "uv": [
            7.5,
            1,
            8,
            2
          ],
          "texture": "#0"
        },
        "south": {
          "uv": [
            7.5,
            1,
            8.5,
            2
          ],
          "texture": "#0"
        },
        "west": {
          "uv": [
            7.5,
            1,
            8,
            2
          ],
          "texture": "#0"
        },
        "up": {
          "uv": [
            7.5,
            1,
            8.5,
            1.5
          ],
          "texture": "#0"
        },
        "down": {
          "uv": [
            7.5,
            1,
            8.5,
            1.5
          ],
          "texture": "#0"
        }
      }
    },
    {
      "from": [
        10,
        8.95,
        5.25
      ],
      "to": [
        12,
        10.95,
        11.35
      ],
      "rotation": {
        "angle": -22.5,
        "axis": "x",
        "origin": [
          10,
          8.35,
          8.35
        ]
      },
      "faces": {
        "north": {
          "uv": [
            0,
            12,
            1,
            13
          ],
          "texture": "#0"
        },
        "east": {
          "uv": [
            8,
            4,
            11,
            5
          ],
          "texture": "#0"
        },
        "south": {
          "uv": [
            11.5,
            12,
            12.5,
            13
          ],
          "texture": "#0"
        },
        "west": {
          "uv": [
            8,
            5,
            11,
            6
          ],
          "texture": "#0"
        },
        "up": {
          "uv": [
            9,
            9,
            8,
            6
          ],
          "texture": "#0"
        },
        "down": {
          "uv": [
            4.5,
            8.5,
            3.5,
            11.5
          ],
          "texture": "#0"
        }
      }
    },
    {
      "from": [
        4,
        9.35,
        4.95
      ],
      "to": [
        6,
        11.35,
        11.05
      ],
      "rotation": {
        "angle": -22.5,
        "axis": "x",
        "origin": [
          4,
          9.35,
          9.05
        ]
      },
      "faces": {
        "north": {
          "uv": [
            12.5,
            0,
            13.5,
            1
          ],
          "texture": "#0"
        },
        "east": {
          "uv": [
            8.5,
            0,
            11.5,
            1
          ],
          "texture": "#0"
        },
        "south": {
          "uv": [
            12.5,
            2,
            13.5,
            3
          ],
          "texture": "#0"
        },
        "west": {
          "uv": [
            8.5,
            1,
            11.5,
            2
          ],
          "texture": "#0"
        },
        "up": {
          "uv": [
            5.5,
            11.5,
            4.5,
            8.5
          ],
          "texture": "#0"
        },
        "down": {
          "uv": [
            6.5,
            8.5,
            5.5,
            11.5
          ],
          "texture": "#0"
        }
      }
    },
    {
      "from": [
        5.8,
        16.1,
        7.5
      ],
      "to": [
        10.2,
        18.1,
        11.5
      ],
      "rotation": {
        "angle": 0,
        "axis": "z",
        "origin": [
          7.5,
          15.4,
          7.5
        ]
      },
      "faces": {
        "north": {
          "uv": [
            0,
            0,
            2.2,
            1
          ],
          "texture": "#0"
        },
        "east": {
          "uv": [
            0,
            0,
            2,
            1
          ],
          "texture": "#0"
        },
        "south": {
          "uv": [
            0,
            0,
            2.2,
            1
          ],
          "texture": "#0"
        },
        "west": {
          "uv": [
            0,
            0,
            2,
            1
          ],
          "texture": "#0"
        },
        "up": {
          "uv": [
            0,
            0,
            2.2,
            2
          ],
          "texture": "#0"
        },
        "down": {
          "uv": [
            0,
            0,
            2.2,
            2
          ],
          "texture": "#0"
        }
      }
    },
    {
      "from": [
        6.55,
        17,
        7.95
      ],
      "to": [
        9.55,
        19,
        10.95
      ],
      "rotation": {
        "angle": 0,
        "axis": "z",
        "origin": [
          6.05,
          17,
          7.45
        ]
      },
      "faces": {
        "north": {
          "uv": [
            0,
            0,
            1.5,
            1
          ],
          "texture": "#0"
        },
        "east": {
          "uv": [
            0,
            0,
            1.5,
            1
          ],
          "texture": "#0"
        },
        "south": {
          "uv": [
            0,
            0,
            1.5,
            1
          ],
          "texture": "#0"
        },
        "west": {
          "uv": [
            0,
            0,
            1.5,
            1
          ],
          "texture": "#0"
        },
        "up": {
          "uv": [
            0,
            0,
            1.5,
            1.5
          ],
          "texture": "#0"
        },
        "down": {
          "uv": [
            0,
            0,
            1.5,
            1.5
          ],
          "texture": "#0"
        }
      }
    },
    {
      "from": [
        7.2,
        18.4,
        8.7
      ],
      "to": [
        8.8,
        20.4,
        10.4
      ],
      "rotation": {
        "angle": 0,
        "axis": "z",
        "origin": [
          6.7,
          18.4,
          8.2
        ]
      },
      "faces": {
        "north": {
          "uv": [
            2,
            3.5,
            2.8,
            4.5
          ],
          "texture": "#0"
        },
        "east": {
          "uv": [
            2,
            3.5,
            2.85,
            4.5
          ],
          "texture": "#0"
        },
        "south": {
          "uv": [
            2,
            3.5,
            2.8,
            4.5
          ],
          "texture": "#0"
        },
        "west": {
          "uv": [
            2,
            3.5,
            2.85,
            4.5
          ],
          "texture": "#0"
        },
        "up": {
          "uv": [
            2,
            3.5,
            2.8,
            4.35
          ],
          "texture": "#0"
        },
        "down": {
          "uv": [
            2,
            3.5,
            2.8,
            4.35
          ],
          "texture": "#0"
        }
      }
    }
  ],
  "display": {
    "thirdperson_righthand": {
      "rotation": [
        70,
        0,
        0
      ],
      "translation": [
        0,
        1.25,
        1.25
      ],
      "scale": [
        0.5,
        0.5,
        0.5
      ]
    },
    "thirdperson_lefthand": {
      "rotation": [
        70,
        0,
        0
      ],
      "translation": [
        0,
        1.25,
        1.25
      ],
      "scale": [
        0.5,
        0.5,
        0.5
      ]
    },
    "ground": {
      "rotation": [
        70,
        0,
        0
      ],
      "translation": [
        0,
        1.25,
        1.25
      ],
      "scale": [
        0.5,
        0.5,
        0.5
      ]
    },
    "gui": {
      "rotation": [
        -148.25,
        28.25,
        -180
      ]
    },
    "fixed": {
      "translation": [
        0,
        -1.5,
        -0.75
      ]
    }
  },
  "groups": [
    {
      "name": "group",
      "origin": [
        6,
        0,
        10
      ],
      "color": 0,
      "children": [
        0,
        1,
        2,
        3,
        4,
        5
      ]
    },
    {
      "name": "group",
      "origin": [
        6.5,
        5,
        9.35
      ],
      "color": 0,
      "children": [
        6,
        7,
        8,
        9,
        10
      ]
    },
    {
      "name": "group",
      "origin": [
        7,
        12,
        8.75
      ],
      "color": 0,
      "children": [
        11,
        12,
        13,
        14,
        15,
        16,
        17,
        18,
        19,
        20,
        21
      ]
    },
    {
      "name": "group",
      "origin": [
        4,
        9.6,
        10.8
      ],
      "color": 0,
      "children": [
        22,
        23
      ]
    },
    {
      "name": "group",
      "origin": [
        8,
        8,
        8
      ],
      "color": 0,
      "children": [
        24,
        25,
        26
      ]
    }
  ]
}