{
  "credit": "Made with Blockbench",
  "texture_size": [
    32,
    32
  ],
  "elements": [
    {
      "from": [
        10,
        0,
        0
      ],
      "to": [
        12,
        2,
        16
      ],
      "rotation": {
        "angle": 0,
        "axis": "y",
        "origin": [
          10,
          0,
          0
        ]
      },
      "faces": {
        "north": {
          "uv": [
            7,
            5,
            8,
            6
          ],
          "texture": "#0"
        },
        "east": {
          "uv": [
            0,
            0,
            8,
            1
          ],
          "texture": "#0"
        },
        "south": {
          "uv": [
            6,
            7,
            7,
            8
          ],
          "texture": "#0"
        },
        "west": {
          "uv": [
            0,
            1,
            8,
            2
          ],
          "texture": "#0"
        },
        "up": {
          "uv": [
            1,
            10,
            0,
            2
          ],
          "texture": "#0"
        },
        "down": {
          "uv": [
            2,
            2,
            1,
            10
          ],
          "texture": "#0"
        }
      }
    },
    {
      "from": [
        0,
        0,
        14
      ],
      "to": [
        10,
        2,
        16
      ],
      "rotation": {
        "angle": 0,
        "axis": "y",
        "origin": [
          8,
          0,
          0
        ]
      },
      "faces": {
        "north": {
          "uv": [
            2,
            2,
            7,
            3
          ],
          "texture": "#0"
        },
        "east": {
          "uv": [
            7,
            7,
            8,
            8
          ],
          "texture": "#0"
        },
        "south": {
          "uv": [
            2,
            3,
            7,
            4
          ],
          "texture": "#0"
        },
        "west": {
          "uv": [
            8,
            0,
            9,
            1
          ],
          "texture": "#0"
        },
        "up": {
          "uv": [
            7,
            5,
            2,
            4
          ],
          "texture": "#0"
        },
        "down": {
          "uv": [
            7,
            5,
            2,
            6
          ],
          "texture": "#0"
        }
      }
    },
    {
      "from": [
        2,
        0,
        7
      ],
      "to": [
        10,
        2,
        9
      ],
      "rotation": {
        "angle": 0,
        "axis": "y",
        "origin": [
          8,
          0,
          -7
        ]
      },
      "faces": {
        "north": {
          "uv": [
            2,
            6,
            6,
            7
          ],
          "texture": "#0"
        },
        "east": {
          "uv": [
            7,
            3,
            8,
            4
          ],
          "texture": "#0"
        },
        "south": {
          "uv": [
            6,
            6,
            10,
            7
          ],
          "texture": "#0"
        },
        "west": {
          "uv": [
            7,
            4,
            8,
            5
          ],
          "texture": "#0"
        },
        "up": {
          "uv": [
            6,
            8,
            2,
            7
          ],
          "texture": "#0"
        },
        "down": {
          "uv": [
            11,
            2,
            7,
            3
          ],
          "texture": "#0"
        }
      }
    }
  ],
  "display": {
    "thirdperson_righthand": {
      "rotation": [
        -89.52,
        -2.48,
        179.84
      ],
      "translation": [
        2,
        5,
        5.75
      ],
      "scale": [
        0.66016,
        0.66016,
        0.66016
      ]
    },
    "thirdperson_lefthand": {
      "rotation": [
        -89.52,
        -2.48,
        179.84
      ],
      "translation": [
        -2,
        5,
        5.75
      ],
      "scale": [
        0.66016,
        0.66016,
        0.66016
      ]
    },
    "firstperson_righthand": {
      "rotation": [
        -89.52,
        -2.48,
        179.84
      ],
      "translation": [
        1.75,
        5,
        5.75
      ],
      "scale": [
        0.66016,
        0.66016,
        0.66016
      ]
    },
    "firstperson_lefthand": {
      "rotation": [
        -89.52,
        -2.48,
        179.84
      ],
      "translation": [
        1.75,
        5,
        5.75
      ],
      "scale": [
        0.66016,
        0.66016,
        0.66016
      ]
    },
    "ground": {
      "rotation": [
        -89.52,
        -2.48,
        179.84
      ],
      "translation": [
        1.75,
        5,
        5.75
      ],
      "scale": [
        0.66016,
        0.66016,
        0.66016
      ]
    },
    "gui": {
      "rotation": [
        -89.52,
        -2.48,
        179.84
      ],
      "translation": [
        -0.5,
        0.5,
        5.75
      ],
      "scale": [
        0.66016,
        0.66016,
        0.66016
      ]
    },
    "head": {
      "rotation": [
        -89.52,
        -2.48,
        179.84
      ],
      "translation": [
        1.75,
        5,
        5.75
      ],
      "scale": [
        0.66016,
        0.66016,
        0.66016
      ]
    },
    "fixed": {
      "rotation": [
        -89.52,
        -2.48,
        179.84
      ],
      "translation": [
        1.75,
        -0.5,
        5.75
      ],
      "scale": [
        -0.66016,
        0.66016,
        0.66016
      ]
    }
  }
}