{
  "credit": "Made with Blockbench",
  "texture_size": [
    64,
    64
  ],
  "elements": [
    {
      "from": [
        3,
        0,
        1
      ],
      "to": [
        13,
        6,
        15
      ],
      "rotation": {
        "angle": 0,
        "axis": "y",
        "origin": [
          7,
          0,
          2
        ]
      },
      "faces": {
        "north": {
          "uv": [
            0,
            4.75,
            2.5,
            6.25
          ],
          "texture": "#0"
        },
        "east": {
          "uv": [
            0,
            3.25,
            3.25,
            4.75
          ],
          "texture": "#0"
        },
        "south": {
          "uv": [
            2.5,
            4.75,
            5,
            6.25
          ],
          "texture": "#0"
        },
        "west": {
          "uv": [
            3.25,
            3.25,
            6.5,
            4.75
          ],
          "texture": "#0"
        },
        "up": {
          "uv": [
            2.5,
            3.25,
            0,
            0
          ],
          "texture": "#0"
        },
        "down": {
          "uv": [
            5,
            0,
            2.5,
            3.25
          ],
          "texture": "#0"
        }
      }
    },
    {
      "from": [
        2,
        1,
        1
      ],
      "to": [
        3,
        5,
        15
      ],
      "rotation": {
        "angle": 0,
        "axis": "y",
        "origin": [
          1,
          0,
          3
        ]
      },
      "faces": {
        "north": {
          "uv": [
            0.25,
            6.25,
            0.5,
            7.25
          ],
          "texture": "#0"
        },
        "east": {
          "uv": [
            5,
            2,
            8.25,
            3
          ],
          "texture": "#0"
        },
        "south": {
          "uv": [
            0.5,
            6.25,
            0.75,
            7.25
          ],
          "texture": "#0"
        },
        "west": {
          "uv": [
            5,
            4.75,
            8.25,
            5.75
          ],
          "texture": "#0"
        },
        "up": {
          "uv": [
            5.75,
            9,
            5.5,
            5.75
          ],
          "texture": "#0"
        },
        "down": {
          "uv": [
            6,
            5.75,
            5.75,
            9
          ],
          "texture": "#0"
        }
      }
    },
    {
      "from": [
        13,
        1,
        1
      ],
      "to": [
        14,
        5,
        15
      ],
      "rotation": {
        "angle": 0,
        "axis": "y",
        "origin": [
          12,
          0,
          3
        ]
      },
      "faces": {
        "north": {
          "uv": [
            6,
            5.75,
            6.25,
            6.75
          ],
          "texture": "#0"
        },
        "east": {
          "uv": [
            5,
            0,
            8.25,
            1
          ],
          "texture": "#0"
        },
        "south": {
          "uv": [
            0,
            6.25,
            0.25,
            7.25
          ],
          "texture": "#0"
        },
        "west": {
          "uv": [
            5,
            1,
            8.25,
            2
          ],
          "texture": "#0"
        },
        "up": {
          "uv": [
            5.25,
            9,
            5,
            5.75
          ],
          "texture": "#0"
        },
        "down": {
          "uv": [
            5.5,
            5.75,
            5.25,
            9
          ],
          "texture": "#0"
        }
      }
    },
    {
      "from": [
        4,
        1,
        15
      ],
      "to": [
        12,
        5,
        16
      ],
      "rotation": {
        "angle": 0,
        "axis": "y",
        "origin": [
          4,
          3,
          14
        ]
      },
      "faces": {
        "north": {
          "uv": [
            8.25,
            1,
            10.25,
            2
          ],
          "texture": "#0"
        },
        "east": {
          "uv": [
            6.75,
            3.5,
            7,
            4.5
          ],
          "texture": "#0"
        },
        "south": {
          "uv": [
            8.25,
            0,
            10.25,
            1
          ],
          "texture": "#0"
        },
        "west": {
          "uv": [
            6.5,
            3.5,
            6.75,
            4.5
          ],
          "texture": "#0"
        },
        "up": {
          "uv": [
            5,
            3,
            7,
            3.25
          ],
          "texture": "#0"
        },
        "down": {
          "uv": [
            8.25,
            2,
            10.25,
            2.25
          ],
          "texture": "#0"
        }
      }
    },
    {
      "from": [
        3,
        1,
        0
      ],
      "to": [
        13,
        5,
        1
      ],
      "rotation": {
        "angle": 0,
        "axis": "y",
        "origin": [
          4,
          3,
          -1
        ]
      },
      "faces": {
        "north": {
          "uv": [
            10.25,
            1,
            12.25,
            2
          ],
          "texture": "#0"
        },
        "east": {
          "uv": [
            14.5,
            0,
            14.75,
            1
          ],
          "texture": "#0"
        },
        "south": {
          "uv": [
            10.25,
            0,
            12.25,
            1
          ],
          "texture": "#0"
        },
        "west": {
          "uv": [
            14.25,
            0,
            14.5,
            1
          ],
          "texture": "#0"
        },
        "up": {
          "uv": [
            12.25,
            0.25,
            14.25,
            0.5
          ],
          "texture": "#0"
        },
        "down": {
          "uv": [
            12.25,
            0,
            14.25,
            0.25
          ],
          "texture": "#0"
        }
      }
    }
  ],
  "display": {
    "thirdperson_righthand": {
      "rotation": [
        77.46,
        1.31,
        179.39
      ],
      "translation": [
        0,
        2.5,
        2
      ],
      "scale": [
        -0.5,
        -0.5,
        -0.5
      ]
    },
    "thirdperson_lefthand": {
      "rotation": [
        77.46,
        1.31,
        179.39
      ],
      "translation": [
        0,
        2.5,
        2
      ],
      "scale": [
        -0.5,
        -0.5,
        -0.5
      ]
    },
    "firstperson_righthand": {
      "rotation": [
        77.46,
        1.31,
        179.39
      ],
      "translation": [
        0,
        2.5,
        2
      ],
      "scale": [
        0.5,
        -0.5,
        -0.5
      ]
    },
    "firstperson_lefthand": {
      "rotation": [
        77.46,
        1.31,
        179.39
      ],
      "translation": [
        0,
        2.5,
        2
      ],
      "scale": [
        0.5,
        -0.5,
        -0.5
      ]
    },
    "ground": {
      "rotation": [
        77.46,
        1.31,
        179.39
      ],
      "translation": [
        0,
        6.75,
        2
      ],
      "scale": [
        0.5,
        -0.5,
        -0.5
      ]
    },
    "gui": {
      "rotation": [
        102.75,
        -10.98,
        -167.81
      ],
      "translation": [
        -0.5,
        -0.5,
        0
      ],
      "scale": [
        0.77,
        -0.77,
        -0.77
      ]
    },
    "fixed": {
      "rotation": [
        83.18,
        0.73,
        -1.35
      ],
      "translation": [
        0,
        0.25,
        -2.25
      ],
      "scale": [
        0.5,
        -0.5,
        -0.5
      ]
    }
  }
}