{
  "credit": "Made with Blockbench",
  "texture_size": [
    32,
    32
  ],
  "elements": [
    {
      "from": [
        7,
        0,
        7
      ],
      "to": [
        9,
        12,
        9
      ],
      "rotation": {
        "angle": 0,
        "axis": "y",
        "origin": [
          7,
          0,
          7
        ]
      },
      "faces": {
        "north": {
          "uv": [
            3,
            6,
            4,
            12
          ],
          "texture": "#0"
        },
        "east": {
          "uv": [
            7,
            5,
            8,
            11
          ],
          "texture": "#0"
        },
        "south": {
          "uv": [
            4,
            7.5,
            5,
            13.5
          ],
          "texture": "#0"
        },
        "west": {
          "uv": [
            5,
            7.5,
            6,
            13.5
          ],
          "texture": "#0"
        },
        "up": {
          "uv": [
            7,
            8.5,
            6,
            7.5
          ],
          "texture": "#0"
        },
        "down": {
          "uv": [
            9,
            0,
            8,
            1
          ],
          "texture": "#0"
        }
      }
    },
    {
      "from": [
        4,
        11,
        5
      ],
      "to": [
        12,
        16,
        11
      ],
      "rotation": {
        "angle": 0,
        "axis": "y",
        "origin": [
          7,
          12,
          7
        ]
      },
      "faces": {
        "north": {
          "uv": [
            4,
            0,
            8,
            2.5
          ],
          "texture": "#0"
        },
        "east": {
          "uv": [
            4,
            5,
            7,
            7.5
          ],
          "texture": "#0"
        },
        "south": {
          "uv": [
            4,
            2.5,
            8,
            5
          ],
          "texture": "#0"
        },
        "west": {
          "uv": [
            0,
            6,
            3,
            8.5
          ],
          "texture": "#0"
        },
        "up": {
          "uv": [
            4,
            3,
            0,
            0
          ],
          "texture": "#0"
        },
        "down": {
          "uv": [
            4,
            3,
            0,
            6
          ],
          "texture": "#0"
        }
      }
    }
  ],
  "display": {
    "thirdperson_righthand": {
      "rotation": [
        53.7,
        88.58,
        -71.32
      ],
      "translation": [
        0,
        2,
        0
      ]
    },
    "thirdperson_lefthand": {
      "rotation": [
        53.7,
        88.58,
        -71.32
      ],
      "translation": [
        0,
        2,
        0
      ]
    },
    "firstperson_righthand": {
      "rotation": [
        53.7,
        88.58,
        -71.32
      ],
      "translation": [
        0,
        2,
        0
      ]
    },
    "firstperson_lefthand": {
      "rotation": [
        53.7,
        88.58,
        -71.32
      ],
      "translation": [
        0,
        2,
        0
      ]
    },
    "ground": {
      "rotation": [
        53.7,
        88.58,
        -71.32
      ],
      "translation": [
        0,
        4.25,
        0
      ]
    },
    "gui": {
      "rotation": [
        19.86,
        11.62,
        -32.16
      ],
      "translation": [
        -0.5,
        -1,
        0
      ]
    },
    "head": {
      "rotation": [
        53.7,
        88.58,
        -71.32
      ],
      "translation": [
        0,
        2,
        0
      ]
    },
    "fixed": {
      "rotation": [
        53.7,
        88.58,
        -71.32
      ],
      "translation": [
        0,
        -0.5,
        0
      ]
    }
  }
}