{
  "format_version": "1.21.6",
  "credit": "Made with Blockbench",
  "texture_size": [
    64,
    64
  ],
  "elements": [
    {
      "from": [
        0.5,
        0,
        8
      ],
      "to": [
        15.5,
        9.5,
        15
      ],
      "rotation": {
        "angle": 0,
        "axis": "y",
        "origin": [
          -0.5,
          0,
          13
        ]
      },
      "faces": {
        "north": {
          "uv": [
            0,
            0,
            4,
            2.5
          ],
          "texture": "#1"
        },
        "east": {
          "uv": [
            8,
            0,
            9.75,
            2.5
          ],
          "texture": "#1"
        },
        "south": {
          "uv": [
            0,
            2.5,
            4,
            5
          ],
          "texture": "#1"
        },
        "west": {
          "uv": [
            8,
            2.5,
            9.75,
            5
          ],
          "texture": "#1"
        },
        "up": {
          "uv": [
            8,
            1.75,
            4,
            0
          ],
          "texture": "#1"
        },
        "down": {
          "uv": [
            8,
            1.75,
            4,
            3.5
          ],
          "texture": "#1"
        }
      }
    },
    {
      "from": [
        0.6,
        9.5,
        10
      ],
      "to": [
        1.6,
        15.6,
        15
      ],
      "rotation": {
        "angle": 0,
        "axis": "y",
        "origin": [
          -0.5,
          9.1,
          13
        ]
      },
      "faces": {
        "north": {
          "uv": [
            9.75,
            8.5,
            10.25,
            10
          ],
          "texture": "#1"
        },
        "east": {
          "uv": [
            9.75,
            0,
            11,
            1.5
          ],
          "texture": "#1"
        },
        "south": {
          "uv": [
            1.75,
            10,
            2.25,
            11.5
          ],
          "texture": "#1"
        },
        "west": {
          "uv": [
            9.75,
            1.5,
            11,
            3
          ],
          "texture": "#1"
        },
        "up": {
          "uv": [
            4.75,
            11.25,
            4.25,
            10
          ],
          "texture": "#1"
        },
        "down": {
          "uv": [
            5.25,
            10,
            4.75,
            11.25
          ],
          "texture": "#1"
        }
      }
    },
    {
      "from": [
        1.6,
        9.5,
        13
      ],
      "to": [
        14.6,
        15.6,
        15
      ],
      "rotation": {
        "angle": 0,
        "axis": "y",
        "origin": [
          -0.5,
          9.1,
          13
        ]
      },
      "faces": {
        "north": {
          "uv": [
            4,
            7,
            7,
            8.5
          ],
          "texture": "#1"
        },
        "east": {
          "uv": [
            3.25,
            10,
            3.75,
            11.5
          ],
          "texture": "#1"
        },
        "south": {
          "uv": [
            7,
            7,
            10,
            8.5
          ],
          "texture": "#1"
        },
        "west": {
          "uv": [
            3.75,
            10,
            4.25,
            11.5
          ],
          "texture": "#1"
        },
        "up": {
          "uv": [
            12.75,
            6.5,
            9.75,
            6
          ],
          "texture": "#1"
        },
        "down": {
          "uv": [
            12.75,
            6.5,
            9.75,
            7
          ],
          "texture": "#1"
        }
      }
    },
    {
      "from": [
        14.6,
        9.5,
        10
      ],
      "to": [
        15.4,
        15.6,
        15
      ],
      "rotation": {
        "angle": 0,
        "axis": "y",
        "origin": [
          -0.5,
          9.1,
          13
        ]
      },
      "faces": {
        "north": {
          "uv": [
            2.25,
            10,
            2.75,
            11.5
          ],
          "texture": "#1"
        },
        "east": {
          "uv": [
            9.75,
            3,
            11,
            4.5
          ],
          "texture": "#1"
        },
        "south": {
          "uv": [
            2.75,
            10,
            3.25,
            11.5
          ],
          "texture": "#1"
        },
        "west": {
          "uv": [
            9.75,
            4.5,
            11,
            6
          ],
          "texture": "#1"
        },
        "up": {
          "uv": [
            5.75,
            11.25,
            5.25,
            10
          ],
          "texture": "#1"
        },
        "down": {
          "uv": [
            6.25,
            10,
            5.75,
            11.25
          ],
          "texture": "#1"
        }
      }
    },
    {
      "from": [
        0.5,
        0,
        2
      ],
      "to": [
        15.5,
        1,
        8
      ],
      "rotation": {
        "angle": 0,
        "axis": "y",
        "origin": [
          -0.5,
          0,
          6
        ]
      },
      "faces": {
        "north": {
          "uv": [
            5.75,
            9.25,
            1.75,
            8.5
          ],
          "texture": "#1"
        },
        "east": {
          "uv": [
            7,
            10,
            6.25,
            10.75
          ],
          "texture": "#1"
        },
        "south": {
          "uv": [
            9.75,
            9.25,
            5.75,
            8.5
          ],
          "texture": "#1"
        },
        "west": {
          "uv": [
            7.75,
            10,
            7,
            10.75
          ],
          "texture": "#1"
        },
        "up": {
          "uv": [
            1.75,
            9.25,
            5.75,
            10
          ],
          "texture": "#1"
        },
        "down": {
          "uv": [
            5.75,
            10,
            9.75,
            9.25
          ],
          "texture": "#1"
        }
      }
    },
    {
      "from": [
        0.5,
        9.5,
        3
      ],
      "to": [
        15.5,
        16,
        10
      ],
      "rotation": {
        "angle": 0,
        "axis": "y",
        "origin": [
          -0.5,
          12.5,
          9
        ]
      },
      "faces": {
        "north": {
          "uv": [
            4,
            3.5,
            8,
            5.25
          ],
          "texture": "#1"
        },
        "east": {
          "uv": [
            8,
            5,
            9.75,
            6.75
          ],
          "texture": "#1"
        },
        "south": {
          "uv": [
            0,
            5,
            4,
            6.75
          ],
          "texture": "#1"
        },
        "west": {
          "uv": [
            0,
            8.5,
            1.75,
            10.25
          ],
          "texture": "#1"
        },
        "up": {
          "uv": [
            8,
            7,
            4,
            5.25
          ],
          "texture": "#1"
        },
        "down": {
          "uv": [
            4,
            6.75,
            0,
            8.5
          ],
          "texture": "#1"
        }
      }
    },
    {
      "from": [
        13,
        12,
        2
      ],
      "to": [
        14,
        14,
        3
      ],
      "rotation": {
        "angle": 35,
        "axis": "x",
        "origin": [
          12,
          12,
          1
        ]
      },
      "faces": {
        "north": {
          "uv": [
            1.5,
            10.25,
            1.75,
            10.75
          ],
          "texture": "#1"
        },
        "east": {
          "uv": [
            10,
            10.5,
            10.25,
            11
          ],
          "texture": "#1"
        },
        "south": {
          "uv": [
            10.25,
            10.5,
            10.5,
            11
          ],
          "texture": "#1"
        },
        "west": {
          "uv": [
            10.5,
            10.5,
            10.75,
            11
          ],
          "texture": "#1"
        },
        "up": {
          "uv": [
            8.25,
            7,
            8,
            6.75
          ],
          "texture": "#1"
        },
        "down": {
          "uv": [
            8.5,
            6.75,
            8.25,
            7
          ],
          "texture": "#1"
        }
      }
    },
    {
      "from": [
        2,
        12,
        2
      ],
      "to": [
        3,
        14,
        3
      ],
      "rotation": {
        "angle": 35,
        "axis": "x",
        "origin": [
          1,
          12,
          1
        ]
      },
      "faces": {
        "north": {
          "uv": [
            0,
            10.75,
            0.25,
            11.25
          ],
          "texture": "#1"
        },
        "east": {
          "uv": [
            0.25,
            10.75,
            0.5,
            11.25
          ],
          "texture": "#1"
        },
        "south": {
          "uv": [
            0.5,
            10.75,
            0.75,
            11.25
          ],
          "texture": "#1"
        },
        "west": {
          "uv": [
            0.75,
            10.75,
            1,
            11.25
          ],
          "texture": "#1"
        },
        "up": {
          "uv": [
            8.75,
            7,
            8.5,
            6.75
          ],
          "texture": "#1"
        },
        "down": {
          "uv": [
            9,
            6.75,
            8.75,
            7
          ],
          "texture": "#1"
        }
      }
    },
    {
      "from": [
        5,
        12,
        2
      ],
      "to": [
        6,
        14,
        3
      ],
      "rotation": {
        "angle": 35,
        "axis": "x",
        "origin": [
          4,
          12,
          1
        ]
      },
      "faces": {
        "north": {
          "uv": [
            1,
            10.75,
            1.25,
            11.25
          ],
          "texture": "#1"
        },
        "east": {
          "uv": [
            1.25,
            10.75,
            1.5,
            11.25
          ],
          "texture": "#1"
        },
        "south": {
          "uv": [
            1.5,
            10.75,
            1.75,
            11.25
          ],
          "texture": "#1"
        },
        "west": {
          "uv": [
            6.25,
            10.75,
            6.5,
            11.25
          ],
          "texture": "#1"
        },
        "up": {
          "uv": [
            9.25,
            7,
            9,
            6.75
          ],
          "texture": "#1"
        },
        "down": {
          "uv": [
            9.5,
            6.75,
            9.25,
            7
          ],
          "texture": "#1"
        }
      }
    },
    {
      "from": [
        10,
        12,
        2
      ],
      "to": [
        11,
        14,
        3
      ],
      "rotation": {
        "angle": 35,
        "axis": "x",
        "origin": [
          9,
          12,
          1
        ]
      },
      "faces": {
        "north": {
          "uv": [
            6.5,
            10.75,
            6.75,
            11.25
          ],
          "texture": "#1"
        },
        "east": {
          "uv": [
            6.75,
            10.75,
            7,
            11.25
          ],
          "texture": "#1"
        },
        "south": {
          "uv": [
            7,
            10.75,
            7.25,
            11.25
          ],
          "texture": "#1"
        },
        "west": {
          "uv": [
            10.75,
            7,
            11,
            7.5
          ],
          "texture": "#1"
        },
        "up": {
          "uv": [
            9.75,
            7,
            9.5,
            6.75
          ],
          "texture": "#1"
        },
        "down": {
          "uv": [
            11.25,
            0,
            11,
            0.25
          ],
          "texture": "#1"
        }
      }
    },
    {
      "from": [
        7.5,
        12,
        2
      ],
      "to": [
        8.5,
        14,
        3
      ],
      "rotation": {
        "angle": 35,
        "axis": "x",
        "origin": [
          6.5,
          12,
          1
        ]
      },
      "faces": {
        "north": {
          "uv": [
            7.25,
            10.75,
            7.5,
            11.25
          ],
          "texture": "#1"
        },
        "east": {
          "uv": [
            7.5,
            10.75,
            7.75,
            11.25
          ],
          "texture": "#1"
        },
        "south": {
          "uv": [
            10.75,
            7.5,
            11,
            8
          ],
          "texture": "#1"
        },
        "west": {
          "uv": [
            7.75,
            10.75,
            8,
            11.25
          ],
          "texture": "#1"
        },
        "up": {
          "uv": [
            11.25,
            0.5,
            11,
            0.25
          ],
          "texture": "#1"
        },
        "down": {
          "uv": [
            11.25,
            0.5,
            11,
            0.75
          ],
          "texture": "#1"
        }
      }
    },
    {
      "from": [
        11.5,
        8,
        4
      ],
      "to": [
        13.5,
        10,
        7
      ],
      "rotation": {
        "angle": 0,
        "axis": "y",
        "origin": [
          11.5,
          8,
          5
        ]
      },
      "faces": {
        "north": {
          "uv": [
            9.25,
            10,
            10,
            10.5
          ],
          "texture": "#1"
        },
        "east": {
          "uv": [
            10,
            10,
            10.75,
            10.5
          ],
          "texture": "#1"
        },
        "south": {
          "uv": [
            0,
            10.25,
            0.75,
            10.75
          ],
          "texture": "#1"
        },
        "west": {
          "uv": [
            0.75,
            10.25,
            1.5,
            10.75
          ],
          "texture": "#1"
        },
        "up": {
          "uv": [
            10.75,
            7.75,
            10,
            7
          ],
          "texture": "#1"
        },
        "down": {
          "uv": [
            8.5,
            10,
            7.75,
            10.75
          ],
          "texture": "#1"
        }
      }
    },
    {
      "from": [
        2.5,
        8,
        4
      ],
      "to": [
        4.5,
        10,
        7
      ],
      "rotation": {
        "angle": 0,
        "axis": "y",
        "origin": [
          2.5,
          8,
          5
        ]
      },
      "faces": {
        "north": {
          "uv": [
            10.25,
            8.5,
            11,
            9
          ],
          "texture": "#1"
        },
        "east": {
          "uv": [
            10.25,
            9,
            11,
            9.5
          ],
          "texture": "#1"
        },
        "south": {
          "uv": [
            10.25,
            9.5,
            11,
            10
          ],
          "texture": "#1"
        },
        "west": {
          "uv": [
            9.25,
            10.5,
            10,
            11
          ],
          "texture": "#1"
        },
        "up": {
          "uv": [
            10.75,
            8.5,
            10,
            7.75
          ],
          "texture": "#1"
        },
        "down": {
          "uv": [
            9.25,
            10,
            8.5,
            10.75
          ],
          "texture": "#1"
        }
      }
    },
    {
      "from": [
        3.5,
        7,
        5
      ],
      "to": [
        3.5,
        9,
        6
      ],
      "rotation": {
        "angle": 0,
        "axis": "y",
        "origin": [
          1.5,
          7,
          4
        ]
      },
      "faces": {
        "north": {
          "uv": [
            8,
            10.75,
            8.25,
            11.25
          ],
          "texture": "#1"
        },
        "east": {
          "uv": [
            10.75,
            8,
            11,
            8.5
          ],
          "texture": "#1"
        },
        "south": {
          "uv": [
            8.25,
            10.75,
            8.5,
            11.25
          ],
          "texture": "#1"
        },
        "west": {
          "uv": [
            8.5,
            10.75,
            8.75,
            11.25
          ],
          "texture": "#1"
        },
        "up": {
          "uv": [
            11.25,
            1,
            11,
            0.75
          ],
          "texture": "#1"
        },
        "down": {
          "uv": [
            11.25,
            1,
            11,
            1.25
          ],
          "texture": "#1"
        }
      }
    },
    {
      "from": [
        12.5,
        7,
        5
      ],
      "to": [
        12.5,
        9,
        6
      ],
      "rotation": {
        "angle": 0,
        "axis": "y",
        "origin": [
          10.5,
          7,
          4
        ]
      },
      "faces": {
        "north": {
          "uv": [
            8.75,
            10.75,
            9,
            11.25
          ],
          "texture": "#1"
        },
        "east": {
          "uv": [
            9,
            10.75,
            9.25,
            11.25
          ],
          "texture": "#1"
        },
        "south": {
          "uv": [
            10.75,
            10,
            11,
            10.5
          ],
          "texture": "#1"
        },
        "west": {
          "uv": [
            10.75,
            10.5,
            11,
            11
          ],
          "texture": "#1"
        },
        "up": {
          "uv": [
            11.25,
            1.5,
            11,
            1.25
          ],
          "texture": "#1"
        },
        "down": {
          "uv": [
            11.25,
            1.5,
            11,
            1.75
          ],
          "texture": "#1"
        }
      }
    }
  ],
  "display": {
    "thirdperson_righthand": {
      "rotation": [
        70.01,
        0,
        0
      ],
      "translation": [
        0,
        1,
        0
      ],
      "scale": [
        0.2,
        0.2,
        0.2
      ]
    },
    "thirdperson_lefthand": {
      "rotation": [
        70.01,
        0,
        0
      ],
      "translation": [
        0,
        1,
        0
      ],
      "scale": [
        0.2,
        0.2,
        0.2
      ]
    },
    "firstperson_righthand": {
      "rotation": [
        -180,
        58,
        -180
      ],
      "translation": [
        0,
        0,
        -8.5
      ]
    },
    "firstperson_lefthand": {
      "rotation": [
        -180,
        58,
        -180
      ],
      "translation": [
        0,
        0,
        -8.5
      ]
    },
    "ground": {
      "translation": [
        0,
        4.5,
        0
      ]
    },
    "gui": {
      "rotation": [
        -159.75,
        32.75,
        -180
      ],
      "translation": [
        -1,
        0,
        0
      ],
      "scale": [
        0.7,
        0.7,
        0.7
      ]
    },
    "head": {
      "translation": [
        0,
        1.5,
        -2.75
      ],
      "scale": [
        1,
        1,
        1.28125
      ]
    },
    "fixed": {
      "translation": [
        0,
        0,
        -0.75
      ]
    }
  }
}