{
  "format_version": "1.9.0",
  "credit": "Made with Blockbench",
  "texture_size": [
    64,
    64
  ],
  "elements": [
    {
      "from": [
        3,
        0,
        7
      ],
      "to": [
        13,
        10,
        13
      ],
      "rotation": {
        "angle": 0,
        "axis": "y",
        "origin": [
          7,
          0,
          7
        ]
      },
      "faces": {
        "north": {
          "uv": [
            0,
            0,
            2.5,
            2.5
          ],
          "texture": "#0"
        },
        "east": {
          "uv": [
            2.5,
            0,
            4,
            2.5
          ],
          "texture": "#0"
        },
        "south": {
          "uv": [
            0,
            2.5,
            2.5,
            5
          ],
          "texture": "#0"
        },
        "west": {
          "uv": [
            2.5,
            2.5,
            4,
            5
          ],
          "texture": "#0"
        },
        "up": {
          "uv": [
            6.5,
            1.5,
            4,
            0
          ],
          "texture": "#0"
        },
        "down": {
          "uv": [
            6.5,
            1.5,
            4,
            3
          ],
          "texture": "#0"
        }
      }
    },
    {
      "from": [
        2.9,
        7,
        4
      ],
      "to": [
        13.1,
        12,
        10
      ],
      "rotation": {
        "angle": 0,
        "axis": "y",
        "origin": [
          7,
          3,
          5
        ]
      },
      "faces": {
        "north": {
          "uv": [
            0,
            5,
            2.5,
            6.25
          ],
          "texture": "#0"
        },
        "east": {
          "uv": [
            5,
            6,
            6.5,
            7.25
          ],
          "texture": "#0"
        },
        "south": {
          "uv": [
            2.5,
            6,
            5,
            7.25
          ],
          "texture": "#0"
        },
        "west": {
          "uv": [
            0,
            6.25,
            1.5,
            7.5
          ],
          "texture": "#0"
        },
        "up": {
          "uv": [
            6.5,
            4.5,
            4,
            3
          ],
          "texture": "#0"
        },
        "down": {
          "uv": [
            6.5,
            4.5,
            4,
            6
          ],
          "texture": "#0"
        }
      }
    },
    {
      "from": [
        3,
        0,
        4
      ],
      "to": [
        13,
        1,
        7
      ],
      "rotation": {
        "angle": 0,
        "axis": "y",
        "origin": [
          7,
          0,
          5
        ]
      },
      "faces": {
        "north": {
          "uv": [
            6.5,
            1.5,
            9,
            1.75
          ],
          "texture": "#0"
        },
        "east": {
          "uv": [
            6.5,
            4.25,
            7.25,
            4.5
          ],
          "texture": "#0"
        },
        "south": {
          "uv": [
            6.5,
            1.75,
            9,
            2
          ],
          "texture": "#0"
        },
        "west": {
          "uv": [
            6.5,
            4.5,
            7.25,
            4.75
          ],
          "texture": "#0"
        },
        "up": {
          "uv": [
            9,
            0.75,
            6.5,
            0
          ],
          "texture": "#0"
        },
        "down": {
          "uv": [
            9,
            0.75,
            6.5,
            1.5
          ],
          "texture": "#0"
        }
      }
    },
    {
      "from": [
        3.8,
        6,
        4.2
      ],
      "to": [
        6.8,
        7,
        7
      ],
      "rotation": {
        "angle": 0,
        "axis": "y",
        "origin": [
          4.8,
          5,
          5.2
        ]
      },
      "faces": {
        "north": {
          "uv": [
            2.5,
            5.75,
            3.25,
            6
          ],
          "texture": "#0"
        },
        "east": {
          "uv": [
            3.25,
            5.75,
            4,
            6
          ],
          "texture": "#0"
        },
        "south": {
          "uv": [
            6.5,
            2.75,
            7.25,
            3
          ],
          "texture": "#0"
        },
        "west": {
          "uv": [
            6.5,
            3,
            7.25,
            3.25
          ],
          "texture": "#0"
        },
        "up": {
          "uv": [
            3.25,
            5.75,
            2.5,
            5
          ],
          "texture": "#0"
        },
        "down": {
          "uv": [
            4,
            5,
            3.25,
            5.75
          ],
          "texture": "#0"
        }
      }
    },
    {
      "from": [
        9.1,
        6,
        4.2
      ],
      "to": [
        12.1,
        7,
        7
      ],
      "rotation": {
        "angle": 0,
        "axis": "y",
        "origin": [
          10.1,
          5,
          5.2
        ]
      },
      "faces": {
        "north": {
          "uv": [
            6.5,
            3.25,
            7.25,
            3.5
          ],
          "texture": "#0"
        },
        "east": {
          "uv": [
            6.5,
            3.5,
            7.25,
            3.75
          ],
          "texture": "#0"
        },
        "south": {
          "uv": [
            6.5,
            3.75,
            7.25,
            4
          ],
          "texture": "#0"
        },
        "west": {
          "uv": [
            6.5,
            4,
            7.25,
            4.25
          ],
          "texture": "#0"
        },
        "up": {
          "uv": [
            2.25,
            7,
            1.5,
            6.25
          ],
          "texture": "#0"
        },
        "down": {
          "uv": [
            7.25,
            2,
            6.5,
            2.75
          ],
          "texture": "#0"
        }
      }
    },
    {
      "from": [
        10.1,
        5,
        5
      ],
      "to": [
        11.1,
        6,
        6
      ],
      "rotation": {
        "angle": 0,
        "axis": "y",
        "origin": [
          9.1,
          4,
          6.2
        ]
      },
      "faces": {
        "north": {
          "uv": [
            6.5,
            5.75,
            6.75,
            6
          ],
          "texture": "#0"
        },
        "east": {
          "uv": [
            6.5,
            6,
            6.75,
            6.25
          ],
          "texture": "#0"
        },
        "south": {
          "uv": [
            6.5,
            6.25,
            6.75,
            6.5
          ],
          "texture": "#0"
        },
        "west": {
          "uv": [
            6.5,
            6.5,
            6.75,
            6.75
          ],
          "texture": "#0"
        },
        "up": {
          "uv": [
            2.5,
            7,
            2.25,
            6.75
          ],
          "texture": "#0"
        },
        "down": {
          "uv": [
            7,
            4.75,
            6.75,
            5
          ],
          "texture": "#0"
        }
      }
    },
    {
      "from": [
        4.8,
        5,
        5
      ],
      "to": [
        5.8,
        6,
        6
      ],
      "rotation": {
        "angle": 0,
        "axis": "y",
        "origin": [
          3.8,
          4,
          6.2
        ]
      },
      "faces": {
        "north": {
          "uv": [
            2.25,
            6.25,
            2.5,
            6.5
          ],
          "texture": "#0"
        },
        "east": {
          "uv": [
            2.25,
            6.5,
            2.5,
            6.75
          ],
          "texture": "#0"
        },
        "south": {
          "uv": [
            6.5,
            4.75,
            6.75,
            5
          ],
          "texture": "#0"
        },
        "west": {
          "uv": [
            6.5,
            5,
            6.75,
            5.25
          ],
          "texture": "#0"
        },
        "up": {
          "uv": [
            6.75,
            5.5,
            6.5,
            5.25
          ],
          "texture": "#0"
        },
        "down": {
          "uv": [
            6.75,
            5.5,
            6.5,
            5.75
          ],
          "texture": "#0"
        }
      }
    }
  ],
  "display": {
    "thirdperson_righthand": {
      "translation": [
        0,
        2.5,
        0
      ],
      "scale": [
        0.5,
        0.5,
        0.5
      ]
    },
    "thirdperson_lefthand": {
      "translation": [
        0,
        2.5,
        0
      ],
      "scale": [
        0.5,
        0.5,
        0.5
      ]
    },
    "firstperson_righthand": {
      "translation": [
        0,
        3.25,
        0
      ],
      "scale": [
        0.5,
        0.5,
        0.5
      ]
    },
    "firstperson_lefthand": {
      "translation": [
        0,
        3.25,
        0
      ],
      "scale": [
        0.5,
        0.5,
        0.5
      ]
    },
    "ground": {
      "translation": [
        0,
        5.75,
        0
      ]
    },
    "gui": {
      "rotation": [
        -160,
        38.5,
        180
      ],
      "translation": [
        0,
        2.25,
        0
      ]
    },
    "head": {
      "translation": [
        0,
        9.5,
        0
      ]
    }
  }
}