{
  "credit": "Made with Blockbench",
  "elements": [
    {
      "from": [
        7,
        0,
        7
      ],
      "to": [
        9,
        5,
        9
      ],
      "rotation": {
        "angle": 0,
        "axis": "y",
        "origin": [
          7,
          0,
          7
        ]
      },
      "faces": {
        "north": {
          "uv": [
            0,
            0,
            2,
            5
          ],
          "texture": "#0"
        },
        "east": {
          "uv": [
            2,
            0,
            4,
            5
          ],
          "texture": "#0"
        },
        "south": {
          "uv": [
            4,
            0,
            6,
            5
          ],
          "texture": "#0"
        },
        "west": {
          "uv": [
            0,
            5,
            2,
            10
          ],
          "texture": "#0"
        },
        "up": {
          "uv": [
            4,
            7,
            2,
            5
          ],
          "texture": "#0"
        },
        "down": {
          "uv": [
            6,
            5,
            4,
            7
          ],
          "texture": "#0"
        }
      }
    },
    {
      "from": [
        7.5,
        5,
        7.5
      ],
      "to": [
        8.5,
        6.25,
        8.5
      ],
      "rotation": {
        "angle": 0,
        "axis": "y",
        "origin": [
          7,
          5,
          7
        ]
      },
      "faces": {
        "north": {
          "uv": [
            6,
            0,
            7,
            1
          ],
          "texture": "#0"
        },
        "east": {
          "uv": [
            6,
            1,
            7,
            2
          ],
          "texture": "#0"
        },
        "south": {
          "uv": [
            6,
            2,
            7,
            3
          ],
          "texture": "#0"
        },
        "west": {
          "uv": [
            6,
            3,
            7,
            4
          ],
          "texture": "#0"
        },
        "up": {
          "uv": [
            7,
            5,
            6,
            4
          ],
          "texture": "#0"
        },
        "down": {
          "uv": [
            7,
            5,
            6,
            6
          ],
          "texture": "#0"
        }
      }
    }
  ],
  "display": {
    "thirdperson_righthand": {
      "translation": [
        0,
        7,
        1.75
      ]
    },
    "thirdperson_lefthand": {
      "translation": [
        0,
        7,
        1.75
      ]
    },
    "firstperson_righthand": {
      "translation": [
        0,
        7,
        1.75
      ]
    },
    "firstperson_lefthand": {
      "translation": [
        0,
        7,
        1.75
      ]
    },
    "ground": {
      "translation": [
        0,
        7,
        0
      ]
    },
    "gui": {
      "rotation": [
        35,
        -24.75,
        0
      ],
      "translation": [
        0,
        9.5,
        0
      ],
      "scale": [
        2,
        2,
        2
      ]
    },
    "head": {
      "rotation": [
        -90,
        0,
        0
      ],
      "translation": [
        0,
        -2.75,
        -13.75
      ]
    },
    "fixed": {
      "translation": [
        0,
        5.25,
        0.75
      ]
    }
  }
}