{
  "credit": "Made with Blockbench",
  "texture_size": [
    128,
    128
  ],
  "elements": [
    {
      "from": [
        0,
        0,
        0
      ],
      "to": [
        16,
        3,
        16
      ],
      "faces": {
        "north": {
          "uv": [
            5.5,
            1.375,
            7.5,
            1.75
          ],
          "texture": "#0"
        },
        "east": {
          "uv": [
            6.5,
            3.125,
            8.5,
            3.5
          ],
          "texture": "#0"
        },
        "south": {
          "uv": [
            6.5,
            3.5,
            8.5,
            3.875
          ],
          "texture": "#0"
        },
        "west": {
          "uv": [
            6.5,
            3.875,
            8.5,
            4.25
          ],
          "texture": "#0"
        },
        "up": {
          "uv": [
            2,
            2,
            0,
            0
          ],
          "texture": "#0"
        },
        "down": {
          "uv": [
            2,
            2,
            0,
            4
          ],
          "texture": "#0"
        }
      }
    },
    {
      "from": [
        1,
        3,
        1
      ],
      "to": [
        15,
        5,
        15
      ],
      "rotation": {
        "angle": 0,
        "axis": "y",
        "origin": [
          7,
          3,
          7
        ]
      },
      "faces": {
        "north": {
          "uv": [
            6.5,
            4.25,
            8.25,
            4.5
          ],
          "texture": "#0"
        },
        "east": {
          "uv": [
            6.5,
            4.5,
            8.25,
            4.75
          ],
          "texture": "#0"
        },
        "south": {
          "uv": [
            6.5,
            4.75,
            8.25,
            5
          ],
          "texture": "#0"
        },
        "west": {
          "uv": [
            6.5,
            5,
            8.25,
            5.25
          ],
          "texture": "#0"
        },
        "up": {
          "uv": [
            3.75,
            1.75,
            2,
            0
          ],
          "texture": "#0"
        },
        "down": {
          "uv": [
            3.75,
            1.75,
            2,
            3.5
          ],
          "texture": "#0"
        }
      }
    },
    {
      "from": [
        3,
        5,
        3
      ],
      "to": [
        13,
        16,
        13
      ],
      "rotation": {
        "angle": 0,
        "axis": "y",
        "origin": [
          7,
          5,
          7
        ]
      },
      "faces": {
        "north": {
          "uv": [
            5.25,
            3.125,
            6.5,
            4.5
          ],
          "texture": "#0"
        },
        "east": {
          "uv": [
            5.25,
            4.5,
            6.5,
            5.875
          ],
          "texture": "#0"
        },
        "south": {
          "uv": [
            0,
            5.375,
            1.25,
            6.75
          ],
          "texture": "#0"
        },
        "west": {
          "uv": [
            5.5,
            0,
            6.75,
            1.375
          ],
          "texture": "#0"
        },
        "up": {
          "uv": [
            6.5,
            7.125,
            5.25,
            5.875
          ],
          "texture": "#0"
        },
        "down": {
          "uv": [
            4.25,
            6.125,
            3,
            7.375
          ],
          "texture": "#0"
        }
      }
    },
    {
      "from": [
        2,
        16,
        2
      ],
      "to": [
        14,
        27,
        14
      ],
      "rotation": {
        "angle": 0,
        "axis": "y",
        "origin": [
          7,
          16,
          7
        ]
      },
      "faces": {
        "north": {
          "uv": [
            0,
            4,
            1.5,
            5.375
          ],
          "texture": "#0"
        },
        "east": {
          "uv": [
            3.75,
            4.75,
            5.25,
            6.125
          ],
          "texture": "#0"
        },
        "south": {
          "uv": [
            1.5,
            5.25,
            3,
            6.625
          ],
          "texture": "#0"
        },
        "west": {
          "uv": [
            5.25,
            1.75,
            6.75,
            3.125
          ],
          "texture": "#0"
        },
        "up": {
          "uv": [
            5.25,
            3.25,
            3.75,
            1.75
          ],
          "texture": "#0"
        },
        "down": {
          "uv": [
            5.25,
            3.25,
            3.75,
            4.75
          ],
          "texture": "#0"
        }
      }
    },
    {
      "from": [
        1,
        22,
        1
      ],
      "to": [
        15,
        24,
        15
      ],
      "rotation": {
        "angle": 0,
        "axis": "y",
        "origin": [
          7,
          22,
          7
        ]
      },
      "faces": {
        "north": {
          "uv": [
            6.5,
            5.25,
            8.25,
            5.5
          ],
          "texture": "#0"
        },
        "east": {
          "uv": [
            6.5,
            5.5,
            8.25,
            5.75
          ],
          "texture": "#0"
        },
        "south": {
          "uv": [
            6.5,
            5.75,
            8.25,
            6
          ],
          "texture": "#0"
        },
        "west": {
          "uv": [
            6.5,
            6,
            8.25,
            6.25
          ],
          "texture": "#0"
        },
        "up": {
          "uv": [
            3.75,
            5.25,
            2,
            3.5
          ],
          "texture": "#0"
        },
        "down": {
          "uv": [
            5.5,
            0,
            3.75,
            1.75
          ],
          "texture": "#0"
        }
      }
    },
    {
      "from": [
        7,
        27,
        7
      ],
      "to": [
        9,
        29,
        9
      ],
      "rotation": {
        "angle": 0,
        "axis": "y",
        "origin": [
          7,
          27,
          7
        ]
      },
      "faces": {
        "north": {
          "uv": [
            1.5,
            4,
            1.75,
            4.25
          ],
          "texture": "#0"
        },
        "east": {
          "uv": [
            1.75,
            4,
            2,
            4.25
          ],
          "texture": "#0"
        },
        "south": {
          "uv": [
            1.5,
            4.25,
            1.75,
            4.5
          ],
          "texture": "#0"
        },
        "west": {
          "uv": [
            1.75,
            4.25,
            2,
            4.5
          ],
          "texture": "#0"
        },
        "up": {
          "uv": [
            1.75,
            4.75,
            1.5,
            4.5
          ],
          "texture": "#0"
        },
        "down": {
          "uv": [
            2,
            4.5,
            1.75,
            4.75
          ],
          "texture": "#0"
        }
      }
    }
  ],
  "display": {
    "thirdperson_righthand": {
      "rotation": [
        70,
        0,
        0
      ],
      "translation": [
        0,
        0.5,
        0
      ],
      "scale": [
        0.3,
        0.3,
        0.3
      ]
    },
    "thirdperson_lefthand": {
      "rotation": [
        70,
        0,
        0
      ],
      "translation": [
        0,
        0.5,
        0
      ],
      "scale": [
        0.3,
        0.3,
        0.3
      ]
    },
    "firstperson_righthand": {
      "scale": [
        0.5,
        0.5,
        0.5
      ]
    },
    "firstperson_lefthand": {
      "scale": [
        0.5,
        0.5,
        0.5
      ]
    },
    "ground": {
      "translation": [
        0,
        2.25,
        0
      ],
      "scale": [
        0.5,
        0.5,
        0.5
      ]
    },
    "gui": {
      "rotation": [
        23.75,
        -22,
        0
      ],
      "translation": [
        0,
        -1.75,
        0
      ],
      "scale": [
        0.5,
        0.5,
        0.5
      ]
    },
    "head": {
      "translation": [
        0,
        7.75,
        0
      ],
      "scale": [
        1,
        0.30469,
        1
      ]
    },
    "fixed": {
      "translation": [
        0,
        -1.75,
        0
      ],
      "scale": [
        0.5,
        0.5,
        0.5
      ]
    }
  },
  "groups": [
    {
      "name": "group",
      "origin": [
        7,
        16,
        7
      ],
      "color": 0,
      "children": [
        0,
        1,
        2,
        3,
        4,
        5
      ]
    }
  ]
}