{
  "format_version": "1.9.0",
  "credit": "Made with Blockbench",
  "texture_size": [
    64,
    64
  ],
  "elements": [
    {
      "from": [
        3,
        0,
        9
      ],
      "to": [
        13,
        1,
        16
      ],
      "rotation": {
        "angle": 0,
        "axis": "y",
        "origin": [
          3,
          0,
          12
        ]
      },
      "faces": {
        "north": {
          "uv": [
            5,
            2.5,
            7.5,
            2.75
          ],
          "texture": "#0"
        },
        "east": {
          "uv": [
            3.5,
            6.25,
            5.25,
            6.5
          ],
          "texture": "#0"
        },
        "south": {
          "uv": [
            5,
            2.75,
            7.5,
            3
          ],
          "texture": "#0"
        },
        "west": {
          "uv": [
            5.25,
            6.25,
            7,
            6.5
          ],
          "texture": "#0"
        },
        "up": {
          "uv": [
            2.5,
            1.75,
            0,
            0
          ],
          "texture": "#0"
        },
        "down": {
          "uv": [
            2.5,
            1.75,
            0,
            3.5
          ],
          "texture": "#0"
        }
      }
    },
    {
      "from": [
        3,
        1,
        9
      ],
      "to": [
        4,
        6,
        10
      ],
      "rotation": {
        "angle": 0,
        "axis": "y",
        "origin": [
          3,
          0,
          12
        ]
      },
      "faces": {
        "north": {
          "uv": [
            2,
            6.5,
            2.25,
            7.75
          ],
          "texture": "#0"
        },
        "east": {
          "uv": [
            2.25,
            6.5,
            2.5,
            7.75
          ],
          "texture": "#0"
        },
        "south": {
          "uv": [
            3.5,
            6.5,
            3.75,
            7.75
          ],
          "texture": "#0"
        },
        "west": {
          "uv": [
            3.75,
            6.5,
            4,
            7.75
          ],
          "texture": "#0"
        },
        "up": {
          "uv": [
            3.25,
            5.5,
            3,
            5.25
          ],
          "texture": "#0"
        },
        "down": {
          "uv": [
            3.5,
            5.25,
            3.25,
            5.5
          ],
          "texture": "#0"
        }
      }
    },
    {
      "from": [
        12,
        1,
        9
      ],
      "to": [
        13,
        6,
        10
      ],
      "rotation": {
        "angle": 0,
        "axis": "y",
        "origin": [
          3,
          0,
          12
        ]
      },
      "faces": {
        "north": {
          "uv": [
            4,
            6.5,
            4.25,
            7.75
          ],
          "texture": "#0"
        },
        "east": {
          "uv": [
            4.25,
            6.5,
            4.5,
            7.75
          ],
          "texture": "#0"
        },
        "south": {
          "uv": [
            4.5,
            6.5,
            4.75,
            7.75
          ],
          "texture": "#0"
        },
        "west": {
          "uv": [
            4.75,
            6.5,
            5,
            7.75
          ],
          "texture": "#0"
        },
        "up": {
          "uv": [
            3.75,
            5.5,
            3.5,
            5.25
          ],
          "texture": "#0"
        },
        "down": {
          "uv": [
            4,
            5.25,
            3.75,
            5.5
          ],
          "texture": "#0"
        }
      }
    },
    {
      "from": [
        3,
        1,
        10
      ],
      "to": [
        4,
        6,
        16
      ],
      "rotation": {
        "angle": 0,
        "axis": "y",
        "origin": [
          3,
          0,
          12
        ]
      },
      "faces": {
        "north": {
          "uv": [
            5,
            6.5,
            5.25,
            7.75
          ],
          "texture": "#0"
        },
        "east": {
          "uv": [
            5,
            0,
            6.5,
            1.25
          ],
          "texture": "#0"
        },
        "south": {
          "uv": [
            5.25,
            6.5,
            5.5,
            7.75
          ],
          "texture": "#0"
        },
        "west": {
          "uv": [
            5,
            1.25,
            6.5,
            2.5
          ],
          "texture": "#0"
        },
        "up": {
          "uv": [
            6.75,
            1.75,
            6.5,
            0.25
          ],
          "texture": "#0"
        },
        "down": {
          "uv": [
            2,
            6.5,
            1.75,
            8
          ],
          "texture": "#0"
        }
      }
    },
    {
      "from": [
        12,
        1,
        10
      ],
      "to": [
        13,
        6,
        15
      ],
      "rotation": {
        "angle": 0,
        "axis": "y",
        "origin": [
          3,
          0,
          12
        ]
      },
      "faces": {
        "north": {
          "uv": [
            5.5,
            6.5,
            5.75,
            7.75
          ],
          "texture": "#0"
        },
        "east": {
          "uv": [
            0,
            5.25,
            1.25,
            6.5
          ],
          "texture": "#0"
        },
        "south": {
          "uv": [
            5.75,
            6.5,
            6,
            7.75
          ],
          "texture": "#0"
        },
        "west": {
          "uv": [
            1.25,
            5.25,
            2.5,
            6.5
          ],
          "texture": "#0"
        },
        "up": {
          "uv": [
            6.25,
            7.75,
            6,
            6.5
          ],
          "texture": "#0"
        },
        "down": {
          "uv": [
            6.5,
            6.5,
            6.25,
            7.75
          ],
          "texture": "#0"
        }
      }
    },
    {
      "from": [
        4,
        1,
        15
      ],
      "to": [
        13,
        6,
        16
      ],
      "rotation": {
        "angle": 0,
        "axis": "y",
        "origin": [
          3,
          0,
          12
        ]
      },
      "faces": {
        "north": {
          "uv": [
            4.5,
            3.5,
            6.75,
            4.75
          ],
          "texture": "#0"
        },
        "east": {
          "uv": [
            6.5,
            6.5,
            6.75,
            7.75
          ],
          "texture": "#0"
        },
        "south": {
          "uv": [
            4.5,
            4.75,
            6.75,
            6
          ],
          "texture": "#0"
        },
        "west": {
          "uv": [
            0,
            6.75,
            0.25,
            8
          ],
          "texture": "#0"
        },
        "up": {
          "uv": [
            5.25,
            6.25,
            3,
            6
          ],
          "texture": "#0"
        },
        "down": {
          "uv": [
            7.5,
            6,
            5.25,
            6.25
          ],
          "texture": "#0"
        }
      }
    },
    {
      "from": [
        3,
        6,
        9
      ],
      "to": [
        13,
        7,
        16
      ],
      "rotation": {
        "angle": 0,
        "axis": "y",
        "origin": [
          3,
          0,
          12
        ]
      },
      "faces": {
        "north": {
          "uv": [
            5,
            3,
            7.5,
            3.25
          ],
          "texture": "#0"
        },
        "east": {
          "uv": [
            0,
            6.5,
            1.75,
            6.75
          ],
          "texture": "#0"
        },
        "south": {
          "uv": [
            5,
            3.25,
            7.5,
            3.5
          ],
          "texture": "#0"
        },
        "west": {
          "uv": [
            6.5,
            0,
            8.25,
            0.25
          ],
          "texture": "#0"
        },
        "up": {
          "uv": [
            5,
            1.75,
            2.5,
            0
          ],
          "texture": "#0"
        },
        "down": {
          "uv": [
            5,
            1.75,
            2.5,
            3.5
          ],
          "texture": "#0"
        }
      }
    },
    {
      "from": [
        4,
        1,
        8
      ],
      "to": [
        12,
        6,
        8
      ],
      "rotation": {
        "angle": 0,
        "axis": "y",
        "origin": [
          11.6,
          0,
          8.4
        ]
      },
      "faces": {
        "north": {
          "uv": [
            10,
            0.25,
            11.75,
            1.5
          ],
          "texture": "#0"
        },
        "east": {
          "uv": [
            13,
            3,
            13.25,
            4.25
          ],
          "texture": "#0"
        },
        "south": {
          "uv": [
            14.25,
            0,
            16,
            1.25
          ],
          "texture": "#0"
        },
        "west": {
          "uv": [
            12.75,
            3,
            13,
            4.25
          ],
          "texture": "#0"
        },
        "up": {
          "uv": [
            12.5,
            3.75,
            12.25,
            2
          ],
          "rotation": 270,
          "texture": "#0"
        },
        "down": {
          "uv": [
            12.75,
            2,
            12.5,
            3.75
          ],
          "rotation": 90,
          "texture": "#0"
        }
      }
    },
    {
      "from": [
        4,
        0,
        8
      ],
      "to": [
        12,
        1,
        9
      ],
      "rotation": {
        "angle": 0,
        "axis": "y",
        "origin": [
          11.6,
          0,
          8.4
        ]
      },
      "faces": {
        "north": {
          "uv": [
            0.25,
            5,
            2,
            5.25
          ],
          "texture": "#0"
        },
        "east": {
          "uv": [
            3.25,
            7.75,
            3.5,
            8
          ],
          "texture": "#0"
        },
        "south": {
          "uv": [
            2.5,
            5,
            4.25,
            5.25
          ],
          "texture": "#0"
        },
        "west": {
          "uv": [
            3,
            7.75,
            3.25,
            8
          ],
          "texture": "#0"
        },
        "up": {
          "uv": [
            2.75,
            7.25,
            2.5,
            5.5
          ],
          "rotation": 270,
          "texture": "#0"
        },
        "down": {
          "uv": [
            3,
            5.5,
            2.75,
            7.25
          ],
          "rotation": 90,
          "texture": "#0"
        }
      }
    },
    {
      "from": [
        3,
        0,
        8
      ],
      "to": [
        4,
        7,
        9
      ],
      "rotation": {
        "angle": 0,
        "axis": "y",
        "origin": [
          11.6,
          0,
          8.4
        ]
      },
      "faces": {
        "north": {
          "uv": [
            2,
            3.5,
            2.25,
            5.25
          ],
          "texture": "#0"
        },
        "east": {
          "uv": [
            3.25,
            6.25,
            3.5,
            8
          ],
          "texture": "#0"
        },
        "south": {
          "uv": [
            2.25,
            3.5,
            2.5,
            5.25
          ],
          "texture": "#0"
        },
        "west": {
          "uv": [
            3,
            6.25,
            3.25,
            8
          ],
          "texture": "#0"
        },
        "up": {
          "uv": [
            2.75,
            7.5,
            2.5,
            7.25
          ],
          "rotation": 270,
          "texture": "#0"
        },
        "down": {
          "uv": [
            3,
            7.25,
            2.75,
            7.5
          ],
          "rotation": 90,
          "texture": "#0"
        }
      }
    },
    {
      "from": [
        4,
        6,
        8
      ],
      "to": [
        12,
        7,
        9
      ],
      "rotation": {
        "angle": 0,
        "axis": "y",
        "origin": [
          11.6,
          0,
          8.4
        ]
      },
      "faces": {
        "north": {
          "uv": [
            0.25,
            3.5,
            2,
            3.75
          ],
          "texture": "#0"
        },
        "east": {
          "uv": [
            3.25,
            6.25,
            3.5,
            6.5
          ],
          "texture": "#0"
        },
        "south": {
          "uv": [
            2.5,
            3.5,
            4.25,
            3.75
          ],
          "texture": "#0"
        },
        "west": {
          "uv": [
            3,
            6.25,
            3.25,
            6.5
          ],
          "texture": "#0"
        },
        "up": {
          "uv": [
            2.75,
            7.25,
            2.5,
            5.5
          ],
          "rotation": 270,
          "texture": "#0"
        },
        "down": {
          "uv": [
            3,
            5.5,
            2.75,
            7.25
          ],
          "rotation": 90,
          "texture": "#0"
        }
      }
    },
    {
      "from": [
        12,
        0,
        8
      ],
      "to": [
        13,
        7,
        9
      ],
      "rotation": {
        "angle": 0,
        "axis": "y",
        "origin": [
          11.6,
          0,
          8.4
        ]
      },
      "faces": {
        "north": {
          "uv": [
            0,
            3.5,
            0.25,
            5.25
          ],
          "texture": "#0"
        },
        "east": {
          "uv": [
            3.25,
            6.25,
            3.5,
            8
          ],
          "texture": "#0"
        },
        "south": {
          "uv": [
            4.25,
            3.5,
            4.5,
            5.25
          ],
          "texture": "#0"
        },
        "west": {
          "uv": [
            3,
            6.25,
            3.25,
            8
          ],
          "texture": "#0"
        },
        "up": {
          "uv": [
            2.75,
            5.5,
            2.5,
            5.25
          ],
          "rotation": 270,
          "texture": "#0"
        },
        "down": {
          "uv": [
            3,
            5.25,
            2.75,
            5.5
          ],
          "rotation": 90,
          "texture": "#0"
        }
      }
    }
  ],
  "display": {
    "thirdperson_righthand": {
      "rotation": [
        75,
        45,
        0
      ],
      "translation": [
        0,
        2.5,
        0
      ],
      "scale": [
        0.375,
        0.375,
        0.375
      ]
    },
    "thirdperson_lefthand": {
      "rotation": [
        75,
        45,
        0
      ],
      "translation": [
        0,
        2.5,
        0
      ],
      "scale": [
        0.375,
        0.375,
        0.375
      ]
    },
    "firstperson_righthand": {
      "rotation": [
        -180,
        71.75,
        -180
      ],
      "translation": [
        0,
        4.5,
        1
      ],
      "scale": [
        0.4,
        0.4,
        0.4
      ]
    },
    "firstperson_lefthand": {
      "rotation": [
        -180,
        71.75,
        -180
      ],
      "translation": [
        0,
        4.5,
        1
      ],
      "scale": [
        0.4,
        0.4,
        0.4
      ]
    },
    "ground": {
      "translation": [
        0,
        2,
        0
      ],
      "scale": [
        0.5,
        0.5,
        0.5
      ]
    },
    "gui": {
      "rotation": [
        -168.2,
        28.9,
        -171.5
      ],
      "translation": [
        -1.25,
        4,
        0
      ]
    },
    "head": {
      "translation": [
        0,
        10.75,
        -4.5
      ]
    }
  },
  "groups": [
    0,
    1,
    2,
    3,
    4,
    5,
    6,
    {
      "name": "door",
      "origin": [
        12.1,
        0,
        8
      ],
      "color": 0,
      "children": [
        7,
        8,
        9,
        10,
        11
      ]
    }
  ]
}