{
  "format_version": "1.9.0",
  "credit": "Made with Blockbench",
  "elements": [
    {
      "from": [
        6,
        0,
        6
      ],
      "to": [
        10,
        8,
        10
      ],
      "rotation": {
        "angle": 0,
        "axis": "y",
        "origin": [
          7,
          0,
          7
        ]
      },
      "faces": {
        "north": {
          "uv": [
            0,
            0,
            4,
            8
          ],
          "texture": "#0"
        },
        "east": {
          "uv": [
            4,
            0,
            8,
            8
          ],
          "texture": "#0"
        },
        "south": {
          "uv": [
            0,
            8,
            4,
            16
          ],
          "texture": "#0"
        },
        "west": {
          "uv": [
            8,
            0,
            12,
            8
          ],
          "texture": "#0"
        },
        "up": {
          "uv": [
            8,
            12,
            4,
            8
          ],
          "texture": "#0"
        },
        "down": {
          "uv": [
            12,
            8,
            8,
            12
          ],
          "texture": "#0"
        }
      }
    },
    {
      "from": [
        6.1,
        7.1,
        6.8
      ],
      "to": [
        9.9,
        8.1,
        8.8
      ],
      "rotation": {
        "angle": -22.5,
        "axis": "x",
        "origin": [
          7,
          6.1,
          6.8
        ]
      },
      "faces": {
        "north": {
          "uv": [
            8,
            12,
            11.75,
            13
          ],
          "texture": "#0"
        },
        "east": {
          "uv": [
            12,
            11,
            14,
            12
          ],
          "texture": "#0"
        },
        "south": {
          "uv": [
            12,
            8,
            15.75,
            9
          ],
          "texture": "#0"
        },
        "west": {
          "uv": [
            12,
            12,
            14,
            13
          ],
          "texture": "#0"
        },
        "up": {
          "uv": [
            7.75,
            14,
            4,
            12
          ],
          "texture": "#0"
        },
        "down": {
          "uv": [
            15.75,
            4,
            12,
            6
          ],
          "texture": "#0"
        }
      }
    },
    {
      "from": [
        6.1,
        7.9,
        7.3
      ],
      "to": [
        9.9,
        8.9,
        9.3
      ],
      "rotation": {
        "angle": 22.5,
        "axis": "x",
        "origin": [
          7,
          6.9,
          7.3
        ]
      },
      "faces": {
        "north": {
          "uv": [
            12,
            6,
            15.75,
            7
          ],
          "texture": "#0"
        },
        "east": {
          "uv": [
            12,
            9,
            14,
            10
          ],
          "texture": "#0"
        },
        "south": {
          "uv": [
            12,
            7,
            15.75,
            8
          ],
          "texture": "#0"
        },
        "west": {
          "uv": [
            12,
            10,
            14,
            11
          ],
          "texture": "#0"
        },
        "up": {
          "uv": [
            15.75,
            2,
            12,
            0
          ],
          "texture": "#0"
        },
        "down": {
          "uv": [
            15.75,
            2,
            12,
            4
          ],
          "texture": "#0"
        }
      }
    }
  ],
  "display": {
    "thirdperson_righthand": {
      "rotation": [
        9,
        0,
        0
      ],
      "translation": [
        0,
        4.75,
        2.5
      ],
      "scale": [
        0.96094,
        1,
        0.9707
      ]
    },
    "thirdperson_lefthand": {
      "rotation": [
        9,
        0,
        0
      ],
      "translation": [
        0,
        4.75,
        2.5
      ],
      "scale": [
        0.96094,
        1,
        0.9707
      ]
    },
    "firstperson_righthand": {
      "rotation": [
        -180,
        70,
        -180
      ],
      "translation": [
        0,
        8.5,
        0
      ]
    },
    "firstperson_lefthand": {
      "rotation": [
        -180,
        70,
        -180
      ],
      "translation": [
        0,
        8.5,
        0
      ]
    },
    "ground": {
      "translation": [
        0,
        4.75,
        0
      ]
    },
    "gui": {
      "rotation": [
        -147.75,
        33.25,
        180
      ],
      "translation": [
        0,
        5,
        0
      ],
      "scale": [
        1.5,
        1.5,
        1.5
      ]
    },
    "head": {
      "translation": [
        0,
        8,
        0
      ]
    }
  }
}