{
  "credit": "Made with Blockbench",
  "texture_size": [
    32,
    32
  ],
  "elements": [
    {
      "from": [
        7,
        0,
        4
      ],
      "to": [
        9,
        1.25,
        12
      ],
      "rotation": {
        "angle": 0,
        "axis": "y",
        "origin": [
          7,
          0,
          7
        ]
      },
      "faces": {
        "north": {
          "uv": [
            8.5,
            2.5,
            9.5,
            3
          ],
          "texture": "#1"
        },
        "east": {
          "uv": [
            2,
            4,
            6,
            4.5
          ],
          "texture": "#1"
        },
        "south": {
          "uv": [
            3,
            8.5,
            4,
            9
          ],
          "texture": "#1"
        },
        "west": {
          "uv": [
            4,
            2,
            8,
            2.5
          ],
          "texture": "#1"
        },
        "up": {
          "uv": [
            1,
            4,
            0,
            0
          ],
          "texture": "#1"
        },
        "down": {
          "uv": [
            2,
            0,
            1,
            4
          ],
          "texture": "#1"
        }
      }
    },
    {
      "from": [
        4,
        0,
        7
      ],
      "to": [
        12,
        0.75,
        9
      ],
      "rotation": {
        "angle": 0,
        "axis": "y",
        "origin": [
          4,
          0,
          11
        ]
      },
      "faces": {
        "north": {
          "uv": [
            4,
            2.5,
            8,
            3
          ],
          "texture": "#1"
        },
        "east": {
          "uv": [
            8.5,
            3,
            9.5,
            3.5
          ],
          "texture": "#1"
        },
        "south": {
          "uv": [
            4,
            3,
            8,
            3.5
          ],
          "texture": "#1"
        },
        "west": {
          "uv": [
            8.5,
            3.5,
            9.5,
            4
          ],
          "texture": "#1"
        },
        "up": {
          "uv": [
            6,
            1,
            2,
            0
          ],
          "texture": "#1"
        },
        "down": {
          "uv": [
            6,
            1,
            2,
            2
          ],
          "texture": "#1"
        }
      }
    },
    {
      "from": [
        6,
        0.75,
        7
      ],
      "to": [
        10,
        1.25,
        9
      ],
      "rotation": {
        "angle": 0,
        "axis": "y",
        "origin": [
          7,
          0,
          7
        ]
      },
      "faces": {
        "north": {
          "uv": [
            4,
            3.5,
            6,
            4
          ],
          "texture": "#1"
        },
        "east": {
          "uv": [
            4,
            8.5,
            5,
            9
          ],
          "texture": "#1"
        },
        "south": {
          "uv": [
            6,
            7.5,
            8,
            8
          ],
          "texture": "#1"
        },
        "west": {
          "uv": [
            5,
            8.5,
            6,
            9
          ],
          "texture": "#1"
        },
        "up": {
          "uv": [
            4,
            5.5,
            2,
            4.5
          ],
          "texture": "#1"
        },
        "down": {
          "uv": [
            6,
            4.5,
            4,
            5.5
          ],
          "texture": "#1"
        }
      }
    },
    {
      "from": [
        6.25,
        1.25,
        6.25
      ],
      "to": [
        9.75,
        2,
        9.75
      ],
      "rotation": {
        "angle": 0,
        "axis": "y",
        "origin": [
          7,
          1.25,
          7
        ]
      },
      "faces": {
        "north": {
          "uv": [
            8,
            0,
            10,
            0.5
          ],
          "texture": "#1"
        },
        "east": {
          "uv": [
            8,
            0.5,
            10,
            1
          ],
          "texture": "#1"
        },
        "south": {
          "uv": [
            8,
            1,
            10,
            1.5
          ],
          "texture": "#1"
        },
        "west": {
          "uv": [
            8,
            1.5,
            10,
            2
          ],
          "texture": "#1"
        },
        "up": {
          "uv": [
            4,
            4,
            2,
            2
          ],
          "texture": "#1"
        },
        "down": {
          "uv": [
            2,
            4,
            0,
            6
          ],
          "texture": "#1"
        }
      }
    },
    {
      "from": [
        9.25,
        2,
        6.25
      ],
      "to": [
        10,
        3.75,
        9.75
      ],
      "rotation": {
        "angle": 0,
        "axis": "y",
        "origin": [
          7,
          2,
          7
        ]
      },
      "faces": {
        "north": {
          "uv": [
            8.5,
            6,
            9,
            7
          ],
          "texture": "#1"
        },
        "east": {
          "uv": [
            2,
            5.5,
            4,
            6.5
          ],
          "texture": "#1"
        },
        "south": {
          "uv": [
            7.5,
            8.5,
            8,
            9.5
          ],
          "texture": "#1"
        },
        "west": {
          "uv": [
            4,
            5.5,
            6,
            6.5
          ],
          "texture": "#1"
        },
        "up": {
          "uv": [
            0.5,
            10,
            0,
            8
          ],
          "texture": "#1"
        },
        "down": {
          "uv": [
            1,
            8,
            0.5,
            10
          ],
          "texture": "#1"
        }
      }
    },
    {
      "from": [
        10,
        3.75,
        6.5
      ],
      "to": [
        10.75,
        5.5,
        9.5
      ],
      "rotation": {
        "angle": 0,
        "axis": "y",
        "origin": [
          7.75,
          3.75,
          7
        ]
      },
      "faces": {
        "north": {
          "uv": [
            8,
            8.5,
            8.5,
            9.5
          ],
          "texture": "#1"
        },
        "east": {
          "uv": [
            2,
            6.5,
            3.5,
            7.5
          ],
          "texture": "#1"
        },
        "south": {
          "uv": [
            8.5,
            8.5,
            9,
            9.5
          ],
          "texture": "#1"
        },
        "west": {
          "uv": [
            3.5,
            6.5,
            5,
            7.5
          ],
          "texture": "#1"
        },
        "up": {
          "uv": [
            6.5,
            9.5,
            6,
            8
          ],
          "texture": "#1"
        },
        "down": {
          "uv": [
            8.5,
            6,
            8,
            7.5
          ],
          "texture": "#1"
        }
      }
    },
    {
      "from": [
        5.5,
        3.75,
        6.5
      ],
      "to": [
        6.25,
        5.5,
        9.5
      ],
      "rotation": {
        "angle": 0,
        "axis": "y",
        "origin": [
          3.25,
          3.75,
          7
        ]
      },
      "faces": {
        "north": {
          "uv": [
            1.5,
            9,
            2,
            10
          ],
          "texture": "#1"
        },
        "east": {
          "uv": [
            5,
            6.5,
            6.5,
            7.5
          ],
          "texture": "#1"
        },
        "south": {
          "uv": [
            2,
            9,
            2.5,
            10
          ],
          "texture": "#1"
        },
        "west": {
          "uv": [
            6.5,
            6.5,
            8,
            7.5
          ],
          "texture": "#1"
        },
        "up": {
          "uv": [
            7,
            9.5,
            6.5,
            8
          ],
          "texture": "#1"
        },
        "down": {
          "uv": [
            7.5,
            8,
            7,
            9.5
          ],
          "texture": "#1"
        }
      }
    },
    {
      "from": [
        6.5,
        3.75,
        9.75
      ],
      "to": [
        9.5,
        5.5,
        10.5
      ],
      "rotation": {
        "angle": 0,
        "axis": "y",
        "origin": [
          9,
          3.75,
          7.5
        ]
      },
      "faces": {
        "north": {
          "uv": [
            0,
            7,
            1.5,
            8
          ],
          "texture": "#1"
        },
        "east": {
          "uv": [
            2.5,
            9,
            3,
            10
          ],
          "texture": "#1"
        },
        "south": {
          "uv": [
            1.5,
            7.5,
            3,
            8.5
          ],
          "texture": "#1"
        },
        "west": {
          "uv": [
            3,
            9,
            3.5,
            10
          ],
          "texture": "#1"
        },
        "up": {
          "uv": [
            9,
            8.5,
            7.5,
            8
          ],
          "texture": "#1"
        },
        "down": {
          "uv": [
            9.5,
            7.5,
            8,
            8
          ],
          "texture": "#1"
        }
      }
    },
    {
      "from": [
        6.5,
        3.75,
        5.5
      ],
      "to": [
        9.5,
        5.5,
        6.25
      ],
      "rotation": {
        "angle": 0,
        "axis": "y",
        "origin": [
          9,
          3.75,
          3.25
        ]
      },
      "faces": {
        "north": {
          "uv": [
            3,
            7.5,
            4.5,
            8.5
          ],
          "texture": "#1"
        },
        "east": {
          "uv": [
            3.5,
            9,
            4,
            10
          ],
          "texture": "#1"
        },
        "south": {
          "uv": [
            4.5,
            7.5,
            6,
            8.5
          ],
          "texture": "#1"
        },
        "west": {
          "uv": [
            4,
            9,
            4.5,
            10
          ],
          "texture": "#1"
        },
        "up": {
          "uv": [
            3,
            9,
            1.5,
            8.5
          ],
          "texture": "#1"
        },
        "down": {
          "uv": [
            10,
            2,
            8.5,
            2.5
          ],
          "texture": "#1"
        }
      }
    },
    {
      "from": [
        6,
        2,
        6.25
      ],
      "to": [
        6.75,
        3.75,
        9.75
      ],
      "rotation": {
        "angle": 0,
        "axis": "y",
        "origin": [
          3.75,
          2,
          7
        ]
      },
      "faces": {
        "north": {
          "uv": [
            4.5,
            9,
            5,
            10
          ],
          "texture": "#1"
        },
        "east": {
          "uv": [
            0,
            6,
            2,
            7
          ],
          "texture": "#1"
        },
        "south": {
          "uv": [
            5,
            9,
            5.5,
            10
          ],
          "texture": "#1"
        },
        "west": {
          "uv": [
            6,
            0,
            8,
            1
          ],
          "texture": "#1"
        },
        "up": {
          "uv": [
            1.5,
            10,
            1,
            8
          ],
          "texture": "#1"
        },
        "down": {
          "uv": [
            8.5,
            2,
            8,
            4
          ],
          "texture": "#1"
        }
      }
    },
    {
      "from": [
        6.25,
        2,
        5.5
      ],
      "to": [
        9.75,
        3.75,
        6.25
      ],
      "rotation": {
        "angle": 0,
        "axis": "y",
        "origin": [
          9,
          2,
          3.25
        ]
      },
      "faces": {
        "north": {
          "uv": [
            6,
            1,
            8,
            2
          ],
          "texture": "#1"
        },
        "east": {
          "uv": [
            5.5,
            9,
            6,
            10
          ],
          "texture": "#1"
        },
        "south": {
          "uv": [
            6,
            3.5,
            8,
            4.5
          ],
          "texture": "#1"
        },
        "west": {
          "uv": [
            9,
            6,
            9.5,
            7
          ],
          "texture": "#1"
        },
        "up": {
          "uv": [
            10,
            4.5,
            8,
            4
          ],
          "texture": "#1"
        },
        "down": {
          "uv": [
            10,
            4.5,
            8,
            5
          ],
          "texture": "#1"
        }
      }
    },
    {
      "from": [
        6.25,
        2,
        9.75
      ],
      "to": [
        9.75,
        3.75,
        10.5
      ],
      "rotation": {
        "angle": 0,
        "axis": "y",
        "origin": [
          9,
          2,
          7.5
        ]
      },
      "faces": {
        "north": {
          "uv": [
            6,
            4.5,
            8,
            5.5
          ],
          "texture": "#1"
        },
        "east": {
          "uv": [
            9,
            8,
            9.5,
            9
          ],
          "texture": "#1"
        },
        "south": {
          "uv": [
            6,
            5.5,
            8,
            6.5
          ],
          "texture": "#1"
        },
        "west": {
          "uv": [
            9,
            9,
            9.5,
            10
          ],
          "texture": "#1"
        },
        "up": {
          "uv": [
            10,
            5.5,
            8,
            5
          ],
          "texture": "#1"
        },
        "down": {
          "uv": [
            10,
            5.5,
            8,
            6
          ],
          "texture": "#1"
        }
      }
    },
    {
      "from": [
        5.75,
        3.75,
        5.75
      ],
      "to": [
        6.5,
        5.5,
        6.5
      ],
      "rotation": {
        "angle": 0,
        "axis": "y",
        "origin": [
          4.5,
          3,
          4.5
        ]
      },
      "faces": {
        "north": {
          "uv": [
            9.5,
            2.5,
            10,
            3.5
          ],
          "texture": "#1"
        },
        "east": {
          "uv": [
            6,
            9.5,
            6.5,
            10.5
          ],
          "texture": "#1"
        },
        "south": {
          "uv": [
            9.5,
            6,
            10,
            7
          ],
          "texture": "#1"
        },
        "west": {
          "uv": [
            6.5,
            9.5,
            7,
            10.5
          ],
          "texture": "#1"
        },
        "up": {
          "uv": [
            2,
            7.5,
            1.5,
            7
          ],
          "texture": "#1"
        },
        "down": {
          "uv": [
            9,
            7,
            8.5,
            7.5
          ],
          "texture": "#1"
        }
      }
    },
    {
      "from": [
        9.5,
        3.75,
        5.75
      ],
      "to": [
        10.25,
        5.5,
        6.5
      ],
      "rotation": {
        "angle": 0,
        "axis": "y",
        "origin": [
          8.25,
          3,
          4.5
        ]
      },
      "faces": {
        "north": {
          "uv": [
            7,
            9.5,
            7.5,
            10.5
          ],
          "texture": "#1"
        },
        "east": {
          "uv": [
            9.5,
            7,
            10,
            8
          ],
          "texture": "#1"
        },
        "south": {
          "uv": [
            7.5,
            9.5,
            8,
            10.5
          ],
          "texture": "#1"
        },
        "west": {
          "uv": [
            8,
            9.5,
            8.5,
            10.5
          ],
          "texture": "#1"
        },
        "up": {
          "uv": [
            9.5,
            7.5,
            9,
            7
          ],
          "texture": "#1"
        },
        "down": {
          "uv": [
            10,
            3.5,
            9.5,
            4
          ],
          "texture": "#1"
        }
      }
    },
    {
      "from": [
        5.75,
        3.75,
        9.5
      ],
      "to": [
        6.5,
        5.5,
        10.25
      ],
      "rotation": {
        "angle": 0,
        "axis": "y",
        "origin": [
          4.5,
          3,
          8.5
        ]
      },
      "faces": {
        "north": {
          "uv": [
            9.5,
            8,
            10,
            9
          ],
          "texture": "#1"
        },
        "east": {
          "uv": [
            8.5,
            9.5,
            9,
            10.5
          ],
          "texture": "#1"
        },
        "south": {
          "uv": [
            9.5,
            9,
            10,
            10
          ],
          "texture": "#1"
        },
        "west": {
          "uv": [
            0,
            10,
            0.5,
            11
          ],
          "texture": "#1"
        },
        "up": {
          "uv": [
            2,
            10.5,
            1.5,
            10
          ],
          "texture": "#1"
        },
        "down": {
          "uv": [
            2.5,
            10,
            2,
            10.5
          ],
          "texture": "#1"
        }
      }
    },
    {
      "from": [
        9.5,
        3.75,
        9.5
      ],
      "to": [
        10.25,
        5.5,
        10.25
      ],
      "rotation": {
        "angle": 0,
        "axis": "y",
        "origin": [
          8.25,
          3,
          8.5
        ]
      },
      "faces": {
        "north": {
          "uv": [
            10,
            0,
            10.5,
            1
          ],
          "texture": "#1"
        },
        "east": {
          "uv": [
            0.5,
            10,
            1,
            11
          ],
          "texture": "#1"
        },
        "south": {
          "uv": [
            1,
            10,
            1.5,
            11
          ],
          "texture": "#1"
        },
        "west": {
          "uv": [
            10,
            1,
            10.5,
            2
          ],
          "texture": "#1"
        },
        "up": {
          "uv": [
            10.5,
            2.5,
            10,
            2
          ],
          "texture": "#1"
        },
        "down": {
          "uv": [
            3,
            10,
            2.5,
            10.5
          ],
          "texture": "#1"
        }
      }
    },
    {
      "from": [
        6,
        5.25,
        6
      ],
      "to": [
        10,
        5.25,
        10
      ],
      "rotation": {
        "angle": 0,
        "axis": "y",
        "origin": [
          7,
          3.25,
          7
        ]
      },
      "faces": {
        "north": {
          "uv": [
            0,
            0,
            2,
            0
          ],
          "texture": "#missing"
        },
        "east": {
          "uv": [
            0,
            0,
            2,
            0
          ],
          "texture": "#missing"
        },
        "south": {
          "uv": [
            0,
            0,
            2,
            0
          ],
          "texture": "#missing"
        },
        "west": {
          "uv": [
            0,
            0,
            2,
            0
          ],
          "texture": "#missing"
        },
        "up": {
          "uv": [
            0,
            0,
            4,
            4
          ],
          "texture": "#0"
        },
        "down": {
          "uv": [
            0,
            0,
            2,
            2
          ],
          "texture": "#missing"
        }
      }
    }
  ],
  "display": {
    "thirdperson_righthand": {
      "rotation": [
        70,
        0,
        0
      ],
      "translation": [
        0,
        2,
        4.5
      ],
      "scale": [
        1.04297,
        1,
        1
      ]
    },
    "thirdperson_lefthand": {
      "rotation": [
        70,
        0,
        0
      ],
      "translation": [
        0,
        2,
        4.5
      ],
      "scale": [
        1.04297,
        1,
        1
      ]
    },
    "firstperson_righthand": {
      "translation": [
        -1.75,
        6.25,
        4.5
      ],
      "scale": [
        1.04297,
        1,
        1
      ]
    },
    "firstperson_lefthand": {
      "translation": [
        -1.75,
        6.25,
        4.5
      ],
      "scale": [
        1.04297,
        1,
        1
      ]
    },
    "ground": {
      "translation": [
        0.25,
        6.25,
        -0.75
      ],
      "scale": [
        1.04297,
        1,
        1
      ]
    },
    "gui": {
      "rotation": [
        36.01,
        -34.26,
        12.38
      ],
      "translation": [
        -2,
        7.5,
        4.5
      ],
      "scale": [
        1.72656,
        1.57227,
        1.71094
      ]
    },
    "head": {
      "translation": [
        -2,
        11.5,
        0.5
      ],
      "scale": [
        1.04297,
        1,
        1
      ]
    }
  },
  "groups": [
    {
      "name": "group",
      "origin": [
        8,
        8,
        8
      ],
      "color": 0,
      "children": [
        0,
        1,
        2
      ]
    },
    {
      "name": "group",
      "origin": [
        8,
        8,
        8
      ],
      "color": 0,
      "children": [
        3,
        4,
        5,
        6,
        7,
        8,
        9,
        10,
        11,
        12,
        13,
        14,
        15
      ]
    },
    {
      "name": "group",
      "origin": [
        7,
        3.25,
        7
      ],
      "color": 0,
      "children": [
        16
      ]
    }
  ]
}