{
  "format_version": "1.9.0",
  "credit": "Made with Blockbench",
  "elements": [
    {
      "from": [
        6,
        0,
        5
      ],
      "to": [
        10,
        4,
        11
      ],
      "rotation": {
        "angle": 0,
        "axis": "y",
        "origin": [
          7,
          0,
          7
        ]
      },
      "faces": {
        "north": {
          "uv": [
            0,
            8,
            4,
            12
          ],
          "texture": "#0"
        },
        "east": {
          "uv": [
            0,
            0,
            6,
            4
          ],
          "texture": "#0"
        },
        "south": {
          "uv": [
            10,
            0,
            14,
            4
          ],
          "texture": "#0"
        },
        "west": {
          "uv": [
            0,
            4,
            6,
            8
          ],
          "texture": "#0"
        },
        "up": {
          "uv": [
            10,
            6,
            6,
            0
          ],
          "texture": "#0"
        },
        "down": {
          "uv": [
            10,
            6,
            6,
            12
          ],
          "texture": "#0"
        }
      }
    },
    {
      "from": [
        7,
        1,
        3
      ],
      "to": [
        9,
        3,
        5
      ],
      "rotation": {
        "angle": 0,
        "axis": "y",
        "origin": [
          7,
          1,
          4
        ]
      },
      "faces": {
        "north": {
          "uv": [
            6,
            10,
            4,
            8
          ],
          "texture": "#0"
        },
        "east": {
          "uv": [
            6,
            12,
            4,
            10
          ],
          "texture": "#0"
        },
        "south": {
          "uv": [
            12,
            6,
            10,
            4
          ],
          "texture": "#0"
        },
        "west": {
          "uv": [
            12,
            8,
            10,
            6
          ],
          "texture": "#0"
        },
        "up": {
          "uv": [
            10,
            8,
            12,
            10
          ],
          "texture": "#0"
        },
        "down": {
          "uv": [
            10,
            12,
            12,
            10
          ],
          "texture": "#0"
        }
      }
    }
  ],
  "display": {
    "thirdperson_righthand": {
      "translation": [
        0,
        3,
        1
      ],
      "scale": [
        0.55,
        0.55,
        0.55
      ]
    },
    "thirdperson_lefthand": {
      "translation": [
        0,
        3,
        1
      ],
      "scale": [
        0.55,
        0.55,
        0.55
      ]
    },
    "firstperson_righthand": {
      "rotation": [
        31.41,
        16.13,
        -9.63
      ],
      "translation": [
        0,
        7.25,
        4
      ]
    },
    "firstperson_lefthand": {
      "rotation": [
        31.41,
        16.13,
        -9.63
      ],
      "translation": [
        0,
        7.25,
        4
      ]
    },
    "ground": {
      "translation": [
        0,
        2,
        0
      ],
      "scale": [
        0.5,
        0.5,
        0.5
      ]
    },
    "gui": {
      "rotation": [
        92.36,
        25.67,
        -53.49
      ],
      "translation": [
        5,
        1.25,
        0
      ]
    },
    "head": {
      "translation": [
        0,
        3,
        -4.75
      ]
    },
    "fixed": {
      "rotation": [
        90,
        -38,
        90
      ],
      "translation": [
        -6,
        3,
        0
      ]
    }
  }
}