{
  "format_version": "1.9.0",
  "credit": "Made with Blockbench",
  "texture_size": [
    32,
    32
  ],
  "elements": [
    {
      "from": [
        9,
        1,
        7
      ],
      "to": [
        11,
        3,
        9
      ],
      "rotation": {
        "angle": 0,
        "axis": "y",
        "origin": [
          9,
          1,
          7
        ]
      },
      "faces": {
        "north": {
          "uv": [
            0,
            5,
            1,
            7.25
          ],
          "texture": "#1"
        },
        "east": {
          "uv": [
            0,
            5,
            1,
            7.25
          ],
          "texture": "#1"
        },
        "south": {
          "uv": [
            0,
            5,
            1,
            7.25
          ],
          "texture": "#1"
        },
        "west": {
          "uv": [
            0,
            5,
            1,
            7.25
          ],
          "texture": "#1"
        },
        "up": {
          "uv": [
            14,
            4.5,
            13,
            3.5
          ],
          "texture": "#1"
        },
        "down": {
          "uv": [
            14,
            4.5,
            13,
            5.5
          ],
          "texture": "#1"
        }
      }
    },
    {
      "from": [
        5,
        1,
        7
      ],
      "to": [
        7,
        3,
        9
      ],
      "rotation": {
        "angle": 0,
        "axis": "y",
        "origin": [
          5,
          1,
          7
        ]
      },
      "faces": {
        "north": {
          "uv": [
            4,
            13,
            5,
            15.25
          ],
          "texture": "#1"
        },
        "east": {
          "uv": [
            4,
            13,
            5,
            15.25
          ],
          "texture": "#1"
        },
        "south": {
          "uv": [
            4,
            13,
            5,
            15.25
          ],
          "texture": "#1"
        },
        "west": {
          "uv": [
            4,
            13,
            5.25,
            15.25
          ],
          "texture": "#1"
        },
        "up": {
          "uv": [
            14,
            9.5,
            13,
            8.5
          ],
          "texture": "#1"
        },
        "down": {
          "uv": [
            10,
            13,
            9,
            14
          ],
          "texture": "#1"
        }
      }
    },
    {
      "from": [
        4.9,
        3,
        5.5
      ],
      "to": [
        11.1,
        11,
        10.5
      ],
      "rotation": {
        "angle": 0,
        "axis": "y",
        "origin": [
          9,
          3,
          6.5
        ]
      },
      "faces": {
        "north": {
          "uv": [
            5,
            5,
            7,
            8
          ],
          "texture": "#1"
        },
        "east": {
          "uv": [
            7,
            5,
            8,
            8
          ],
          "texture": "#1"
        },
        "south": {
          "uv": [
            8.25,
            5,
            10,
            8
          ],
          "texture": "#1"
        },
        "west": {
          "uv": [
            4,
            5,
            5,
            8
          ],
          "texture": "#1"
        },
        "up": {
          "uv": [
            7,
            5,
            5,
            4
          ],
          "texture": "#1"
        },
        "down": {
          "uv": [
            9,
            4,
            7,
            5
          ],
          "texture": "#1"
        }
      }
    },
    {
      "from": [
        5,
        0,
        5
      ],
      "to": [
        7,
        1,
        9
      ],
      "rotation": {
        "angle": 0,
        "axis": "y",
        "origin": [
          5,
          0,
          7
        ]
      },
      "faces": {
        "north": {
          "uv": [
            6,
            15.5,
            7.5,
            16
          ],
          "texture": "#1"
        },
        "east": {
          "uv": [
            6,
            15.5,
            8,
            16
          ],
          "texture": "#1"
        },
        "south": {
          "uv": [
            6,
            12,
            7,
            12.5
          ],
          "texture": "#1"
        },
        "west": {
          "uv": [
            6,
            15.5,
            8,
            16
          ],
          "texture": "#1"
        },
        "up": {
          "uv": [
            8,
            16,
            7,
            15.5
          ],
          "texture": "#1"
        },
        "down": {
          "uv": [
            5,
            15.5,
            4,
            16
          ],
          "texture": "#1"
        }
      }
    },
    {
      "from": [
        9,
        0,
        5
      ],
      "to": [
        11,
        1,
        9
      ],
      "rotation": {
        "angle": 0,
        "axis": "y",
        "origin": [
          9,
          0,
          7
        ]
      },
      "faces": {
        "north": {
          "uv": [
            6,
            15.5,
            7.5,
            16
          ],
          "texture": "#1"
        },
        "east": {
          "uv": [
            6,
            15.5,
            8,
            16
          ],
          "texture": "#1"
        },
        "south": {
          "uv": [
            6,
            12,
            7,
            12.5
          ],
          "texture": "#1"
        },
        "west": {
          "uv": [
            6,
            15.5,
            8,
            16
          ],
          "texture": "#1"
        },
        "up": {
          "uv": [
            8,
            16,
            7,
            15.5
          ],
          "texture": "#1"
        },
        "down": {
          "uv": [
            5,
            15.5,
            4,
            16
          ],
          "texture": "#1"
        }
      }
    },
    {
      "from": [
        5,
        11,
        5
      ],
      "to": [
        11,
        17,
        11
      ],
      "rotation": {
        "angle": 0,
        "axis": "y",
        "origin": [
          7,
          11,
          7
        ]
      },
      "faces": {
        "north": {
          "uv": [
            2,
            2,
            4,
            4
          ],
          "texture": "#1"
        },
        "east": {
          "uv": [
            0,
            2,
            2,
            4
          ],
          "texture": "#1"
        },
        "south": {
          "uv": [
            6,
            2,
            8,
            4
          ],
          "texture": "#1"
        },
        "west": {
          "uv": [
            4,
            2,
            6,
            4
          ],
          "texture": "#1"
        },
        "up": {
          "uv": [
            12,
            3,
            9,
            0
          ],
          "texture": "#1"
        },
        "down": {
          "uv": [
            6,
            0,
            4,
            2
          ],
          "texture": "#1"
        }
      }
    },
    {
      "from": [
        11.1,
        2,
        6
      ],
      "to": [
        13.1,
        11,
        10
      ],
      "rotation": {
        "angle": 45,
        "axis": "x",
        "origin": [
          11.1,
          9,
          8
        ]
      },
      "faces": {
        "north": {
          "uv": [
            13,
            5,
            14,
            8
          ],
          "texture": "#1"
        },
        "east": {
          "uv": [
            10,
            5,
            11,
            8
          ],
          "texture": "#1"
        },
        "south": {
          "uv": [
            11,
            5,
            12,
            8
          ],
          "texture": "#1"
        },
        "west": {
          "uv": [
            12,
            5,
            13,
            8
          ],
          "texture": "#1"
        },
        "up": {
          "uv": [
            12,
            5,
            11,
            4
          ],
          "texture": "#1"
        },
        "down": {
          "uv": [
            13,
            4,
            12,
            5
          ],
          "texture": "#1"
        }
      }
    },
    {
      "from": [
        2.9,
        2,
        6
      ],
      "to": [
        4.9,
        11,
        10
      ],
      "rotation": {
        "angle": 45,
        "axis": "x",
        "origin": [
          4.9,
          9,
          8
        ]
      },
      "faces": {
        "north": {
          "uv": [
            11,
            13,
            12,
            16
          ],
          "texture": "#1"
        },
        "east": {
          "uv": [
            8,
            13,
            9,
            16
          ],
          "texture": "#1"
        },
        "south": {
          "uv": [
            10,
            13,
            11,
            16
          ],
          "texture": "#1"
        },
        "west": {
          "uv": [
            9,
            13,
            10,
            16
          ],
          "texture": "#1"
        },
        "up": {
          "uv": [
            10,
            13,
            9,
            12
          ],
          "texture": "#1"
        },
        "down": {
          "uv": [
            11,
            12,
            10,
            13
          ],
          "texture": "#1"
        }
      }
    },
    {
      "from": [
        4,
        15,
        4.8
      ],
      "to": [
        12,
        17,
        12.8
      ],
      "rotation": {
        "angle": 22.5,
        "axis": "x",
        "origin": [
          8,
          17,
          8.8
        ]
      },
      "faces": {
        "north": {
          "uv": [
            4,
            4,
            8,
            5
          ],
          "texture": "#2"
        },
        "east": {
          "uv": [
            0,
            4,
            4,
            5
          ],
          "texture": "#2"
        },
        "south": {
          "uv": [
            12,
            4,
            16,
            5
          ],
          "texture": "#2"
        },
        "west": {
          "uv": [
            8,
            4,
            12,
            5
          ],
          "texture": "#2"
        },
        "up": {
          "uv": [
            8,
            4,
            4,
            0
          ],
          "texture": "#2"
        },
        "down": {
          "uv": [
            12,
            0,
            8,
            4
          ],
          "texture": "#2"
        }
      }
    },
    {
      "from": [
        4.7,
        16,
        5.3
      ],
      "to": [
        11.7,
        18,
        12.3
      ],
      "rotation": {
        "angle": 22.5,
        "axis": "x",
        "origin": [
          8,
          17,
          8.8
        ]
      },
      "faces": {
        "north": {
          "uv": [
            3.5,
            8.5,
            7,
            9.5
          ],
          "texture": "#2"
        },
        "east": {
          "uv": [
            0,
            8.5,
            3.5,
            9.5
          ],
          "texture": "#2"
        },
        "south": {
          "uv": [
            10.5,
            8.5,
            14,
            9.5
          ],
          "texture": "#2"
        },
        "west": {
          "uv": [
            7,
            8.5,
            10.5,
            9.5
          ],
          "texture": "#2"
        },
        "up": {
          "uv": [
            7,
            8.5,
            3.5,
            5
          ],
          "texture": "#2"
        },
        "down": {
          "uv": [
            10.5,
            5,
            7,
            8.5
          ],
          "texture": "#2"
        }
      }
    },
    {
      "from": [
        5.7,
        16.5,
        6.5
      ],
      "to": [
        10.7,
        18.5,
        11.5
      ],
      "rotation": {
        "angle": 22.5,
        "axis": "x",
        "origin": [
          8,
          17,
          8.8
        ]
      },
      "faces": {
        "north": {
          "uv": [
            2.5,
            12,
            5,
            13
          ],
          "texture": "#2"
        },
        "east": {
          "uv": [
            0,
            12,
            2.5,
            13
          ],
          "texture": "#2"
        },
        "south": {
          "uv": [
            7.5,
            12,
            10,
            13
          ],
          "texture": "#2"
        },
        "west": {
          "uv": [
            5,
            12,
            7.5,
            13
          ],
          "texture": "#2"
        },
        "up": {
          "uv": [
            5,
            12,
            2.5,
            9.5
          ],
          "texture": "#2"
        },
        "down": {
          "uv": [
            7.5,
            9.5,
            5,
            12
          ],
          "texture": "#2"
        }
      }
    },
    {
      "from": [
        6.7,
        15.9,
        10
      ],
      "to": [
        9.7,
        17.9,
        13
      ],
      "rotation": {
        "angle": 22.5,
        "axis": "x",
        "origin": [
          8,
          17,
          8.8
        ]
      },
      "faces": {
        "north": {
          "uv": [
            11.5,
            11,
            13,
            12
          ],
          "texture": "#2"
        },
        "east": {
          "uv": [
            10,
            11,
            11.5,
            12
          ],
          "texture": "#2"
        },
        "south": {
          "uv": [
            14.5,
            11,
            16,
            12
          ],
          "texture": "#2"
        },
        "west": {
          "uv": [
            13,
            11,
            14.5,
            12
          ],
          "texture": "#2"
        },
        "up": {
          "uv": [
            13,
            11,
            11.5,
            9.5
          ],
          "texture": "#2"
        },
        "down": {
          "uv": [
            14.5,
            9.5,
            13,
            11
          ],
          "texture": "#2"
        }
      }
    },
    {
      "from": [
        7.2,
        12.8,
        12.2
      ],
      "to": [
        9.2,
        16.8,
        13.2
      ],
      "rotation": {
        "angle": -22.5,
        "axis": "x",
        "origin": [
          7.2,
          13.8,
          13
        ]
      },
      "faces": {
        "north": {
          "uv": [
            10.5,
            12.5,
            11.5,
            14.5
          ],
          "texture": "#2"
        },
        "east": {
          "uv": [
            10,
            12.5,
            10.5,
            14.5
          ],
          "texture": "#2"
        },
        "south": {
          "uv": [
            12,
            12.5,
            13,
            14.5
          ],
          "texture": "#2"
        },
        "west": {
          "uv": [
            11.5,
            12.5,
            12,
            14.5
          ],
          "texture": "#2"
        },
        "up": {
          "uv": [
            11.5,
            12.5,
            10.5,
            12
          ],
          "texture": "#2"
        },
        "down": {
          "uv": [
            12.5,
            12,
            11.5,
            12.5
          ],
          "texture": "#2"
        }
      }
    },
    {
      "from": [
        7.3,
        11.5,
        12.8
      ],
      "to": [
        9.3,
        13.6,
        13.8
      ],
      "rotation": {
        "angle": 0,
        "axis": "x",
        "origin": [
          6.7,
          13.6,
          12.8
        ]
      },
      "faces": {
        "north": {
          "uv": [
            0.5,
            13.5,
            1.5,
            14.5
          ],
          "texture": "#2"
        },
        "east": {
          "uv": [
            0,
            13.5,
            0.5,
            14.5
          ],
          "texture": "#2"
        },
        "south": {
          "uv": [
            2,
            13.5,
            3,
            14.5
          ],
          "texture": "#2"
        },
        "west": {
          "uv": [
            1.5,
            13.5,
            2,
            14.5
          ],
          "texture": "#2"
        },
        "up": {
          "uv": [
            1.5,
            13.5,
            0.5,
            13
          ],
          "texture": "#2"
        },
        "down": {
          "uv": [
            2.5,
            13,
            1.5,
            13.5
          ],
          "texture": "#2"
        }
      }
    },
    {
      "from": [
        5,
        5,
        3
      ],
      "to": [
        11,
        7,
        5
      ],
      "rotation": {
        "angle": 0,
        "axis": "y",
        "origin": [
          7,
          5,
          3
        ]
      },
      "faces": {
        "north": {
          "uv": [
            0,
            0,
            6,
            2
          ],
          "texture": "#0"
        },
        "east": {
          "uv": [
            0,
            8,
            2,
            10
          ],
          "texture": "#0"
        },
        "south": {
          "uv": [
            0,
            2,
            6,
            4
          ],
          "texture": "#0"
        },
        "west": {
          "uv": [
            2,
            8,
            4,
            10
          ],
          "texture": "#0"
        },
        "up": {
          "uv": [
            6,
            6,
            0,
            4
          ],
          "texture": "#0"
        },
        "down": {
          "uv": [
            6,
            6,
            0,
            8
          ],
          "texture": "#0"
        }
      }
    },
    {
      "from": [
        5,
        7,
        2.9
      ],
      "to": [
        11,
        9,
        5.1
      ],
      "rotation": {
        "angle": 22.5,
        "axis": "z",
        "origin": [
          7,
          7,
          3
        ]
      },
      "faces": {
        "north": {
          "uv": [
            6,
            0,
            12,
            2
          ],
          "texture": "#0"
        },
        "east": {
          "uv": [
            4,
            8,
            6,
            10
          ],
          "texture": "#0"
        },
        "south": {
          "uv": [
            6,
            2,
            12,
            4
          ],
          "texture": "#0"
        },
        "west": {
          "uv": [
            6,
            8,
            8,
            10
          ],
          "texture": "#0"
        },
        "up": {
          "uv": [
            12,
            6,
            6,
            4
          ],
          "texture": "#0"
        },
        "down": {
          "uv": [
            12,
            6,
            6,
            8
          ],
          "texture": "#0"
        }
      }
    }
  ],
  "display": {
    "thirdperson_righthand": {
      "rotation": [
        75,
        45,
        0
      ],
      "translation": [
        0,
        2.5,
        0
      ],
      "scale": [
        0.375,
        0.375,
        0.375
      ]
    },
    "thirdperson_lefthand": {
      "rotation": [
        75,
        45,
        0
      ],
      "translation": [
        0,
        2.5,
        0
      ],
      "scale": [
        0.375,
        0.375,
        0.375
      ]
    },
    "ground": {
      "translation": [
        0,
        3,
        0
      ],
      "scale": [
        0.25,
        0.25,
        0.25
      ]
    },
    "gui": {
      "rotation": [
        30,
        -135,
        0
      ],
      "scale": [
        0.625,
        0.625,
        0.625
      ]
    },
    "head": {
      "rotation": [
        -8.25,
        0,
        0
      ],
      "translation": [
        0,
        -1.25,
        0.75
      ],
      "scale": [
        1.58789,
        1,
        1.7168
      ]
    },
    "fixed": {
      "scale": [
        0.5,
        0.5,
        0.5
      ]
    }
  },
  "groups": [
    0,
    1,
    2,
    3,
    4,
    5,
    6,
    7,
    {
      "name": "armorHead",
      "origin": [
        0,
        24,
        0
      ],
      "color": 0,
      "children": [
        8,
        9,
        10,
        11,
        12,
        13
      ]
    },
    14,
    15
  ]
}