{
  "credit": "Made with Blockbench",
  "elements": [
    {
      "from": [
        0,
        0,
        0
      ],
      "to": [
        16,
        16,
        16
      ],
      "faces": {
        "north": {
          "uv": [
            0,
            2,
            16,
            14
          ],
          "texture": "#0"
        },
        "east": {
          "uv": [
            0,
            2,
            16,
            14
          ],
          "texture": "#0"
        },
        "south": {
          "uv": [
            0,
            2,
            16,
            14
          ],
          "texture": "#0"
        },
        "west": {
          "uv": [
            0,
            2,
            16,
            14
          ],
          "texture": "#0"
        },
        "up": {
          "uv": [
            0,
            0,
            2,
            2
          ],
          "texture": "#0"
        },
        "down": {
          "uv": [
            10,
            11,
            12,
            13
          ],
          "rotation": 180,
          "texture": "#0"
        }
      }
    },
    {
      "from": [
        0,
        16,
        14
      ],
      "to": [
        16,
        18,
        16
      ],
      "rotation": {
        "angle": 0,
        "axis": "y",
        "origin": [
          8,
          16,
          14
        ]
      },
      "faces": {
        "north": {
          "uv": [
            0,
            3,
            16,
            5
          ],
          "texture": "#0"
        },
        "east": {
          "uv": [
            0,
            0,
            2,
            2
          ],
          "texture": "#0"
        },
        "south": {
          "uv": [
            0,
            0,
            16,
            2
          ],
          "texture": "#0"
        },
        "west": {
          "uv": [
            0,
            0,
            2,
            2
          ],
          "texture": "#0"
        },
        "up": {
          "uv": [
            0,
            0,
            16,
            2
          ],
          "texture": "#0"
        },
        "down": {
          "uv": [
            0,
            0,
            16,
            2
          ],
          "texture": "#0"
        }
      }
    }
  ],
  "display": {
    "thirdperson_righthand": {
      "rotation": [
        70,
        0,
        0
      ],
      "translation": [
        0,
        1.25,
        -0.25
      ],
      "scale": [
        0.3,
        0.3,
        0.3
      ]
    },
    "thirdperson_lefthand": {
      "rotation": [
        70,
        0,
        0
      ],
      "translation": [
        0,
        1.25,
        -0.25
      ],
      "scale": [
        0.3,
        0.3,
        0.3
      ]
    },
    "firstperson_righthand": {
      "rotation": [
        -0.05,
        24.01,
        -0.02
      ],
      "translation": [
        0,
        1.25,
        -0.25
      ],
      "scale": [
        0.3,
        0.3,
        0.3
      ]
    },
    "firstperson_lefthand": {
      "rotation": [
        -0.05,
        24.01,
        -0.02
      ],
      "translation": [
        0,
        1.25,
        -0.25
      ],
      "scale": [
        0.3,
        0.3,
        0.3
      ]
    },
    "ground": {
      "rotation": [
        70,
        0,
        0
      ],
      "translation": [
        0,
        1.25,
        -0.25
      ],
      "scale": [
        0.3,
        0.3,
        0.3
      ]
    },
    "gui": {
      "rotation": [
        56.64,
        -63.04,
        14.64
      ],
      "translation": [
        0,
        1.25,
        -0.25
      ],
      "scale": [
        0.80977,
        0.8293,
        0.80977
      ]
    },
    "head": {
      "translation": [
        0,
        7.75,
        -0.25
      ],
      "scale": [
        0.3,
        0.3,
        0.3
      ]
    },
    "fixed": {
      "rotation": [
        -36.25,
        0,
        0
      ],
      "translation": [
        0,
        1.25,
        -0.25
      ],
      "scale": [
        0.3,
        0.3,
        0.3
      ]
    }
  }
}