{
  "credit": "Made with Blockbench",
  "elements": [
    {
      "from": [
        7,
        0,
        7
      ],
      "to": [
        9,
        15,
        9
      ],
      "rotation": {
        "angle": 0,
        "axis": "y",
        "origin": [
          7,
          0,
          7
        ]
      },
      "faces": {
        "north": {
          "uv": [
            5,
            10,
            7,
            12
          ],
          "texture": "#1"
        },
        "east": {
          "uv": [
            13,
            2,
            15,
            4
          ],
          "texture": "#1"
        },
        "south": {
          "uv": [
            3,
            12,
            5,
            14
          ],
          "texture": "#1"
        },
        "west": {
          "uv": [
            5,
            10,
            7,
            12
          ],
          "texture": "#1"
        },
        "up": {
          "uv": [
            5,
            14,
            3,
            12
          ],
          "texture": "#1"
        },
        "down": {
          "uv": [
            5,
            12,
            3,
            14
          ],
          "texture": "#1"
        }
      }
    },
    {
      "from": [
        2.25,
        14,
        7.05
      ],
      "to": [
        8.25,
        15,
        8.95
      ],
      "rotation": {
        "angle": 22.5,
        "axis": "z",
        "origin": [
          8.25,
          13,
          7
        ]
      },
      "faces": {
        "north": {
          "uv": [
            8,
            10,
            14,
            11
          ],
          "texture": "#2"
        },
        "east": {
          "uv": [
            14,
            0,
            16,
            1
          ],
          "texture": "#2"
        },
        "south": {
          "uv": [
            8,
            11,
            14,
            12
          ],
          "texture": "#2"
        },
        "west": {
          "uv": [
            14,
            1,
            16,
            2
          ],
          "texture": "#2"
        },
        "up": {
          "uv": [
            14,
            6,
            8,
            4
          ],
          "texture": "#2"
        },
        "down": {
          "uv": [
            14,
            6,
            8,
            8
          ],
          "texture": "#2"
        }
      }
    },
    {
      "from": [
        8.25,
        13.9,
        7.05
      ],
      "to": [
        14.25,
        14.9,
        8.95
      ],
      "rotation": {
        "angle": -22.5,
        "axis": "z",
        "origin": [
          8.25,
          12.9,
          9
        ]
      },
      "faces": {
        "north": {
          "uv": [
            8,
            8,
            14,
            9
          ],
          "texture": "#2"
        },
        "east": {
          "uv": [
            12,
            12,
            14,
            13
          ],
          "texture": "#2"
        },
        "south": {
          "uv": [
            8,
            9,
            14,
            10
          ],
          "texture": "#2"
        },
        "west": {
          "uv": [
            12,
            13,
            14,
            14
          ],
          "texture": "#2"
        },
        "up": {
          "uv": [
            14,
            8,
            8,
            6
          ],
          "texture": "#2"
        },
        "down": {
          "uv": [
            16,
            0,
            10,
            2
          ],
          "texture": "#2"
        }
      }
    }
  ],
  "display": {
    "thirdperson_righthand": {
      "rotation": [
        105.43,
        -84.16,
        113.01
      ],
      "translation": [
        0,
        5,
        0.25
      ]
    },
    "thirdperson_lefthand": {
      "rotation": [
        105.43,
        -84.16,
        113.01
      ],
      "translation": [
        0,
        5,
        0.25
      ]
    },
    "firstperson_righthand": {
      "rotation": [
        105.43,
        -84.16,
        113.01
      ],
      "translation": [
        0,
        2.25,
        0.25
      ]
    },
    "firstperson_lefthand": {
      "rotation": [
        105.43,
        -84.16,
        113.01
      ],
      "translation": [
        0,
        2.25,
        0.25
      ]
    },
    "ground": {
      "rotation": [
        105.43,
        -84.16,
        113.01
      ],
      "translation": [
        0,
        5,
        0.25
      ]
    },
    "head": {
      "rotation": [
        105.43,
        -84.16,
        113.01
      ],
      "translation": [
        0,
        5,
        0.25
      ]
    }
  }
}