{
  "credit": "Made with Blockbench",
  "texture_size": [
    32,
    32
  ],
  "elements": [
    {
      "from": [
        5,
        0,
        4
      ],
      "to": [
        11,
        1,
        10
      ],
      "rotation": {
        "angle": 0,
        "axis": "y",
        "origin": [
          7,
          0,
          6
        ]
      },
      "faces": {
        "north": {
          "uv": [
            10,
            9,
            13,
            9.5
          ],
          "texture": "#0"
        },
        "east": {
          "uv": [
            10,
            9.5,
            13,
            10
          ],
          "texture": "#0"
        },
        "south": {
          "uv": [
            10,
            10,
            13,
            10.5
          ],
          "texture": "#0"
        },
        "west": {
          "uv": [
            0,
            10.5,
            3,
            11
          ],
          "texture": "#0"
        },
        "up": {
          "uv": [
            9,
            10,
            6,
            7
          ],
          "texture": "#0"
        },
        "down": {
          "uv": [
            12,
            0,
            9,
            3
          ],
          "texture": "#0"
        }
      }
    },
    {
      "from": [
        5,
        1,
        3
      ],
      "to": [
        11,
        8,
        4
      ],
      "rotation": {
        "angle": 0,
        "axis": "y",
        "origin": [
          7,
          1,
          5
        ]
      },
      "faces": {
        "north": {
          "uv": [
            0,
            0,
            3,
            3.5
          ],
          "texture": "#0"
        },
        "east": {
          "uv": [
            9,
            9,
            9.5,
            12.5
          ],
          "texture": "#0"
        },
        "south": {
          "uv": [
            3,
            0,
            6,
            3.5
          ],
          "texture": "#0"
        },
        "west": {
          "uv": [
            9.5,
            9,
            10,
            12.5
          ],
          "texture": "#0"
        },
        "up": {
          "uv": [
            6,
            11,
            3,
            10.5
          ],
          "texture": "#0"
        },
        "down": {
          "uv": [
            13,
            10.5,
            10,
            11
          ],
          "texture": "#0"
        }
      }
    },
    {
      "from": [
        5,
        1,
        10
      ],
      "to": [
        11,
        8,
        11
      ],
      "rotation": {
        "angle": 0,
        "axis": "y",
        "origin": [
          7,
          1,
          12
        ]
      },
      "faces": {
        "north": {
          "uv": [
            0,
            3.5,
            3,
            7
          ],
          "texture": "#0"
        },
        "east": {
          "uv": [
            6,
            10,
            6.5,
            13.5
          ],
          "texture": "#0"
        },
        "south": {
          "uv": [
            3,
            3.5,
            6,
            7
          ],
          "texture": "#0"
        },
        "west": {
          "uv": [
            6.5,
            10,
            7,
            13.5
          ],
          "texture": "#0"
        },
        "up": {
          "uv": [
            3,
            11.5,
            0,
            11
          ],
          "texture": "#0"
        },
        "down": {
          "uv": [
            6,
            11,
            3,
            11.5
          ],
          "texture": "#0"
        }
      }
    },
    {
      "from": [
        4,
        1,
        4
      ],
      "to": [
        5,
        8,
        10
      ],
      "rotation": {
        "angle": 0,
        "axis": "y",
        "origin": [
          3,
          1,
          6
        ]
      },
      "faces": {
        "north": {
          "uv": [
            7,
            10,
            7.5,
            13.5
          ],
          "texture": "#0"
        },
        "east": {
          "uv": [
            6,
            0,
            9,
            3.5
          ],
          "texture": "#0"
        },
        "south": {
          "uv": [
            7.5,
            10,
            8,
            13.5
          ],
          "texture": "#0"
        },
        "west": {
          "uv": [
            6,
            3.5,
            9,
            7
          ],
          "texture": "#0"
        },
        "up": {
          "uv": [
            10.5,
            14,
            10,
            11
          ],
          "texture": "#0"
        },
        "down": {
          "uv": [
            11,
            11,
            10.5,
            14
          ],
          "texture": "#0"
        }
      }
    },
    {
      "from": [
        11,
        1,
        4
      ],
      "to": [
        12,
        8,
        10
      ],
      "rotation": {
        "angle": 0,
        "axis": "y",
        "origin": [
          10,
          1,
          6
        ]
      },
      "faces": {
        "north": {
          "uv": [
            8,
            10,
            8.5,
            13.5
          ],
          "texture": "#0"
        },
        "east": {
          "uv": [
            0,
            7,
            3,
            10.5
          ],
          "texture": "#0"
        },
        "south": {
          "uv": [
            8.5,
            10,
            9,
            13.5
          ],
          "texture": "#0"
        },
        "west": {
          "uv": [
            3,
            7,
            6,
            10.5
          ],
          "texture": "#0"
        },
        "up": {
          "uv": [
            11.5,
            14,
            11,
            11
          ],
          "texture": "#0"
        },
        "down": {
          "uv": [
            0.5,
            11.5,
            0,
            14.5
          ],
          "texture": "#0"
        }
      }
    },
    {
      "from": [
        5,
        7,
        4
      ],
      "to": [
        11,
        7,
        10
      ],
      "rotation": {
        "angle": 0,
        "axis": "y",
        "origin": [
          6,
          5,
          5
        ]
      },
      "faces": {
        "north": {
          "uv": [
            0,
            0,
            3,
            0
          ],
          "texture": "#0"
        },
        "east": {
          "uv": [
            0,
            0,
            3,
            0
          ],
          "texture": "#0"
        },
        "south": {
          "uv": [
            0,
            0,
            3,
            0
          ],
          "texture": "#0"
        },
        "west": {
          "uv": [
            0,
            0,
            3,
            0
          ],
          "texture": "#0"
        },
        "up": {
          "uv": [
            12,
            6,
            9,
            3
          ],
          "texture": "#0"
        },
        "down": {
          "uv": [
            12,
            6,
            9,
            9
          ],
          "texture": "#0"
        }
      }
    },
    {
      "from": [
        6,
        7,
        4
      ],
      "to": [
        7,
        8,
        5
      ],
      "rotation": {
        "angle": 0,
        "axis": "y",
        "origin": [
          6,
          7,
          4
        ]
      },
      "faces": {
        "north": {
          "uv": [
            12.5,
            2,
            13,
            2.5
          ],
          "texture": "#0"
        },
        "east": {
          "uv": [
            2.5,
            12.5,
            3,
            13
          ],
          "texture": "#0"
        },
        "south": {
          "uv": [
            12.5,
            2.5,
            13,
            3
          ],
          "texture": "#0"
        },
        "west": {
          "uv": [
            3,
            12.5,
            3.5,
            13
          ],
          "texture": "#0"
        },
        "up": {
          "uv": [
            13,
            3.5,
            12.5,
            3
          ],
          "texture": "#0"
        },
        "down": {
          "uv": [
            4,
            12.5,
            3.5,
            13
          ],
          "texture": "#0"
        }
      }
    },
    {
      "from": [
        8,
        7,
        4
      ],
      "to": [
        9,
        8,
        5
      ],
      "rotation": {
        "angle": 0,
        "axis": "y",
        "origin": [
          8,
          7,
          4
        ]
      },
      "faces": {
        "north": {
          "uv": [
            12.5,
            3.5,
            13,
            4
          ],
          "texture": "#0"
        },
        "east": {
          "uv": [
            4,
            12.5,
            4.5,
            13
          ],
          "texture": "#0"
        },
        "south": {
          "uv": [
            12.5,
            4,
            13,
            4.5
          ],
          "texture": "#0"
        },
        "west": {
          "uv": [
            4.5,
            12.5,
            5,
            13
          ],
          "texture": "#0"
        },
        "up": {
          "uv": [
            13,
            5,
            12.5,
            4.5
          ],
          "texture": "#0"
        },
        "down": {
          "uv": [
            5.5,
            12.5,
            5,
            13
          ],
          "texture": "#0"
        }
      }
    },
    {
      "from": [
        8,
        7,
        6
      ],
      "to": [
        9,
        8,
        7
      ],
      "rotation": {
        "angle": 0,
        "axis": "y",
        "origin": [
          8,
          7,
          6
        ]
      },
      "faces": {
        "north": {
          "uv": [
            12.5,
            5,
            13,
            5.5
          ],
          "texture": "#0"
        },
        "east": {
          "uv": [
            5.5,
            12.5,
            6,
            13
          ],
          "texture": "#0"
        },
        "south": {
          "uv": [
            12.5,
            5.5,
            13,
            6
          ],
          "texture": "#0"
        },
        "west": {
          "uv": [
            12.5,
            6,
            13,
            6.5
          ],
          "texture": "#0"
        },
        "up": {
          "uv": [
            13,
            7,
            12.5,
            6.5
          ],
          "texture": "#0"
        },
        "down": {
          "uv": [
            13,
            7,
            12.5,
            7.5
          ],
          "texture": "#0"
        }
      }
    },
    {
      "from": [
        6,
        7,
        6
      ],
      "to": [
        7,
        8,
        7
      ],
      "rotation": {
        "angle": 0,
        "axis": "y",
        "origin": [
          6,
          7,
          6
        ]
      },
      "faces": {
        "north": {
          "uv": [
            12.5,
            7.5,
            13,
            8
          ],
          "texture": "#0"
        },
        "east": {
          "uv": [
            12.5,
            8,
            13,
            8.5
          ],
          "texture": "#0"
        },
        "south": {
          "uv": [
            12.5,
            8.5,
            13,
            9
          ],
          "texture": "#0"
        },
        "west": {
          "uv": [
            9,
            12.5,
            9.5,
            13
          ],
          "texture": "#0"
        },
        "up": {
          "uv": [
            10,
            13,
            9.5,
            12.5
          ],
          "texture": "#0"
        },
        "down": {
          "uv": [
            13,
            11,
            12.5,
            11.5
          ],
          "texture": "#0"
        }
      }
    },
    {
      "from": [
        10,
        7,
        4
      ],
      "to": [
        11,
        8,
        5
      ],
      "rotation": {
        "angle": 0,
        "axis": "y",
        "origin": [
          10,
          7,
          4
        ]
      },
      "faces": {
        "north": {
          "uv": [
            11.5,
            12.5,
            12,
            13
          ],
          "texture": "#0"
        },
        "east": {
          "uv": [
            12.5,
            11.5,
            13,
            12
          ],
          "texture": "#0"
        },
        "south": {
          "uv": [
            12,
            12.5,
            12.5,
            13
          ],
          "texture": "#0"
        },
        "west": {
          "uv": [
            12.5,
            12,
            13,
            12.5
          ],
          "texture": "#0"
        },
        "up": {
          "uv": [
            13,
            13,
            12.5,
            12.5
          ],
          "texture": "#0"
        },
        "down": {
          "uv": [
            13.5,
            0,
            13,
            0.5
          ],
          "texture": "#0"
        }
      }
    },
    {
      "from": [
        10,
        7,
        6
      ],
      "to": [
        11,
        8,
        7
      ],
      "rotation": {
        "angle": 0,
        "axis": "y",
        "origin": [
          10,
          7,
          6
        ]
      },
      "faces": {
        "north": {
          "uv": [
            0.5,
            13,
            1,
            13.5
          ],
          "texture": "#0"
        },
        "east": {
          "uv": [
            13,
            0.5,
            13.5,
            1
          ],
          "texture": "#0"
        },
        "south": {
          "uv": [
            1,
            13,
            1.5,
            13.5
          ],
          "texture": "#0"
        },
        "west": {
          "uv": [
            13,
            1,
            13.5,
            1.5
          ],
          "texture": "#0"
        },
        "up": {
          "uv": [
            2,
            13.5,
            1.5,
            13
          ],
          "texture": "#0"
        },
        "down": {
          "uv": [
            13.5,
            1.5,
            13,
            2
          ],
          "texture": "#0"
        }
      }
    },
    {
      "from": [
        8,
        7,
        8
      ],
      "to": [
        9,
        8,
        9
      ],
      "rotation": {
        "angle": 0,
        "axis": "y",
        "origin": [
          8,
          7,
          8
        ]
      },
      "faces": {
        "north": {
          "uv": [
            2,
            13,
            2.5,
            13.5
          ],
          "texture": "#0"
        },
        "east": {
          "uv": [
            13,
            2,
            13.5,
            2.5
          ],
          "texture": "#0"
        },
        "south": {
          "uv": [
            2.5,
            13,
            3,
            13.5
          ],
          "texture": "#0"
        },
        "west": {
          "uv": [
            13,
            2.5,
            13.5,
            3
          ],
          "texture": "#0"
        },
        "up": {
          "uv": [
            3.5,
            13.5,
            3,
            13
          ],
          "texture": "#0"
        },
        "down": {
          "uv": [
            13.5,
            3,
            13,
            3.5
          ],
          "texture": "#0"
        }
      }
    },
    {
      "from": [
        6,
        7,
        8
      ],
      "to": [
        7,
        8,
        9
      ],
      "rotation": {
        "angle": 0,
        "axis": "y",
        "origin": [
          6,
          7,
          8
        ]
      },
      "faces": {
        "north": {
          "uv": [
            3.5,
            13,
            4,
            13.5
          ],
          "texture": "#0"
        },
        "east": {
          "uv": [
            13,
            3.5,
            13.5,
            4
          ],
          "texture": "#0"
        },
        "south": {
          "uv": [
            4,
            13,
            4.5,
            13.5
          ],
          "texture": "#0"
        },
        "west": {
          "uv": [
            13,
            4,
            13.5,
            4.5
          ],
          "texture": "#0"
        },
        "up": {
          "uv": [
            5,
            13.5,
            4.5,
            13
          ],
          "texture": "#0"
        },
        "down": {
          "uv": [
            13.5,
            4.5,
            13,
            5
          ],
          "texture": "#0"
        }
      }
    },
    {
      "from": [
        10,
        7,
        8
      ],
      "to": [
        11,
        8,
        9
      ],
      "rotation": {
        "angle": 0,
        "axis": "y",
        "origin": [
          10,
          7,
          8
        ]
      },
      "faces": {
        "north": {
          "uv": [
            5,
            13,
            5.5,
            13.5
          ],
          "texture": "#0"
        },
        "east": {
          "uv": [
            13,
            5,
            13.5,
            5.5
          ],
          "texture": "#0"
        },
        "south": {
          "uv": [
            5.5,
            13,
            6,
            13.5
          ],
          "texture": "#0"
        },
        "west": {
          "uv": [
            13,
            5.5,
            13.5,
            6
          ],
          "texture": "#0"
        },
        "up": {
          "uv": [
            13.5,
            6.5,
            13,
            6
          ],
          "texture": "#0"
        },
        "down": {
          "uv": [
            13.5,
            6.5,
            13,
            7
          ],
          "texture": "#0"
        }
      }
    },
    {
      "from": [
        7,
        7,
        9
      ],
      "to": [
        8,
        8,
        10
      ],
      "rotation": {
        "angle": 0,
        "axis": "y",
        "origin": [
          7,
          7,
          9
        ]
      },
      "faces": {
        "north": {
          "uv": [
            13,
            7,
            13.5,
            7.5
          ],
          "texture": "#0"
        },
        "east": {
          "uv": [
            13,
            7.5,
            13.5,
            8
          ],
          "texture": "#0"
        },
        "south": {
          "uv": [
            13,
            8,
            13.5,
            8.5
          ],
          "texture": "#0"
        },
        "west": {
          "uv": [
            13,
            8.5,
            13.5,
            9
          ],
          "texture": "#0"
        },
        "up": {
          "uv": [
            9.5,
            13.5,
            9,
            13
          ],
          "texture": "#0"
        },
        "down": {
          "uv": [
            13.5,
            9,
            13,
            9.5
          ],
          "texture": "#0"
        }
      }
    },
    {
      "from": [
        5,
        7,
        9
      ],
      "to": [
        6,
        8,
        10
      ],
      "rotation": {
        "angle": 0,
        "axis": "y",
        "origin": [
          5,
          7,
          9
        ]
      },
      "faces": {
        "north": {
          "uv": [
            9.5,
            13,
            10,
            13.5
          ],
          "texture": "#0"
        },
        "east": {
          "uv": [
            13,
            9.5,
            13.5,
            10
          ],
          "texture": "#0"
        },
        "south": {
          "uv": [
            13,
            10,
            13.5,
            10.5
          ],
          "texture": "#0"
        },
        "west": {
          "uv": [
            13,
            10.5,
            13.5,
            11
          ],
          "texture": "#0"
        },
        "up": {
          "uv": [
            13.5,
            11.5,
            13,
            11
          ],
          "texture": "#0"
        },
        "down": {
          "uv": [
            12,
            13,
            11.5,
            13.5
          ],
          "texture": "#0"
        }
      }
    },
    {
      "from": [
        9,
        7,
        9
      ],
      "to": [
        10,
        8,
        10
      ],
      "rotation": {
        "angle": 0,
        "axis": "y",
        "origin": [
          9,
          7,
          9
        ]
      },
      "faces": {
        "north": {
          "uv": [
            13,
            11.5,
            13.5,
            12
          ],
          "texture": "#0"
        },
        "east": {
          "uv": [
            12,
            13,
            12.5,
            13.5
          ],
          "texture": "#0"
        },
        "south": {
          "uv": [
            13,
            12,
            13.5,
            12.5
          ],
          "texture": "#0"
        },
        "west": {
          "uv": [
            12.5,
            13,
            13,
            13.5
          ],
          "texture": "#0"
        },
        "up": {
          "uv": [
            13.5,
            13,
            13,
            12.5
          ],
          "texture": "#0"
        },
        "down": {
          "uv": [
            13.5,
            13,
            13,
            13.5
          ],
          "texture": "#0"
        }
      }
    },
    {
      "from": [
        5,
        7,
        5
      ],
      "to": [
        6,
        8,
        6
      ],
      "rotation": {
        "angle": 0,
        "axis": "y",
        "origin": [
          5,
          7,
          5
        ]
      },
      "faces": {
        "north": {
          "uv": [
            13.5,
            0,
            14,
            0.5
          ],
          "texture": "#0"
        },
        "east": {
          "uv": [
            0.5,
            13.5,
            1,
            14
          ],
          "texture": "#0"
        },
        "south": {
          "uv": [
            13.5,
            0.5,
            14,
            1
          ],
          "texture": "#0"
        },
        "west": {
          "uv": [
            1,
            13.5,
            1.5,
            14
          ],
          "texture": "#0"
        },
        "up": {
          "uv": [
            14,
            1.5,
            13.5,
            1
          ],
          "texture": "#0"
        },
        "down": {
          "uv": [
            2,
            13.5,
            1.5,
            14
          ],
          "texture": "#0"
        }
      }
    },
    {
      "from": [
        7,
        7,
        5
      ],
      "to": [
        8,
        8,
        6
      ],
      "rotation": {
        "angle": 0,
        "axis": "y",
        "origin": [
          7,
          7,
          5
        ]
      },
      "faces": {
        "north": {
          "uv": [
            13.5,
            1.5,
            14,
            2
          ],
          "texture": "#0"
        },
        "east": {
          "uv": [
            2,
            13.5,
            2.5,
            14
          ],
          "texture": "#0"
        },
        "south": {
          "uv": [
            13.5,
            2,
            14,
            2.5
          ],
          "texture": "#0"
        },
        "west": {
          "uv": [
            2.5,
            13.5,
            3,
            14
          ],
          "texture": "#0"
        },
        "up": {
          "uv": [
            14,
            3,
            13.5,
            2.5
          ],
          "texture": "#0"
        },
        "down": {
          "uv": [
            3.5,
            13.5,
            3,
            14
          ],
          "texture": "#0"
        }
      }
    },
    {
      "from": [
        7,
        7,
        7
      ],
      "to": [
        8,
        8,
        8
      ],
      "rotation": {
        "angle": 0,
        "axis": "y",
        "origin": [
          7,
          7,
          7
        ]
      },
      "faces": {
        "north": {
          "uv": [
            13.5,
            3,
            14,
            3.5
          ],
          "texture": "#0"
        },
        "east": {
          "uv": [
            3.5,
            13.5,
            4,
            14
          ],
          "texture": "#0"
        },
        "south": {
          "uv": [
            13.5,
            3.5,
            14,
            4
          ],
          "texture": "#0"
        },
        "west": {
          "uv": [
            4,
            13.5,
            4.5,
            14
          ],
          "texture": "#0"
        },
        "up": {
          "uv": [
            14,
            4.5,
            13.5,
            4
          ],
          "texture": "#0"
        },
        "down": {
          "uv": [
            5,
            13.5,
            4.5,
            14
          ],
          "texture": "#0"
        }
      }
    },
    {
      "from": [
        5,
        7,
        7
      ],
      "to": [
        6,
        8,
        8
      ],
      "rotation": {
        "angle": 0,
        "axis": "y",
        "origin": [
          5,
          7,
          7
        ]
      },
      "faces": {
        "north": {
          "uv": [
            13.5,
            4.5,
            14,
            5
          ],
          "texture": "#0"
        },
        "east": {
          "uv": [
            5,
            13.5,
            5.5,
            14
          ],
          "texture": "#0"
        },
        "south": {
          "uv": [
            13.5,
            5,
            14,
            5.5
          ],
          "texture": "#0"
        },
        "west": {
          "uv": [
            5.5,
            13.5,
            6,
            14
          ],
          "texture": "#0"
        },
        "up": {
          "uv": [
            14,
            6,
            13.5,
            5.5
          ],
          "texture": "#0"
        },
        "down": {
          "uv": [
            6.5,
            13.5,
            6,
            14
          ],
          "texture": "#0"
        }
      }
    },
    {
      "from": [
        9,
        7,
        5
      ],
      "to": [
        10,
        8,
        6
      ],
      "rotation": {
        "angle": 0,
        "axis": "y",
        "origin": [
          9,
          7,
          5
        ]
      },
      "faces": {
        "north": {
          "uv": [
            13.5,
            6,
            14,
            6.5
          ],
          "texture": "#0"
        },
        "east": {
          "uv": [
            6.5,
            13.5,
            7,
            14
          ],
          "texture": "#0"
        },
        "south": {
          "uv": [
            13.5,
            6.5,
            14,
            7
          ],
          "texture": "#0"
        },
        "west": {
          "uv": [
            7,
            13.5,
            7.5,
            14
          ],
          "texture": "#0"
        },
        "up": {
          "uv": [
            14,
            7.5,
            13.5,
            7
          ],
          "texture": "#0"
        },
        "down": {
          "uv": [
            8,
            13.5,
            7.5,
            14
          ],
          "texture": "#0"
        }
      }
    },
    {
      "from": [
        9,
        7,
        7
      ],
      "to": [
        10,
        8,
        8
      ],
      "rotation": {
        "angle": 0,
        "axis": "y",
        "origin": [
          9,
          7,
          7
        ]
      },
      "faces": {
        "north": {
          "uv": [
            13.5,
            7.5,
            14,
            8
          ],
          "texture": "#0"
        },
        "east": {
          "uv": [
            8,
            13.5,
            8.5,
            14
          ],
          "texture": "#0"
        },
        "south": {
          "uv": [
            13.5,
            8,
            14,
            8.5
          ],
          "texture": "#0"
        },
        "west": {
          "uv": [
            8.5,
            13.5,
            9,
            14
          ],
          "texture": "#0"
        },
        "up": {
          "uv": [
            14,
            9,
            13.5,
            8.5
          ],
          "texture": "#0"
        },
        "down": {
          "uv": [
            9.5,
            13.5,
            9,
            14
          ],
          "texture": "#0"
        }
      }
    },
    {
      "from": [
        8,
        8,
        9
      ],
      "to": [
        9,
        9,
        10
      ],
      "rotation": {
        "angle": 0,
        "axis": "y",
        "origin": [
          8,
          8,
          9
        ]
      },
      "faces": {
        "north": {
          "uv": [
            0.5,
            11.5,
            1,
            12
          ],
          "texture": "#0"
        },
        "east": {
          "uv": [
            1,
            11.5,
            1.5,
            12
          ],
          "texture": "#0"
        },
        "south": {
          "uv": [
            1.5,
            11.5,
            2,
            12
          ],
          "texture": "#0"
        },
        "west": {
          "uv": [
            2,
            11.5,
            2.5,
            12
          ],
          "texture": "#0"
        },
        "up": {
          "uv": [
            3,
            12,
            2.5,
            11.5
          ],
          "texture": "#0"
        },
        "down": {
          "uv": [
            3.5,
            11.5,
            3,
            12
          ],
          "texture": "#0"
        }
      }
    },
    {
      "from": [
        6,
        8,
        9
      ],
      "to": [
        7,
        9,
        10
      ],
      "rotation": {
        "angle": 0,
        "axis": "y",
        "origin": [
          6,
          8,
          9
        ]
      },
      "faces": {
        "north": {
          "uv": [
            3.5,
            11.5,
            4,
            12
          ],
          "texture": "#0"
        },
        "east": {
          "uv": [
            4,
            11.5,
            4.5,
            12
          ],
          "texture": "#0"
        },
        "south": {
          "uv": [
            4.5,
            11.5,
            5,
            12
          ],
          "texture": "#0"
        },
        "west": {
          "uv": [
            5,
            11.5,
            5.5,
            12
          ],
          "texture": "#0"
        },
        "up": {
          "uv": [
            6,
            12,
            5.5,
            11.5
          ],
          "texture": "#0"
        },
        "down": {
          "uv": [
            12,
            11,
            11.5,
            11.5
          ],
          "texture": "#0"
        }
      }
    },
    {
      "from": [
        10,
        8,
        9
      ],
      "to": [
        11,
        9,
        10
      ],
      "rotation": {
        "angle": 0,
        "axis": "y",
        "origin": [
          10,
          8,
          9
        ]
      },
      "faces": {
        "north": {
          "uv": [
            11.5,
            11.5,
            12,
            12
          ],
          "texture": "#0"
        },
        "east": {
          "uv": [
            12,
            0,
            12.5,
            0.5
          ],
          "texture": "#0"
        },
        "south": {
          "uv": [
            0.5,
            12,
            1,
            12.5
          ],
          "texture": "#0"
        },
        "west": {
          "uv": [
            12,
            0.5,
            12.5,
            1
          ],
          "texture": "#0"
        },
        "up": {
          "uv": [
            1.5,
            12.5,
            1,
            12
          ],
          "texture": "#0"
        },
        "down": {
          "uv": [
            12.5,
            1,
            12,
            1.5
          ],
          "texture": "#0"
        }
      }
    },
    {
      "from": [
        6,
        8,
        5
      ],
      "to": [
        7,
        9,
        6
      ],
      "rotation": {
        "angle": 0,
        "axis": "y",
        "origin": [
          6,
          8,
          5
        ]
      },
      "faces": {
        "north": {
          "uv": [
            1.5,
            12,
            2,
            12.5
          ],
          "texture": "#0"
        },
        "east": {
          "uv": [
            12,
            1.5,
            12.5,
            2
          ],
          "texture": "#0"
        },
        "south": {
          "uv": [
            2,
            12,
            2.5,
            12.5
          ],
          "texture": "#0"
        },
        "west": {
          "uv": [
            12,
            2,
            12.5,
            2.5
          ],
          "texture": "#0"
        },
        "up": {
          "uv": [
            3,
            12.5,
            2.5,
            12
          ],
          "texture": "#0"
        },
        "down": {
          "uv": [
            12.5,
            2.5,
            12,
            3
          ],
          "texture": "#0"
        }
      }
    },
    {
      "from": [
        8,
        8,
        5
      ],
      "to": [
        9,
        9,
        6
      ],
      "rotation": {
        "angle": 0,
        "axis": "y",
        "origin": [
          8,
          8,
          5
        ]
      },
      "faces": {
        "north": {
          "uv": [
            3,
            12,
            3.5,
            12.5
          ],
          "texture": "#0"
        },
        "east": {
          "uv": [
            12,
            3,
            12.5,
            3.5
          ],
          "texture": "#0"
        },
        "south": {
          "uv": [
            3.5,
            12,
            4,
            12.5
          ],
          "texture": "#0"
        },
        "west": {
          "uv": [
            12,
            3.5,
            12.5,
            4
          ],
          "texture": "#0"
        },
        "up": {
          "uv": [
            4.5,
            12.5,
            4,
            12
          ],
          "texture": "#0"
        },
        "down": {
          "uv": [
            12.5,
            4,
            12,
            4.5
          ],
          "texture": "#0"
        }
      }
    },
    {
      "from": [
        8,
        8,
        7
      ],
      "to": [
        9,
        9,
        8
      ],
      "rotation": {
        "angle": 0,
        "axis": "y",
        "origin": [
          8,
          8,
          7
        ]
      },
      "faces": {
        "north": {
          "uv": [
            4.5,
            12,
            5,
            12.5
          ],
          "texture": "#0"
        },
        "east": {
          "uv": [
            12,
            4.5,
            12.5,
            5
          ],
          "texture": "#0"
        },
        "south": {
          "uv": [
            5,
            12,
            5.5,
            12.5
          ],
          "texture": "#0"
        },
        "west": {
          "uv": [
            12,
            5,
            12.5,
            5.5
          ],
          "texture": "#0"
        },
        "up": {
          "uv": [
            6,
            12.5,
            5.5,
            12
          ],
          "texture": "#0"
        },
        "down": {
          "uv": [
            12.5,
            5.5,
            12,
            6
          ],
          "texture": "#0"
        }
      }
    },
    {
      "from": [
        6,
        8,
        7
      ],
      "to": [
        7,
        9,
        8
      ],
      "rotation": {
        "angle": 0,
        "axis": "y",
        "origin": [
          6,
          8,
          7
        ]
      },
      "faces": {
        "north": {
          "uv": [
            12,
            6,
            12.5,
            6.5
          ],
          "texture": "#0"
        },
        "east": {
          "uv": [
            12,
            6.5,
            12.5,
            7
          ],
          "texture": "#0"
        },
        "south": {
          "uv": [
            12,
            7,
            12.5,
            7.5
          ],
          "texture": "#0"
        },
        "west": {
          "uv": [
            12,
            7.5,
            12.5,
            8
          ],
          "texture": "#0"
        },
        "up": {
          "uv": [
            12.5,
            8.5,
            12,
            8
          ],
          "texture": "#0"
        },
        "down": {
          "uv": [
            12.5,
            8.5,
            12,
            9
          ],
          "texture": "#0"
        }
      }
    },
    {
      "from": [
        10,
        8,
        5
      ],
      "to": [
        11,
        9,
        6
      ],
      "rotation": {
        "angle": 0,
        "axis": "y",
        "origin": [
          10,
          8,
          5
        ]
      },
      "faces": {
        "north": {
          "uv": [
            12,
            11,
            12.5,
            11.5
          ],
          "texture": "#0"
        },
        "east": {
          "uv": [
            11.5,
            12,
            12,
            12.5
          ],
          "texture": "#0"
        },
        "south": {
          "uv": [
            12,
            11.5,
            12.5,
            12
          ],
          "texture": "#0"
        },
        "west": {
          "uv": [
            12,
            12,
            12.5,
            12.5
          ],
          "texture": "#0"
        },
        "up": {
          "uv": [
            13,
            0.5,
            12.5,
            0
          ],
          "texture": "#0"
        },
        "down": {
          "uv": [
            1,
            12.5,
            0.5,
            13
          ],
          "texture": "#0"
        }
      }
    },
    {
      "from": [
        10,
        8,
        7
      ],
      "to": [
        11,
        9,
        8
      ],
      "rotation": {
        "angle": 0,
        "axis": "y",
        "origin": [
          10,
          8,
          7
        ]
      },
      "faces": {
        "north": {
          "uv": [
            12.5,
            0.5,
            13,
            1
          ],
          "texture": "#0"
        },
        "east": {
          "uv": [
            1,
            12.5,
            1.5,
            13
          ],
          "texture": "#0"
        },
        "south": {
          "uv": [
            12.5,
            1,
            13,
            1.5
          ],
          "texture": "#0"
        },
        "west": {
          "uv": [
            1.5,
            12.5,
            2,
            13
          ],
          "texture": "#0"
        },
        "up": {
          "uv": [
            13,
            2,
            12.5,
            1.5
          ],
          "texture": "#0"
        },
        "down": {
          "uv": [
            2.5,
            12.5,
            2,
            13
          ],
          "texture": "#0"
        }
      }
    }
  ],
  "display": {
    "thirdperson_righthand": {
      "rotation": [
        49,
        0,
        0
      ],
      "translation": [
        0,
        1.25,
        2.75
      ],
      "scale": [
        0.48828,
        0.5,
        0.52344
      ]
    },
    "thirdperson_lefthand": {
      "rotation": [
        49,
        0,
        0
      ],
      "translation": [
        0,
        1.25,
        2.75
      ],
      "scale": [
        0.48828,
        0.5,
        0.52344
      ]
    },
    "firstperson_righthand": {
      "rotation": [
        -5.34,
        4.65,
        14.48
      ],
      "translation": [
        0,
        3.25,
        2.75
      ],
      "scale": [
        0.48828,
        0.5,
        0.52344
      ]
    },
    "firstperson_lefthand": {
      "rotation": [
        -5.34,
        4.65,
        14.48
      ],
      "translation": [
        0,
        3.25,
        2.75
      ],
      "scale": [
        0.48828,
        0.5,
        0.52344
      ]
    },
    "ground": {
      "rotation": [
        -5.34,
        4.65,
        14.48
      ],
      "translation": [
        0,
        3.25,
        2.75
      ],
      "scale": [
        0.48828,
        0.5,
        0.52344
      ]
    },
    "gui": {
      "rotation": [
        38,
        -14.5,
        0
      ],
      "translation": [
        -0.25,
        2,
        0
      ]
    },
    "head": {
      "rotation": [
        -5.34,
        4.65,
        14.48
      ],
      "translation": [
        0,
        7.75,
        -3.25
      ],
      "scale": [
        0.48828,
        0.5,
        0.52344
      ]
    },
    "fixed": {
      "rotation": [
        -15,
        0,
        0
      ],
      "translation": [
        0,
        1.25,
        0.25
      ]
    }
  }
}