{
  "credit": "Made with Blockbench",
  "texture_size": [
    32,
    32
  ],
  "elements": [
    {
      "from": [
        4,
        0,
        2
      ],
      "to": [
        12,
        6.5,
        12
      ],
      "rotation": {
        "angle": 0,
        "axis": "y",
        "origin": [
          7,
          0,
          6
        ]
      },
      "faces": {
        "north": {
          "uv": [
            8,
            0,
            12,
            3.5
          ],
          "texture": "#0"
        },
        "east": {
          "uv": [
            0,
            5,
            5,
            8.5
          ],
          "texture": "#0"
        },
        "south": {
          "uv": [
            0,
            8.5,
            4,
            12
          ],
          "texture": "#0"
        },
        "west": {
          "uv": [
            5,
            5,
            10,
            8.5
          ],
          "texture": "#0"
        },
        "up": {
          "uv": [
            4,
            5,
            0,
            0
          ],
          "texture": "#0"
        },
        "down": {
          "uv": [
            8,
            0,
            4,
            5
          ],
          "texture": "#0"
        }
      }
    },
    {
      "from": [
        4.5,
        0,
        1
      ],
      "to": [
        11.5,
        6,
        2
      ],
      "rotation": {
        "angle": 0,
        "axis": "y",
        "origin": [
          6.5,
          0,
          -2
        ]
      },
      "faces": {
        "north": {
          "uv": [
            4,
            8.5,
            7.5,
            11.5
          ],
          "texture": "#0"
        },
        "east": {
          "uv": [
            10,
            4.5,
            10.5,
            7.5
          ],
          "texture": "#0"
        },
        "south": {
          "uv": [
            7.5,
            8.5,
            11,
            11.5
          ],
          "texture": "#0"
        },
        "west": {
          "uv": [
            10.5,
            4.5,
            11,
            7.5
          ],
          "texture": "#0"
        },
        "up": {
          "uv": [
            11.5,
            4,
            8,
            3.5
          ],
          "texture": "#0"
        },
        "down": {
          "uv": [
            11.5,
            4,
            8,
            4.5
          ],
          "texture": "#0"
        }
      }
    }
  ],
  "display": {
    "thirdperson_righthand": {
      "translation": [
        0,
        1.25,
        3.5
      ],
      "scale": [
        0.6,
        0.67617,
        0.6
      ]
    },
    "thirdperson_lefthand": {
      "translation": [
        0,
        1.25,
        3.5
      ],
      "scale": [
        0.6,
        0.67617,
        0.6
      ]
    },
    "firstperson_righthand": {
      "translation": [
        0,
        1.25,
        3.5
      ],
      "scale": [
        0.6,
        0.67617,
        0.6
      ]
    },
    "firstperson_lefthand": {
      "translation": [
        0,
        1.25,
        3.5
      ],
      "scale": [
        0.6,
        0.67617,
        0.6
      ]
    },
    "ground": {
      "translation": [
        0,
        4.5,
        3.5
      ],
      "scale": [
        0.6,
        0.67617,
        0.6
      ]
    },
    "gui": {
      "rotation": [
        -168.19,
        37.04,
        -164.87
      ],
      "translation": [
        1,
        2.75,
        3.5
      ],
      "scale": [
        0.6,
        0.67617,
        0.6
      ]
    },
    "fixed": {
      "rotation": [
        97.67,
        -47.42,
        148.9
      ],
      "translation": [
        -1,
        1.25,
        -0.75
      ],
      "scale": [
        0.6,
        0.67617,
        0.6
      ]
    }
  }
}