{
  "format_version": "1.21.6",
  "credit": "Made with Blockbench",
  "elements": [
    {
      "from": [
        4,
        0.1,
        4.5
      ],
      "to": [
        11,
        16,
        11.5
      ],
      "rotation": {
        "angle": 0,
        "axis": "y",
        "origin": [
          0,
          0,
          0.5
        ]
      },
      "faces": {
        "north": {
          "uv": [
            5,
            0,
            12,
            15.9
          ],
          "texture": "#0"
        },
        "east": {
          "uv": [
            4,
            0,
            11,
            15.9
          ],
          "texture": "#0"
        },
        "south": {
          "uv": [
            4,
            0,
            11,
            15.9
          ],
          "texture": "#0"
        },
        "west": {
          "uv": [
            4,
            0,
            11,
            15.9
          ],
          "texture": "#0"
        },
        "up": {
          "uv": [
            15,
            15,
            16,
            16
          ],
          "texture": "#missing"
        },
        "down": {
          "uv": [
            15,
            15,
            16,
            16
          ],
          "texture": "#missing"
        }
      }
    },
    {
      "from": [
        4,
        16,
        4.5
      ],
      "to": [
        11,
        16,
        11.5
      ],
      "rotation": {
        "angle": 0,
        "axis": "y",
        "origin": [
          6.5,
          16,
          9.5
        ]
      },
      "faces": {
        "north": {
          "uv": [
            0,
            0,
            7,
            0
          ],
          "texture": "#missing"
        },
        "east": {
          "uv": [
            0,
            0,
            7,
            0
          ],
          "texture": "#missing"
        },
        "south": {
          "uv": [
            0,
            0,
            7,
            0
          ],
          "texture": "#missing"
        },
        "west": {
          "uv": [
            0,
            0,
            7,
            0
          ],
          "texture": "#missing"
        },
        "up": {
          "uv": [
            0,
            0,
            16,
            16
          ],
          "texture": "#1"
        },
        "down": {
          "uv": [
            0,
            0,
            7,
            7.5
          ],
          "texture": "#missing"
        }
      }
    },
    {
      "from": [
        4,
        0.1,
        4.5
      ],
      "to": [
        11,
        0.1,
        11.5
      ],
      "rotation": {
        "angle": 0,
        "axis": "y",
        "origin": [
          6.5,
          0.1,
          9.5
        ]
      },
      "faces": {
        "north": {
          "uv": [
            0,
            0,
            7,
            0
          ],
          "texture": "#missing"
        },
        "east": {
          "uv": [
            0,
            0,
            7,
            0
          ],
          "texture": "#missing"
        },
        "south": {
          "uv": [
            0,
            0,
            7,
            0
          ],
          "texture": "#missing"
        },
        "west": {
          "uv": [
            0,
            0,
            7,
            0
          ],
          "texture": "#missing"
        },
        "up": {
          "uv": [
            0,
            0,
            16,
            16
          ],
          "texture": "#missing"
        },
        "down": {
          "uv": [
            0,
            0.07143,
            16,
            16
          ],
          "texture": "#1"
        }
      }
    }
  ],
  "display": {
    "ground": {
      "translation": [
        0,
        4.75,
        0
      ]
    },
    "gui": {
      "rotation": [
        35.5,
        -39,
        0
      ],
      "scale": [
        0.88672,
        0.87305,
        0.94727
      ]
    }
  }
}