{
  "format_version": "1.9.0",
  "credit": "Made with Blockbench",
  "texture_size": [
    32,
    32
  ],
  "elements": [
    {
      "from": [
        5,
        0,
        5
      ],
      "to": [
        11,
        5,
        11
      ],
      "rotation": {
        "angle": 0,
        "axis": "y",
        "origin": [
          7,
          0,
          7
        ]
      },
      "faces": {
        "north": {
          "uv": [
            3,
            0,
            6,
            2.5
          ],
          "texture": "#0"
        },
        "east": {
          "uv": [
            3,
            2.5,
            6,
            5
          ],
          "texture": "#0"
        },
        "south": {
          "uv": [
            3,
            5,
            6,
            7.5
          ],
          "texture": "#0"
        },
        "west": {
          "uv": [
            0,
            6,
            3,
            8.5
          ],
          "texture": "#0"
        },
        "up": {
          "uv": [
            3,
            3,
            0,
            0
          ],
          "texture": "#0"
        },
        "down": {
          "uv": [
            3,
            3,
            0,
            6
          ],
          "texture": "#0"
        }
      }
    },
    {
      "from": [
        6,
        5,
        6
      ],
      "to": [
        10,
        6,
        10
      ],
      "rotation": {
        "angle": 0,
        "axis": "y",
        "origin": [
          7,
          5,
          7
        ]
      },
      "faces": {
        "north": {
          "uv": [
            8,
            2,
            10,
            2.5
          ],
          "texture": "#0"
        },
        "east": {
          "uv": [
            8,
            2.5,
            10,
            3
          ],
          "texture": "#0"
        },
        "south": {
          "uv": [
            8,
            3,
            10,
            3.5
          ],
          "texture": "#0"
        },
        "west": {
          "uv": [
            8,
            3.5,
            10,
            4
          ],
          "texture": "#0"
        },
        "up": {
          "uv": [
            8,
            2,
            6,
            0
          ],
          "texture": "#0"
        },
        "down": {
          "uv": [
            8,
            2,
            6,
            4
          ],
          "texture": "#0"
        }
      }
    },
    {
      "from": [
        7,
        6,
        7
      ],
      "to": [
        9,
        7,
        9
      ],
      "rotation": {
        "angle": 0,
        "axis": "y",
        "origin": [
          7,
          6,
          7
        ]
      },
      "faces": {
        "north": {
          "uv": [
            8.5,
            7,
            9.5,
            7.5
          ],
          "texture": "#0"
        },
        "east": {
          "uv": [
            8.5,
            7.5,
            9.5,
            8
          ],
          "texture": "#0"
        },
        "south": {
          "uv": [
            2,
            9,
            3,
            9.5
          ],
          "texture": "#0"
        },
        "west": {
          "uv": [
            9,
            4,
            10,
            4.5
          ],
          "texture": "#0"
        },
        "up": {
          "uv": [
            8,
            9,
            7,
            8
          ],
          "texture": "#0"
        },
        "down": {
          "uv": [
            9,
            8,
            8,
            9
          ],
          "texture": "#0"
        }
      }
    },
    {
      "from": [
        7,
        2.5,
        0.3
      ],
      "to": [
        7.5,
        4.5,
        5.3
      ],
      "rotation": {
        "angle": 22.5,
        "axis": "x",
        "origin": [
          7,
          1.5,
          1.3
        ]
      },
      "faces": {
        "north": {
          "uv": [
            9,
            4.5,
            9.5,
            5.5
          ],
          "texture": "#0"
        },
        "east": {
          "uv": [
            6,
            4,
            8.5,
            5
          ],
          "texture": "#0"
        },
        "south": {
          "uv": [
            9,
            5.5,
            9.5,
            6.5
          ],
          "texture": "#0"
        },
        "west": {
          "uv": [
            6,
            5,
            8.5,
            6
          ],
          "texture": "#0"
        },
        "up": {
          "uv": [
            3.5,
            10,
            3,
            7.5
          ],
          "texture": "#0"
        },
        "down": {
          "uv": [
            4,
            7.5,
            3.5,
            10
          ],
          "texture": "#0"
        }
      }
    },
    {
      "from": [
        7.5,
        2.3,
        0.5
      ],
      "to": [
        8.5,
        2.9,
        5.5
      ],
      "rotation": {
        "angle": 22.5,
        "axis": "x",
        "origin": [
          7,
          1.9,
          1.5
        ]
      },
      "faces": {
        "north": {
          "uv": [
            2,
            9.5,
            2.5,
            10
          ],
          "texture": "#0"
        },
        "east": {
          "uv": [
            8,
            0,
            10.5,
            0.5
          ],
          "texture": "#0"
        },
        "south": {
          "uv": [
            2.5,
            9.5,
            3,
            10
          ],
          "texture": "#0"
        },
        "west": {
          "uv": [
            8,
            0.5,
            10.5,
            1
          ],
          "texture": "#0"
        },
        "up": {
          "uv": [
            4.5,
            10,
            4,
            7.5
          ],
          "texture": "#0"
        },
        "down": {
          "uv": [
            5,
            7.5,
            4.5,
            10
          ],
          "texture": "#0"
        }
      }
    },
    {
      "from": [
        7.5,
        4.2,
        0.4
      ],
      "to": [
        8.5,
        4.7,
        5.4
      ],
      "rotation": {
        "angle": 22.5,
        "axis": "x",
        "origin": [
          7,
          1.7,
          1.4
        ]
      },
      "faces": {
        "north": {
          "uv": [
            9.5,
            4.5,
            10,
            5
          ],
          "texture": "#0"
        },
        "east": {
          "uv": [
            8,
            1,
            10.5,
            1.5
          ],
          "texture": "#0"
        },
        "south": {
          "uv": [
            9.5,
            5,
            10,
            5.5
          ],
          "texture": "#0"
        },
        "west": {
          "uv": [
            8,
            1.5,
            10.5,
            2
          ],
          "texture": "#0"
        },
        "up": {
          "uv": [
            5.5,
            10,
            5,
            7.5
          ],
          "texture": "#0"
        },
        "down": {
          "uv": [
            6,
            7.5,
            5.5,
            10
          ],
          "texture": "#0"
        }
      }
    },
    {
      "from": [
        8.5,
        2.5,
        0.3
      ],
      "to": [
        9,
        4.5,
        5.3
      ],
      "rotation": {
        "angle": 22.5,
        "axis": "x",
        "origin": [
          7,
          1.5,
          1.3
        ]
      },
      "faces": {
        "north": {
          "uv": [
            7,
            9,
            7.5,
            10
          ],
          "texture": "#0"
        },
        "east": {
          "uv": [
            6,
            6,
            8.5,
            7
          ],
          "texture": "#0"
        },
        "south": {
          "uv": [
            7.5,
            9,
            8,
            10
          ],
          "texture": "#0"
        },
        "west": {
          "uv": [
            6,
            7,
            8.5,
            8
          ],
          "texture": "#0"
        },
        "up": {
          "uv": [
            6.5,
            10.5,
            6,
            8
          ],
          "texture": "#0"
        },
        "down": {
          "uv": [
            7,
            8,
            6.5,
            10.5
          ],
          "texture": "#0"
        }
      }
    },
    {
      "from": [
        7.4,
        0.5,
        10.3
      ],
      "to": [
        8.6,
        1,
        12.3
      ],
      "rotation": {
        "angle": 0,
        "axis": "y",
        "origin": [
          11,
          1,
          10.8
        ]
      },
      "faces": {
        "north": {
          "uv": [
            9.5,
            5.5,
            10,
            6
          ],
          "texture": "#0"
        },
        "east": {
          "uv": [
            9,
            6.5,
            10,
            7
          ],
          "texture": "#0"
        },
        "south": {
          "uv": [
            9.5,
            6,
            10,
            6.5
          ],
          "texture": "#0"
        },
        "west": {
          "uv": [
            8,
            9,
            9,
            9.5
          ],
          "texture": "#0"
        },
        "up": {
          "uv": [
            9.5,
            9,
            9,
            8
          ],
          "texture": "#0"
        },
        "down": {
          "uv": [
            9.5,
            9,
            9,
            10
          ],
          "texture": "#0"
        }
      }
    },
    {
      "from": [
        7.4,
        3,
        9.3
      ],
      "to": [
        8.6,
        4,
        12.2
      ],
      "rotation": {
        "angle": 22.5,
        "axis": "x",
        "origin": [
          11,
          1,
          10.8
        ]
      },
      "faces": {
        "north": {
          "uv": [
            9.5,
            7,
            10,
            7.5
          ],
          "texture": "#0"
        },
        "east": {
          "uv": [
            0,
            8.5,
            1.5,
            9
          ],
          "texture": "#0"
        },
        "south": {
          "uv": [
            9.5,
            7.5,
            10,
            8
          ],
          "texture": "#0"
        },
        "west": {
          "uv": [
            1.5,
            8.5,
            3,
            9
          ],
          "texture": "#0"
        },
        "up": {
          "uv": [
            9,
            5.5,
            8.5,
            4
          ],
          "texture": "#0"
        },
        "down": {
          "uv": [
            9,
            5.5,
            8.5,
            7
          ],
          "texture": "#0"
        }
      }
    },
    {
      "from": [
        7.4,
        0.5,
        12.3
      ],
      "to": [
        8.6,
        3.2,
        13.3
      ],
      "rotation": {
        "angle": 0,
        "axis": "y",
        "origin": [
          11,
          1,
          10.8
        ]
      },
      "faces": {
        "north": {
          "uv": [
            0,
            9,
            0.5,
            10.5
          ],
          "texture": "#0"
        },
        "east": {
          "uv": [
            0.5,
            9,
            1,
            10.5
          ],
          "texture": "#0"
        },
        "south": {
          "uv": [
            1,
            9,
            1.5,
            10.5
          ],
          "texture": "#0"
        },
        "west": {
          "uv": [
            1.5,
            9,
            2,
            10.5
          ],
          "texture": "#0"
        },
        "up": {
          "uv": [
            8.5,
            10,
            8,
            9.5
          ],
          "texture": "#0"
        },
        "down": {
          "uv": [
            10,
            8,
            9.5,
            8.5
          ],
          "texture": "#0"
        }
      }
    }
  ],
  "display": {
    "thirdperson_righthand": {
      "rotation": [
        69.75,
        0,
        0
      ],
      "translation": [
        0,
        5.5,
        5.5
      ]
    },
    "thirdperson_lefthand": {
      "rotation": [
        69.75,
        0,
        0
      ],
      "translation": [
        0,
        5.5,
        5.5
      ]
    },
    "firstperson_righthand": {
      "translation": [
        0,
        6.25,
        0
      ]
    },
    "firstperson_lefthand": {
      "translation": [
        0,
        6.25,
        0
      ]
    },
    "ground": {
      "translation": [
        0,
        4.5,
        0
      ]
    },
    "gui": {
      "rotation": [
        -146.75,
        58,
        -180
      ],
      "translation": [
        0,
        4,
        0
      ]
    },
    "head": {
      "translation": [
        0,
        1.25,
        -2.25
      ]
    },
    "fixed": {
      "rotation": [
        0,
        -90,
        0
      ],
      "translation": [
        0,
        5,
        0
      ]
    }
  }
}