{
  "credit": "Made with Blockbench",
  "texture_size": [
    64,
    64
  ],
  "elements": [
    {
      "from": [
        0,
        2,
        0
      ],
      "to": [
        16,
        13,
        2
      ],
      "rotation": {
        "angle": 0,
        "axis": "y",
        "origin": [
          0,
          2,
          0
        ]
      },
      "faces": {
        "north": {
          "uv": [
            0,
            0,
            4,
            2.75
          ],
          "texture": "#0"
        },
        "east": {
          "uv": [
            10.5,
            0,
            11,
            2.75
          ],
          "texture": "#0"
        },
        "south": {
          "uv": [
            0,
            2.75,
            4,
            5.5
          ],
          "texture": "#0"
        },
        "west": {
          "uv": [
            11,
            0,
            11.5,
            2.75
          ],
          "texture": "#0"
        },
        "up": {
          "uv": [
            11.5,
            3.5,
            7.5,
            3
          ],
          "texture": "#0"
        },
        "down": {
          "uv": [
            11.5,
            3.5,
            7.5,
            4
          ],
          "texture": "#0"
        }
      }
    },
    {
      "from": [
        0,
        2,
        2
      ],
      "to": [
        2,
        13,
        16
      ],
      "rotation": {
        "angle": 0,
        "axis": "y",
        "origin": [
          0,
          2,
          0
        ]
      },
      "faces": {
        "north": {
          "uv": [
            2,
            11.25,
            2.5,
            14
          ],
          "texture": "#0"
        },
        "east": {
          "uv": [
            4,
            0,
            7.5,
            2.75
          ],
          "texture": "#0"
        },
        "south": {
          "uv": [
            2.5,
            11.25,
            3,
            14
          ],
          "texture": "#0"
        },
        "west": {
          "uv": [
            4,
            2.75,
            7.5,
            5.5
          ],
          "texture": "#0"
        },
        "up": {
          "uv": [
            0.5,
            14.75,
            0,
            11.25
          ],
          "texture": "#0"
        },
        "down": {
          "uv": [
            1,
            11.25,
            0.5,
            14.75
          ],
          "texture": "#0"
        }
      }
    },
    {
      "from": [
        2,
        2,
        2
      ],
      "to": [
        14,
        3,
        14
      ],
      "rotation": {
        "angle": 0,
        "axis": "y",
        "origin": [
          0,
          2,
          0
        ]
      },
      "faces": {
        "north": {
          "uv": [
            10,
            7,
            13,
            7.25
          ],
          "texture": "#0"
        },
        "east": {
          "uv": [
            10,
            7.25,
            13,
            7.5
          ],
          "texture": "#0"
        },
        "south": {
          "uv": [
            10,
            7.5,
            13,
            7.75
          ],
          "texture": "#0"
        },
        "west": {
          "uv": [
            10,
            7.75,
            13,
            8
          ],
          "texture": "#0"
        },
        "up": {
          "uv": [
            10,
            8.5,
            7,
            5.5
          ],
          "texture": "#0"
        },
        "down": {
          "uv": [
            10.5,
            0,
            7.5,
            3
          ],
          "texture": "#0"
        }
      }
    },
    {
      "from": [
        2,
        12,
        2
      ],
      "to": [
        14,
        13,
        14
      ],
      "rotation": {
        "angle": 0,
        "axis": "y",
        "origin": [
          0,
          2,
          0
        ]
      },
      "faces": {
        "north": {
          "uv": [
            10,
            8,
            13,
            8.25
          ],
          "texture": "#0"
        },
        "east": {
          "uv": [
            10,
            8.25,
            13,
            8.5
          ],
          "texture": "#0"
        },
        "south": {
          "uv": [
            10.5,
            2.75,
            13.5,
            3
          ],
          "texture": "#0"
        },
        "west": {
          "uv": [
            5,
            11.25,
            8,
            11.5
          ],
          "texture": "#0"
        },
        "up": {
          "uv": [
            3,
            11.25,
            0,
            8.25
          ],
          "texture": "#0"
        },
        "down": {
          "uv": [
            6,
            8.25,
            3,
            11.25
          ],
          "texture": "#0"
        }
      }
    },
    {
      "from": [
        2,
        2,
        14
      ],
      "to": [
        14,
        13,
        16
      ],
      "rotation": {
        "angle": 0,
        "axis": "y",
        "origin": [
          0,
          2,
          0
        ]
      },
      "faces": {
        "north": {
          "uv": [
            6,
            8.5,
            9,
            11.25
          ],
          "texture": "#0"
        },
        "east": {
          "uv": [
            3,
            11.25,
            3.5,
            14
          ],
          "texture": "#0"
        },
        "south": {
          "uv": [
            9,
            8.5,
            12,
            11.25
          ],
          "texture": "#0"
        },
        "west": {
          "uv": [
            3.5,
            11.25,
            4,
            14
          ],
          "texture": "#0"
        },
        "up": {
          "uv": [
            13,
            6.5,
            10,
            6
          ],
          "texture": "#0"
        },
        "down": {
          "uv": [
            13,
            6.5,
            10,
            7
          ],
          "texture": "#0"
        }
      }
    },
    {
      "from": [
        14,
        2,
        2
      ],
      "to": [
        16,
        13,
        16
      ],
      "rotation": {
        "angle": 0,
        "axis": "y",
        "origin": [
          0,
          2,
          0
        ]
      },
      "faces": {
        "north": {
          "uv": [
            4,
            11.25,
            4.5,
            14
          ],
          "texture": "#0"
        },
        "east": {
          "uv": [
            7.5,
            2.75,
            4,
            5.5
          ],
          "texture": "#0"
        },
        "south": {
          "uv": [
            4.5,
            11.25,
            5,
            14
          ],
          "texture": "#0"
        },
        "west": {
          "uv": [
            3.5,
            5.5,
            7,
            8.25
          ],
          "texture": "#0"
        },
        "up": {
          "uv": [
            1.5,
            14.75,
            1,
            11.25
          ],
          "texture": "#0"
        },
        "down": {
          "uv": [
            2,
            11.25,
            1.5,
            14.75
          ],
          "texture": "#0"
        }
      }
    },
    {
      "from": [
        0.3,
        0,
        1
      ],
      "to": [
        2,
        2,
        3
      ],
      "rotation": {
        "angle": 0,
        "axis": "y",
        "origin": [
          0,
          0,
          1
        ]
      },
      "faces": {
        "north": {
          "uv": [
            8,
            11.25,
            8.5,
            11.75
          ],
          "texture": "#0"
        },
        "east": {
          "uv": [
            8.5,
            11.25,
            9,
            11.75
          ],
          "texture": "#0"
        },
        "south": {
          "uv": [
            9,
            11.25,
            9.5,
            11.75
          ],
          "texture": "#0"
        },
        "west": {
          "uv": [
            9.5,
            11.25,
            10,
            11.75
          ],
          "texture": "#0"
        },
        "up": {
          "uv": [
            10.5,
            11.75,
            10,
            11.25
          ],
          "texture": "#0"
        },
        "down": {
          "uv": [
            11,
            11.25,
            10.5,
            11.75
          ],
          "texture": "#0"
        }
      }
    },
    {
      "from": [
        14,
        0,
        1
      ],
      "to": [
        15.7,
        2,
        3
      ],
      "rotation": {
        "angle": 0,
        "axis": "y",
        "origin": [
          13.7,
          0,
          1
        ]
      },
      "faces": {
        "north": {
          "uv": [
            11,
            11.25,
            11.5,
            11.75
          ],
          "texture": "#0"
        },
        "east": {
          "uv": [
            11.5,
            0,
            12,
            0.5
          ],
          "texture": "#0"
        },
        "south": {
          "uv": [
            11.5,
            0.5,
            12,
            1
          ],
          "texture": "#0"
        },
        "west": {
          "uv": [
            11.5,
            1,
            12,
            1.5
          ],
          "texture": "#0"
        },
        "up": {
          "uv": [
            12,
            2,
            11.5,
            1.5
          ],
          "texture": "#0"
        },
        "down": {
          "uv": [
            12,
            2,
            11.5,
            2.5
          ],
          "texture": "#0"
        }
      }
    },
    {
      "from": [
        14,
        0,
        14
      ],
      "to": [
        15.7,
        2,
        16
      ],
      "rotation": {
        "angle": 0,
        "axis": "y",
        "origin": [
          13.7,
          0,
          14
        ]
      },
      "faces": {
        "north": {
          "uv": [
            11.5,
            3,
            12,
            3.5
          ],
          "texture": "#0"
        },
        "east": {
          "uv": [
            11.5,
            3.5,
            12,
            4
          ],
          "texture": "#0"
        },
        "south": {
          "uv": [
            11.5,
            4,
            12,
            4.5
          ],
          "texture": "#0"
        },
        "west": {
          "uv": [
            11.5,
            4.5,
            12,
            5
          ],
          "texture": "#0"
        },
        "up": {
          "uv": [
            5.5,
            12,
            5,
            11.5
          ],
          "texture": "#0"
        },
        "down": {
          "uv": [
            12,
            5,
            11.5,
            5.5
          ],
          "texture": "#0"
        }
      }
    },
    {
      "from": [
        0.3,
        0,
        14
      ],
      "to": [
        2,
        2,
        16
      ],
      "rotation": {
        "angle": 0,
        "axis": "y",
        "origin": [
          0,
          0,
          14
        ]
      },
      "faces": {
        "north": {
          "uv": [
            5.5,
            11.5,
            6,
            12
          ],
          "texture": "#0"
        },
        "east": {
          "uv": [
            6,
            11.5,
            6.5,
            12
          ],
          "texture": "#0"
        },
        "south": {
          "uv": [
            6.5,
            11.5,
            7,
            12
          ],
          "texture": "#0"
        },
        "west": {
          "uv": [
            7,
            11.5,
            7.5,
            12
          ],
          "texture": "#0"
        },
        "up": {
          "uv": [
            8,
            12,
            7.5,
            11.5
          ],
          "texture": "#0"
        },
        "down": {
          "uv": [
            12,
            11.25,
            11.5,
            11.75
          ],
          "texture": "#0"
        }
      }
    },
    {
      "from": [
        0,
        13,
        16
      ],
      "to": [
        16,
        15,
        18
      ],
      "rotation": {
        "angle": 0,
        "axis": "y",
        "origin": [
          7,
          13,
          16
        ]
      },
      "faces": {
        "north": {
          "uv": [
            7.5,
            4,
            11.5,
            4.5
          ],
          "texture": "#0"
        },
        "east": {
          "uv": [
            8,
            11.75,
            8.5,
            12.25
          ],
          "texture": "#0"
        },
        "south": {
          "uv": [
            7.5,
            4.5,
            11.5,
            5
          ],
          "texture": "#0"
        },
        "west": {
          "uv": [
            8.5,
            11.75,
            9,
            12.25
          ],
          "texture": "#0"
        },
        "up": {
          "uv": [
            11.5,
            5.5,
            7.5,
            5
          ],
          "texture": "#0"
        },
        "down": {
          "uv": [
            14,
            5.5,
            10,
            6
          ],
          "texture": "#0"
        }
      }
    }
  ],
  "display": {
    "thirdperson_righthand": {
      "rotation": [
        70,
        0,
        0
      ],
      "translation": [
        0,
        1.75,
        -2.25
      ],
      "scale": [
        0.3,
        0.3,
        0.3
      ]
    },
    "thirdperson_lefthand": {
      "rotation": [
        70,
        0,
        0
      ],
      "translation": [
        0,
        1.75,
        -2.25
      ],
      "scale": [
        0.3,
        0.3,
        0.3
      ]
    },
    "firstperson_righthand": {
      "rotation": [
        0.01,
        16.75,
        0.04
      ],
      "translation": [
        0,
        0,
        -4.5
      ]
    },
    "firstperson_lefthand": {
      "rotation": [
        0.01,
        16.75,
        0.04
      ],
      "translation": [
        0,
        0,
        -4.5
      ]
    },
    "ground": {
      "translation": [
        0,
        4.5,
        0
      ]
    },
    "gui": {
      "rotation": [
        -159.25,
        30.5,
        180
      ],
      "scale": [
        0.7,
        0.7,
        0.7
      ]
    }
  },
  "groups": [
    {
      "name": "group",
      "origin": [
        0,
        2,
        0
      ],
      "color": 0,
      "children": [
        0,
        1,
        2,
        3,
        4,
        5,
        {
          "name": "group",
          "origin": [
            0,
            0,
            14
          ],
          "color": 0,
          "children": [
            6,
            7,
            8,
            9
          ]
        },
        10
      ]
    }
  ]
}