{
  "credit": "Made with Blockbench",
  "texture_size": [
    64,
    64
  ],
  "elements": [
    {
      "from": [
        3,
        0,
        6
      ],
      "to": [
        4,
        8,
        7
      ],
      "rotation": {
        "angle": 0,
        "axis": "y",
        "origin": [
          7,
          0,
          7
        ]
      },
      "faces": {
        "north": {
          "uv": [
            2,
            8.75,
            2.25,
            10.75
          ],
          "texture": "#0"
        },
        "east": {
          "uv": [
            2.25,
            8.75,
            2.5,
            10.75
          ],
          "texture": "#0"
        },
        "south": {
          "uv": [
            8.75,
            5.5,
            9,
            7.5
          ],
          "texture": "#0"
        },
        "west": {
          "uv": [
            8.75,
            7.5,
            9,
            9.5
          ],
          "texture": "#0"
        },
        "up": {
          "uv": [
            3.25,
            6.25,
            3,
            6
          ],
          "texture": "#0"
        },
        "down": {
          "uv": [
            3.5,
            6,
            3.25,
            6.25
          ],
          "texture": "#0"
        }
      }
    },
    {
      "from": [
        4,
        0,
        5
      ],
      "to": [
        12,
        8,
        7
      ],
      "rotation": {
        "angle": 0,
        "axis": "y",
        "origin": [
          7,
          0,
          7
        ]
      },
      "faces": {
        "north": {
          "uv": [
            4.25,
            0,
            6.25,
            2
          ],
          "texture": "#0"
        },
        "east": {
          "uv": [
            0,
            8.25,
            0.5,
            10.25
          ],
          "texture": "#0"
        },
        "south": {
          "uv": [
            4.25,
            2,
            6.25,
            4
          ],
          "texture": "#0"
        },
        "west": {
          "uv": [
            8.25,
            0,
            8.75,
            2
          ],
          "texture": "#0"
        },
        "up": {
          "uv": [
            10,
            5.5,
            8,
            5
          ],
          "texture": "#0"
        },
        "down": {
          "uv": [
            2.5,
            8.25,
            0.5,
            8.75
          ],
          "texture": "#0"
        }
      }
    },
    {
      "from": [
        12,
        0,
        6
      ],
      "to": [
        13,
        8,
        7
      ],
      "rotation": {
        "angle": 0,
        "axis": "y",
        "origin": [
          7,
          0,
          7
        ]
      },
      "faces": {
        "north": {
          "uv": [
            3,
            9,
            3.25,
            11
          ],
          "texture": "#0"
        },
        "east": {
          "uv": [
            3.25,
            9,
            3.5,
            11
          ],
          "texture": "#0"
        },
        "south": {
          "uv": [
            3.5,
            9,
            3.75,
            11
          ],
          "texture": "#0"
        },
        "west": {
          "uv": [
            3.75,
            9,
            4,
            11
          ],
          "texture": "#0"
        },
        "up": {
          "uv": [
            3.75,
            6.25,
            3.5,
            6
          ],
          "texture": "#0"
        },
        "down": {
          "uv": [
            4,
            6,
            3.75,
            6.25
          ],
          "texture": "#0"
        }
      }
    },
    {
      "from": [
        3,
        8,
        6
      ],
      "to": [
        13,
        9,
        7
      ],
      "rotation": {
        "angle": 0,
        "axis": "y",
        "origin": [
          7,
          -1,
          8
        ]
      },
      "faces": {
        "north": {
          "uv": [
            8.75,
            3,
            11.25,
            3.25
          ],
          "texture": "#0"
        },
        "east": {
          "uv": [
            4,
            6,
            4.25,
            6.25
          ],
          "texture": "#0"
        },
        "south": {
          "uv": [
            8.75,
            3.25,
            11.25,
            3.5
          ],
          "texture": "#0"
        },
        "west": {
          "uv": [
            5.25,
            6.25,
            5.5,
            6.5
          ],
          "texture": "#0"
        },
        "up": {
          "uv": [
            11.25,
            3.75,
            8.75,
            3.5
          ],
          "texture": "#0"
        },
        "down": {
          "uv": [
            11.25,
            3.75,
            8.75,
            4
          ],
          "texture": "#0"
        }
      }
    },
    {
      "from": [
        3,
        0,
        7
      ],
      "to": [
        12,
        9,
        12
      ],
      "rotation": {
        "angle": 0,
        "axis": "y",
        "origin": [
          7,
          0,
          7
        ]
      },
      "faces": {
        "north": {
          "uv": [
            0,
            0,
            2.25,
            2.25
          ],
          "texture": "#0"
        },
        "east": {
          "uv": [
            4.25,
            4,
            5.75,
            6.25
          ],
          "texture": "#0"
        },
        "south": {
          "uv": [
            0,
            2.25,
            2.25,
            4.5
          ],
          "texture": "#0"
        },
        "west": {
          "uv": [
            0,
            4.5,
            1.5,
            6.75
          ],
          "texture": "#0"
        },
        "up": {
          "uv": [
            3.75,
            6,
            1.5,
            4.5
          ],
          "texture": "#0"
        },
        "down": {
          "uv": [
            8,
            4,
            5.75,
            5.5
          ],
          "texture": "#0"
        }
      }
    },
    {
      "from": [
        4,
        9,
        7
      ],
      "to": [
        12,
        10,
        12
      ],
      "rotation": {
        "angle": 0,
        "axis": "y",
        "origin": [
          7,
          0,
          7
        ]
      },
      "faces": {
        "north": {
          "uv": [
            8.75,
            4,
            10.75,
            4.25
          ],
          "texture": "#0"
        },
        "east": {
          "uv": [
            9,
            6,
            10.5,
            6.25
          ],
          "texture": "#0"
        },
        "south": {
          "uv": [
            8.75,
            4.25,
            10.75,
            4.5
          ],
          "texture": "#0"
        },
        "west": {
          "uv": [
            9,
            6.25,
            10.5,
            6.5
          ],
          "texture": "#0"
        },
        "up": {
          "uv": [
            8.25,
            1.5,
            6.25,
            0
          ],
          "texture": "#0"
        },
        "down": {
          "uv": [
            8.25,
            1.5,
            6.25,
            3
          ],
          "texture": "#0"
        }
      }
    },
    {
      "from": [
        12,
        0,
        7
      ],
      "to": [
        13,
        9,
        12
      ],
      "rotation": {
        "angle": 0,
        "axis": "y",
        "origin": [
          7,
          0,
          7
        ]
      },
      "faces": {
        "north": {
          "uv": [
            1,
            8.75,
            1.25,
            11
          ],
          "texture": "#0"
        },
        "east": {
          "uv": [
            5.75,
            5.5,
            7.25,
            7.75
          ],
          "texture": "#0"
        },
        "south": {
          "uv": [
            1.25,
            8.75,
            1.5,
            11
          ],
          "texture": "#0"
        },
        "west": {
          "uv": [
            1.5,
            6,
            3,
            8.25
          ],
          "texture": "#0"
        },
        "up": {
          "uv": [
            5.75,
            7.75,
            5.5,
            6.25
          ],
          "texture": "#0"
        },
        "down": {
          "uv": [
            6,
            9,
            5.75,
            10.5
          ],
          "texture": "#0"
        }
      }
    },
    {
      "from": [
        4,
        0,
        12
      ],
      "to": [
        12,
        9,
        13
      ],
      "rotation": {
        "angle": 0,
        "axis": "y",
        "origin": [
          7,
          0,
          6
        ]
      },
      "faces": {
        "north": {
          "uv": [
            2.25,
            0,
            4.25,
            2.25
          ],
          "texture": "#0"
        },
        "east": {
          "uv": [
            1.5,
            8.75,
            1.75,
            11
          ],
          "texture": "#0"
        },
        "south": {
          "uv": [
            2.25,
            2.25,
            4.25,
            4.5
          ],
          "texture": "#0"
        },
        "west": {
          "uv": [
            1.75,
            8.75,
            2,
            11
          ],
          "texture": "#0"
        },
        "up": {
          "uv": [
            10.75,
            4.75,
            8.75,
            4.5
          ],
          "texture": "#0"
        },
        "down": {
          "uv": [
            10.75,
            4.75,
            8.75,
            5
          ],
          "texture": "#0"
        }
      }
    },
    {
      "from": [
        3.8,
        0,
        1
      ],
      "to": [
        6.8,
        2.4,
        5
      ],
      "rotation": {
        "angle": 0,
        "axis": "y",
        "origin": [
          3.8,
          0,
          3
        ]
      },
      "faces": {
        "north": {
          "uv": [
            9,
            6.5,
            9.75,
            7
          ],
          "texture": "#0"
        },
        "east": {
          "uv": [
            4.5,
            7.25,
            5.5,
            7.75
          ],
          "texture": "#0"
        },
        "south": {
          "uv": [
            9,
            7,
            9.75,
            7.5
          ],
          "texture": "#0"
        },
        "west": {
          "uv": [
            9,
            2,
            10,
            2.5
          ],
          "texture": "#0"
        },
        "up": {
          "uv": [
            7,
            4,
            6.25,
            3
          ],
          "texture": "#0"
        },
        "down": {
          "uv": [
            5.25,
            6.25,
            4.5,
            7.25
          ],
          "texture": "#0"
        }
      }
    },
    {
      "from": [
        9.3,
        0,
        1
      ],
      "to": [
        12.3,
        2.4,
        5
      ],
      "rotation": {
        "angle": 0,
        "axis": "y",
        "origin": [
          9.3,
          0,
          3
        ]
      },
      "faces": {
        "north": {
          "uv": [
            9,
            7.5,
            9.75,
            8
          ],
          "texture": "#0"
        },
        "east": {
          "uv": [
            9,
            2.5,
            10,
            3
          ],
          "texture": "#0"
        },
        "south": {
          "uv": [
            9,
            8,
            9.75,
            8.5
          ],
          "texture": "#0"
        },
        "west": {
          "uv": [
            4,
            9,
            5,
            9.5
          ],
          "texture": "#0"
        },
        "up": {
          "uv": [
            7.75,
            4,
            7,
            3
          ],
          "texture": "#0"
        },
        "down": {
          "uv": [
            9,
            2,
            8.25,
            3
          ],
          "texture": "#0"
        }
      }
    },
    {
      "from": [
        1.5,
        1,
        7.9
      ],
      "to": [
        3,
        9,
        10.9
      ],
      "rotation": {
        "angle": 0,
        "axis": "y",
        "origin": [
          1,
          7,
          7.9
        ]
      },
      "faces": {
        "north": {
          "uv": [
            2.5,
            8.25,
            3,
            10.25
          ],
          "texture": "#0"
        },
        "east": {
          "uv": [
            6,
            7.75,
            6.75,
            9.75
          ],
          "texture": "#0"
        },
        "south": {
          "uv": [
            8.25,
            8,
            8.75,
            10
          ],
          "texture": "#0"
        },
        "west": {
          "uv": [
            8,
            3,
            8.75,
            5
          ],
          "texture": "#0"
        },
        "up": {
          "uv": [
            9.5,
            9.25,
            9,
            8.5
          ],
          "texture": "#0"
        },
        "down": {
          "uv": [
            9.75,
            0,
            9.25,
            0.75
          ],
          "texture": "#0"
        }
      }
    },
    {
      "from": [
        13,
        1,
        7.9
      ],
      "to": [
        14.5,
        9,
        10.9
      ],
      "rotation": {
        "angle": 0,
        "axis": "y",
        "origin": [
          13,
          7,
          7.9
        ]
      },
      "faces": {
        "north": {
          "uv": [
            8.75,
            0,
            9.25,
            2
          ],
          "texture": "#0"
        },
        "east": {
          "uv": [
            6.75,
            8,
            7.5,
            10
          ],
          "texture": "#0"
        },
        "south": {
          "uv": [
            0.5,
            8.75,
            1,
            10.75
          ],
          "texture": "#0"
        },
        "west": {
          "uv": [
            7.5,
            8,
            8.25,
            10
          ],
          "texture": "#0"
        },
        "up": {
          "uv": [
            9.75,
            1.5,
            9.25,
            0.75
          ],
          "texture": "#0"
        },
        "down": {
          "uv": [
            9.5,
            9.25,
            9,
            10
          ],
          "texture": "#0"
        }
      }
    },
    {
      "from": [
        5.4,
        7,
        5
      ],
      "to": [
        10.8,
        12,
        10.4
      ],
      "rotation": {
        "angle": -22.5,
        "axis": "x",
        "origin": [
          6.8,
          8,
          6
        ]
      },
      "faces": {
        "north": {
          "uv": [
            7.25,
            5.5,
            8.75,
            6.75
          ],
          "texture": "#0"
        },
        "east": {
          "uv": [
            7.25,
            6.75,
            8.75,
            8
          ],
          "texture": "#0"
        },
        "south": {
          "uv": [
            3,
            7.75,
            4.5,
            9
          ],
          "texture": "#0"
        },
        "west": {
          "uv": [
            4.5,
            7.75,
            6,
            9
          ],
          "texture": "#0"
        },
        "up": {
          "uv": [
            4.5,
            7.75,
            3,
            6.25
          ],
          "texture": "#0"
        },
        "down": {
          "uv": [
            1.5,
            6.75,
            0,
            8.25
          ],
          "texture": "#0"
        }
      }
    },
    {
      "from": [
        7,
        7,
        3.5
      ],
      "to": [
        9,
        8.6,
        6
      ],
      "rotation": {
        "angle": -22.5,
        "axis": "x",
        "origin": [
          7,
          7,
          4
        ]
      },
      "faces": {
        "north": {
          "uv": [
            9.25,
            1.5,
            9.75,
            2
          ],
          "texture": "#0"
        },
        "east": {
          "uv": [
            5,
            9,
            5.75,
            9.5
          ],
          "texture": "#0"
        },
        "south": {
          "uv": [
            4,
            9.5,
            4.5,
            10
          ],
          "texture": "#0"
        },
        "west": {
          "uv": [
            9,
            5.5,
            9.75,
            6
          ],
          "texture": "#0"
        },
        "up": {
          "uv": [
            4.25,
            5.25,
            3.75,
            4.5
          ],
          "texture": "#0"
        },
        "down": {
          "uv": [
            4.25,
            5.25,
            3.75,
            6
          ],
          "texture": "#0"
        }
      }
    },
    {
      "from": [
        7.5,
        7.6,
        3.3
      ],
      "to": [
        8.5,
        8.6,
        4.3
      ],
      "rotation": {
        "angle": 0,
        "axis": "y",
        "origin": [
          6.5,
          7.6,
          3.3
        ]
      },
      "faces": {
        "north": {
          "uv": [
            0,
            0,
            0.25,
            0.25
          ],
          "texture": "#0"
        },
        "east": {
          "uv": [
            0,
            0,
            0.25,
            0.25
          ],
          "texture": "#0"
        },
        "south": {
          "uv": [
            0,
            0,
            0.25,
            0.25
          ],
          "texture": "#0"
        },
        "west": {
          "uv": [
            0,
            0,
            0.25,
            0.25
          ],
          "texture": "#0"
        },
        "up": {
          "uv": [
            0,
            0,
            0.25,
            0.25
          ],
          "texture": "#0"
        },
        "down": {
          "uv": [
            0,
            0,
            0.25,
            0.25
          ],
          "texture": "#0"
        }
      }
    },
    {
      "from": [
        9,
        11.7,
        5.7
      ],
      "to": [
        10,
        12.7,
        7.7
      ],
      "rotation": {
        "angle": -22.5,
        "axis": "x",
        "origin": [
          9,
          11.7,
          5.7
        ]
      },
      "faces": {
        "north": {
          "uv": [
            11.625,
            0.625,
            11.875,
            0.875
          ],
          "texture": "#0"
        },
        "east": {
          "uv": [
            11.25,
            0.625,
            11.75,
            0.875
          ],
          "texture": "#0"
        },
        "south": {
          "uv": [
            11.25,
            0.625,
            11.5,
            0.875
          ],
          "texture": "#0"
        },
        "west": {
          "uv": [
            11.25,
            0.625,
            11.75,
            0.875
          ],
          "texture": "#0"
        },
        "up": {
          "uv": [
            11.25,
            0.25,
            11.5,
            0.75
          ],
          "texture": "#0"
        },
        "down": {
          "uv": [
            11.25,
            0.25,
            11.5,
            0.75
          ],
          "texture": "#0"
        }
      }
    },
    {
      "from": [
        10,
        11,
        6
      ],
      "to": [
        11.5,
        13,
        8
      ],
      "rotation": {
        "angle": -22.5,
        "axis": "x",
        "origin": [
          9,
          11,
          6
        ]
      },
      "faces": {
        "north": {
          "uv": [
            11.25,
            0.375,
            11.625,
            0.875
          ],
          "texture": "#0"
        },
        "east": {
          "uv": [
            11.25,
            0.375,
            11.75,
            0.875
          ],
          "texture": "#0"
        },
        "south": {
          "uv": [
            11.5,
            0.375,
            11.875,
            0.875
          ],
          "texture": "#0"
        },
        "west": {
          "uv": [
            11.25,
            0.375,
            11.75,
            0.875
          ],
          "texture": "#0"
        },
        "up": {
          "uv": [
            11.5,
            0.25,
            11.875,
            0.75
          ],
          "texture": "#0"
        },
        "down": {
          "uv": [
            11.5,
            0.25,
            11.875,
            0.75
          ],
          "texture": "#0"
        }
      }
    },
    {
      "from": [
        10,
        13,
        6
      ],
      "to": [
        11.5,
        13.5,
        8
      ],
      "rotation": {
        "angle": -22.5,
        "axis": "x",
        "origin": [
          9,
          11,
          6
        ]
      },
      "faces": {
        "north": {
          "uv": [
            11.25,
            0.25,
            11.625,
            0.375
          ],
          "texture": "#0"
        },
        "east": {
          "uv": [
            11.25,
            0.25,
            11.75,
            0.375
          ],
          "texture": "#0"
        },
        "south": {
          "uv": [
            11.5,
            0.25,
            11.875,
            0.375
          ],
          "texture": "#0"
        },
        "west": {
          "uv": [
            11.25,
            0.25,
            11.75,
            0.375
          ],
          "texture": "#0"
        },
        "up": {
          "uv": [
            11.5,
            0.25,
            11.875,
            0.75
          ],
          "texture": "#0"
        },
        "down": {
          "uv": [
            11.5,
            0.25,
            11.875,
            0.75
          ],
          "texture": "#0"
        }
      }
    },
    {
      "from": [
        6.2,
        11.7,
        5.7
      ],
      "to": [
        7.2,
        12.7,
        7.7
      ],
      "rotation": {
        "angle": -22.5,
        "axis": "x",
        "origin": [
          6.2,
          11.7,
          5.7
        ]
      },
      "faces": {
        "north": {
          "uv": [
            11.625,
            0.625,
            11.875,
            0.875
          ],
          "texture": "#0"
        },
        "east": {
          "uv": [
            11.25,
            0.625,
            11.75,
            0.875
          ],
          "texture": "#0"
        },
        "south": {
          "uv": [
            11.25,
            0.625,
            11.5,
            0.875
          ],
          "texture": "#0"
        },
        "west": {
          "uv": [
            11.25,
            0.625,
            11.75,
            0.875
          ],
          "texture": "#0"
        },
        "up": {
          "uv": [
            11.25,
            0.25,
            11.5,
            0.75
          ],
          "texture": "#0"
        },
        "down": {
          "uv": [
            11.25,
            0.25,
            11.5,
            0.75
          ],
          "texture": "#0"
        }
      }
    },
    {
      "from": [
        4.7,
        13,
        6
      ],
      "to": [
        6.2,
        13.5,
        8
      ],
      "rotation": {
        "angle": -22.5,
        "axis": "x",
        "origin": [
          3.7,
          11,
          6
        ]
      },
      "faces": {
        "north": {
          "uv": [
            11.25,
            0.25,
            11.625,
            0.375
          ],
          "texture": "#0"
        },
        "east": {
          "uv": [
            11.25,
            0.25,
            11.75,
            0.375
          ],
          "texture": "#0"
        },
        "south": {
          "uv": [
            11.5,
            0.25,
            11.875,
            0.375
          ],
          "texture": "#0"
        },
        "west": {
          "uv": [
            11.25,
            0.25,
            11.75,
            0.375
          ],
          "texture": "#0"
        },
        "up": {
          "uv": [
            11.5,
            0.25,
            11.875,
            0.75
          ],
          "texture": "#0"
        },
        "down": {
          "uv": [
            11.5,
            0.25,
            11.875,
            0.75
          ],
          "texture": "#0"
        }
      }
    },
    {
      "from": [
        4.7,
        11,
        6
      ],
      "to": [
        6.2,
        13,
        8
      ],
      "rotation": {
        "angle": -22.5,
        "axis": "x",
        "origin": [
          3.7,
          11,
          6
        ]
      },
      "faces": {
        "north": {
          "uv": [
            11.25,
            0.375,
            11.625,
            0.875
          ],
          "texture": "#0"
        },
        "east": {
          "uv": [
            11.25,
            0.375,
            11.75,
            0.875
          ],
          "texture": "#0"
        },
        "south": {
          "uv": [
            11.5,
            0.375,
            11.875,
            0.875
          ],
          "texture": "#0"
        },
        "west": {
          "uv": [
            11.25,
            0.375,
            11.75,
            0.875
          ],
          "texture": "#0"
        },
        "up": {
          "uv": [
            11.5,
            0.25,
            11.875,
            0.75
          ],
          "texture": "#0"
        },
        "down": {
          "uv": [
            11.5,
            0.25,
            11.875,
            0.75
          ],
          "texture": "#0"
        }
      }
    }
  ],
  "display": {
    "thirdperson_righthand": {
      "rotation": [
        63.25,
        0,
        0
      ],
      "translation": [
        0,
        0.5,
        1
      ],
      "scale": [
        0.3,
        0.3,
        0.3
      ]
    },
    "thirdperson_lefthand": {
      "rotation": [
        63.25,
        0,
        0
      ],
      "translation": [
        0,
        0.5,
        1
      ],
      "scale": [
        0.3,
        0.3,
        0.3
      ]
    },
    "ground": {
      "translation": [
        0,
        4.75,
        0
      ]
    },
    "gui": {
      "rotation": [
        -156.25,
        31.75,
        180
      ],
      "translation": [
        0,
        1.75,
        0
      ],
      "scale": [
        0.9,
        0.9,
        0.9
      ]
    },
    "head": {
      "translation": [
        0,
        13.25,
        0
      ]
    }
  },
  "groups": [
    {
      "name": "group",
      "origin": [
        13,
        7,
        8.4
      ],
      "color": 0,
      "children": [
        0,
        1,
        2,
        3,
        4,
        5,
        6,
        7,
        8,
        9,
        10,
        11,
        {
          "name": "group",
          "origin": [
            7,
            7,
            3
          ],
          "color": 0,
          "children": [
            12,
            13,
            14,
            15,
            16,
            17,
            18,
            19,
            20
          ]
        }
      ]
    }
  ]
}