{
  "format_version": "1.9.0",
  "credit": "Made with Blockbench",
  "texture_size": [
    4,
    4
  ],
  "elements": [
    {
      "from": [
        7,
        0,
        7
      ],
      "to": [
        9,
        1,
        9
      ],
      "rotation": {
        "angle": 0,
        "axis": "y",
        "origin": [
          7,
          0,
          7
        ]
      },
      "faces": {
        "north": {
          "uv": [
            6,
            4,
            8,
            5
          ],
          "texture": "#0"
        },
        "east": {
          "uv": [
            6,
            5,
            8,
            6
          ],
          "texture": "#0"
        },
        "south": {
          "uv": [
            6,
            6,
            8,
            7
          ],
          "texture": "#0"
        },
        "west": {
          "uv": [
            6,
            7,
            8,
            8
          ],
          "texture": "#0"
        },
        "up": {
          "uv": [
            2,
            2,
            0,
            0
          ],
          "texture": "#0"
        },
        "down": {
          "uv": [
            2,
            2,
            0,
            4
          ],
          "texture": "#0"
        }
      }
    },
    {
      "from": [
        7,
        1,
        9
      ],
      "to": [
        9,
        2.3,
        10
      ],
      "rotation": {
        "angle": 0,
        "axis": "z",
        "origin": [
          7,
          2.4,
          9
        ]
      },
      "faces": {
        "north": {
          "uv": [
            0,
            4,
            2,
            5.25
          ],
          "texture": "#0"
        },
        "east": {
          "uv": [
            8,
            7,
            9,
            8.25
          ],
          "texture": "#0"
        },
        "south": {
          "uv": [
            4,
            0,
            6,
            1.25
          ],
          "texture": "#0"
        },
        "west": {
          "uv": [
            0,
            9,
            1,
            10.25
          ],
          "texture": "#0"
        },
        "up": {
          "uv": [
            2,
            9,
            0,
            8
          ],
          "texture": "#0"
        },
        "down": {
          "uv": [
            10,
            0,
            8,
            1
          ],
          "texture": "#0"
        }
      }
    },
    {
      "from": [
        7,
        1,
        6
      ],
      "to": [
        9,
        2.3,
        7
      ],
      "rotation": {
        "angle": 0,
        "axis": "z",
        "origin": [
          7,
          2.4,
          6
        ]
      },
      "faces": {
        "north": {
          "uv": [
            2,
            4,
            4,
            5.25
          ],
          "texture": "#0"
        },
        "east": {
          "uv": [
            1,
            9,
            2,
            10.25
          ],
          "texture": "#0"
        },
        "south": {
          "uv": [
            4,
            2,
            6,
            3.25
          ],
          "texture": "#0"
        },
        "west": {
          "uv": [
            2,
            9,
            3,
            10.25
          ],
          "texture": "#0"
        },
        "up": {
          "uv": [
            10,
            2,
            8,
            1
          ],
          "texture": "#0"
        },
        "down": {
          "uv": [
            4,
            8,
            2,
            9
          ],
          "texture": "#0"
        }
      }
    },
    {
      "from": [
        9,
        1,
        7
      ],
      "to": [
        10,
        2.3,
        9
      ],
      "rotation": {
        "angle": 0,
        "axis": "z",
        "origin": [
          9,
          2.4,
          9
        ]
      },
      "faces": {
        "north": {
          "uv": [
            9,
            2,
            10,
            3.25
          ],
          "texture": "#0"
        },
        "east": {
          "uv": [
            4,
            4,
            6,
            5.25
          ],
          "texture": "#0"
        },
        "south": {
          "uv": [
            3,
            9,
            4,
            10.25
          ],
          "texture": "#0"
        },
        "west": {
          "uv": [
            0,
            6,
            2,
            7.25
          ],
          "texture": "#0"
        },
        "up": {
          "uv": [
            9,
            4,
            8,
            2
          ],
          "texture": "#0"
        },
        "down": {
          "uv": [
            5,
            8,
            4,
            10
          ],
          "texture": "#0"
        }
      }
    },
    {
      "from": [
        6,
        1,
        7
      ],
      "to": [
        7,
        2.3,
        9
      ],
      "rotation": {
        "angle": 0,
        "axis": "z",
        "origin": [
          6,
          2.7,
          9
        ]
      },
      "faces": {
        "north": {
          "uv": [
            9,
            4,
            10,
            5.25
          ],
          "texture": "#0"
        },
        "east": {
          "uv": [
            6,
            0,
            8,
            1.25
          ],
          "texture": "#0"
        },
        "south": {
          "uv": [
            6,
            9,
            7,
            10.25
          ],
          "texture": "#0"
        },
        "west": {
          "uv": [
            2,
            6,
            4,
            7.25
          ],
          "texture": "#0"
        },
        "up": {
          "uv": [
            9,
            6,
            8,
            4
          ],
          "texture": "#0"
        },
        "down": {
          "uv": [
            6,
            8,
            5,
            10
          ],
          "texture": "#0"
        }
      }
    },
    {
      "from": [
        7.1,
        0.1,
        11.6
      ],
      "to": [
        8.9,
        1.4,
        12
      ],
      "rotation": {
        "angle": -45,
        "axis": "x",
        "origin": [
          7,
          -0.6,
          10
        ]
      },
      "faces": {
        "north": {
          "uv": [
            6,
            2,
            7.75,
            3.25
          ],
          "texture": "#0"
        },
        "east": {
          "uv": [
            4,
            10,
            4.5,
            11.25
          ],
          "texture": "#0"
        },
        "south": {
          "uv": [
            4,
            6,
            5.75,
            7.25
          ],
          "texture": "#0"
        },
        "west": {
          "uv": [
            10,
            4,
            10.5,
            5.25
          ],
          "texture": "#0"
        },
        "up": {
          "uv": [
            8.75,
            9.5,
            7,
            9
          ],
          "texture": "#0"
        },
        "down": {
          "uv": [
            10.75,
            7,
            9,
            7.5
          ],
          "texture": "#0"
        }
      }
    },
    {
      "from": [
        7.1,
        -0.4,
        8.5
      ],
      "to": [
        8.9,
        0,
        10
      ],
      "rotation": {
        "angle": -22.5,
        "axis": "x",
        "origin": [
          7,
          1,
          8
        ]
      },
      "faces": {
        "north": {
          "uv": [
            9,
            8,
            10.75,
            8.5
          ],
          "texture": "#0"
        },
        "east": {
          "uv": [
            10,
            2,
            11.5,
            2.5
          ],
          "texture": "#0"
        },
        "south": {
          "uv": [
            9,
            9,
            10.75,
            9.5
          ],
          "texture": "#0"
        },
        "west": {
          "uv": [
            10,
            3,
            11.5,
            3.5
          ],
          "texture": "#0"
        },
        "up": {
          "uv": [
            3.75,
            1.5,
            2,
            0
          ],
          "texture": "#0"
        },
        "down": {
          "uv": [
            3.75,
            2,
            2,
            3.5
          ],
          "texture": "#0"
        }
      }
    },
    {
      "from": [
        7.2,
        1,
        10
      ],
      "to": [
        8.8,
        1.9,
        10.4
      ],
      "rotation": {
        "angle": 22.5,
        "axis": "x",
        "origin": [
          7,
          0.5,
          9
        ]
      },
      "faces": {
        "north": {
          "uv": [
            6,
            8,
            7.75,
            9
          ],
          "texture": "#0"
        },
        "east": {
          "uv": [
            5,
            10,
            5.5,
            11
          ],
          "texture": "#0"
        },
        "south": {
          "uv": [
            8,
            6,
            9.75,
            7
          ],
          "texture": "#0"
        },
        "west": {
          "uv": [
            10,
            6,
            10.5,
            7
          ],
          "texture": "#0"
        },
        "up": {
          "uv": [
            11.75,
            0.5,
            10,
            0
          ],
          "texture": "#0"
        },
        "down": {
          "uv": [
            11.75,
            1,
            10,
            1.5
          ],
          "texture": "#0"
        }
      }
    },
    {
      "from": [
        7,
        1.9,
        7
      ],
      "to": [
        9,
        2,
        9
      ],
      "rotation": {
        "angle": 0,
        "axis": "y",
        "origin": [
          7,
          0,
          7
        ]
      },
      "faces": {
        "north": {
          "uv": [
            8,
            0,
            16,
            1
          ],
          "texture": "#1"
        },
        "east": {
          "uv": [
            8,
            4,
            16,
            5
          ],
          "texture": "#1"
        },
        "south": {
          "uv": [
            8,
            8,
            16,
            9
          ],
          "texture": "#1"
        },
        "west": {
          "uv": [
            8,
            12,
            16,
            13
          ],
          "texture": "#1"
        },
        "up": {
          "uv": [
            8,
            8,
            0,
            0
          ],
          "texture": "#1"
        },
        "down": {
          "uv": [
            8,
            8,
            0,
            16
          ],
          "texture": "#1"
        }
      }
    }
  ],
  "display": {
    "thirdperson_righthand": {
      "rotation": [
        66.5,
        0,
        0
      ],
      "translation": [
        0,
        4.75,
        6
      ]
    },
    "thirdperson_lefthand": {
      "rotation": [
        66.5,
        0,
        0
      ],
      "translation": [
        0,
        4.75,
        6
      ]
    },
    "firstperson_righthand": {
      "translation": [
        0,
        8,
        0
      ]
    },
    "firstperson_lefthand": {
      "translation": [
        0,
        8,
        0
      ]
    },
    "ground": {
      "translation": [
        0,
        4.25,
        0
      ]
    },
    "gui": {
      "rotation": [
        27,
        -68,
        0
      ],
      "translation": [
        0,
        12,
        0
      ],
      "scale": [
        2,
        2,
        2
      ]
    },
    "head": {
      "translation": [
        0,
        14.25,
        0
      ]
    },
    "fixed": {
      "rotation": [
        0,
        -90,
        0
      ],
      "translation": [
        0,
        10,
        0.5
      ],
      "scale": [
        1.5,
        1.5,
        1.5
      ]
    }
  }
}