{
  "format_version": "1.9.0",
  "credit": "Made with Blockbench",
  "elements": [
    {
      "from": [
        5,
        0,
        5
      ],
      "to": [
        11,
        2,
        11
      ],
      "rotation": {
        "angle": 0,
        "axis": "y",
        "origin": [
          7,
          0,
          7
        ]
      },
      "faces": {
        "north": {
          "uv": [
            5.5,
            2.5,
            8.5,
            3.5
          ],
          "texture": "#0"
        },
        "east": {
          "uv": [
            5.5,
            3.5,
            8.5,
            4.5
          ],
          "texture": "#0"
        },
        "south": {
          "uv": [
            5.5,
            4.5,
            8.5,
            5.5
          ],
          "texture": "#0"
        },
        "west": {
          "uv": [
            5.5,
            5.5,
            8.5,
            6.5
          ],
          "texture": "#0"
        },
        "up": {
          "uv": [
            3,
            3,
            0,
            0
          ],
          "texture": "#0"
        },
        "down": {
          "uv": [
            3,
            3,
            0,
            6
          ],
          "texture": "#0"
        }
      }
    },
    {
      "from": [
        5.5,
        2,
        5.5
      ],
      "to": [
        10.5,
        4,
        10.5
      ],
      "rotation": {
        "angle": 0,
        "axis": "y",
        "origin": [
          7,
          2,
          7
        ]
      },
      "faces": {
        "north": {
          "uv": [
            0,
            6,
            2.5,
            7
          ],
          "texture": "#0"
        },
        "east": {
          "uv": [
            5.5,
            6.5,
            8,
            7.5
          ],
          "texture": "#0"
        },
        "south": {
          "uv": [
            0,
            7,
            2.5,
            8
          ],
          "texture": "#0"
        },
        "west": {
          "uv": [
            2.5,
            7.5,
            5,
            8.5
          ],
          "texture": "#0"
        },
        "up": {
          "uv": [
            5.5,
            2.5,
            3,
            0
          ],
          "texture": "#0"
        },
        "down": {
          "uv": [
            5.5,
            2.5,
            3,
            5
          ],
          "texture": "#0"
        }
      }
    },
    {
      "from": [
        5.5,
        10,
        5.5
      ],
      "to": [
        10.5,
        12,
        10.5
      ],
      "rotation": {
        "angle": 0,
        "axis": "y",
        "origin": [
          7,
          10,
          7
        ]
      },
      "faces": {
        "north": {
          "uv": [
            5,
            7.5,
            7.5,
            8.5
          ],
          "texture": "#0"
        },
        "east": {
          "uv": [
            7.5,
            7.5,
            10,
            8.5
          ],
          "texture": "#0"
        },
        "south": {
          "uv": [
            0,
            8,
            2.5,
            9
          ],
          "texture": "#0"
        },
        "west": {
          "uv": [
            8,
            0,
            10.5,
            1
          ],
          "texture": "#0"
        },
        "up": {
          "uv": [
            5.5,
            7.5,
            3,
            5
          ],
          "texture": "#0"
        },
        "down": {
          "uv": [
            8,
            0,
            5.5,
            2.5
          ],
          "texture": "#0"
        }
      }
    },
    {
      "from": [
        7.5,
        4.2,
        8.3
      ],
      "to": [
        8.5,
        4.2,
        10.3
      ],
      "rotation": {
        "angle": -22.5,
        "axis": "x",
        "origin": [
          6.5,
          2.2,
          8.3
        ]
      },
      "faces": {
        "north": {
          "uv": [
            0,
            0,
            1,
            0
          ],
          "texture": "#1"
        },
        "east": {
          "uv": [
            0,
            0,
            2,
            0
          ],
          "texture": "#1"
        },
        "south": {
          "uv": [
            0,
            0,
            1,
            0
          ],
          "texture": "#1"
        },
        "west": {
          "uv": [
            0,
            0,
            2,
            0
          ],
          "texture": "#1"
        },
        "up": {
          "uv": [
            1,
            4,
            0,
            2
          ],
          "texture": "#1"
        },
        "down": {
          "uv": [
            3,
            0,
            2,
            2
          ],
          "texture": "#1"
        }
      }
    },
    {
      "from": [
        7.5,
        4.9,
        5.9
      ],
      "to": [
        8.5,
        4.9,
        7.9
      ],
      "rotation": {
        "angle": 22.5,
        "axis": "x",
        "origin": [
          6.5,
          2.9,
          5.9
        ]
      },
      "faces": {
        "north": {
          "uv": [
            0,
            0,
            1,
            0
          ],
          "texture": "#1"
        },
        "east": {
          "uv": [
            0,
            0,
            2,
            0
          ],
          "texture": "#1"
        },
        "south": {
          "uv": [
            0,
            0,
            1,
            0
          ],
          "texture": "#1"
        },
        "west": {
          "uv": [
            0,
            0,
            2,
            0
          ],
          "texture": "#1"
        },
        "up": {
          "uv": [
            2,
            4,
            1,
            2
          ],
          "texture": "#1"
        },
        "down": {
          "uv": [
            3,
            2,
            2,
            4
          ],
          "texture": "#1"
        }
      }
    },
    {
      "from": [
        5.7,
        4.1,
        7.5
      ],
      "to": [
        7.7,
        4.1,
        8.5
      ],
      "rotation": {
        "angle": -22.5,
        "axis": "z",
        "origin": [
          7.7,
          2.1,
          6.5
        ]
      },
      "faces": {
        "north": {
          "uv": [
            0,
            0,
            2,
            0
          ],
          "texture": "#1"
        },
        "east": {
          "uv": [
            0,
            0,
            1,
            0
          ],
          "texture": "#1"
        },
        "south": {
          "uv": [
            0,
            0,
            2,
            0
          ],
          "texture": "#1"
        },
        "west": {
          "uv": [
            0,
            0,
            1,
            0
          ],
          "texture": "#1"
        },
        "up": {
          "uv": [
            5,
            1,
            3,
            0
          ],
          "texture": "#1"
        },
        "down": {
          "uv": [
            5,
            1,
            3,
            2
          ],
          "texture": "#1"
        }
      }
    },
    {
      "from": [
        8.1,
        4.9,
        7.5
      ],
      "to": [
        10.1,
        4.9,
        8.5
      ],
      "rotation": {
        "angle": 22.5,
        "axis": "z",
        "origin": [
          10.1,
          2.9,
          6.5
        ]
      },
      "faces": {
        "north": {
          "uv": [
            0,
            0,
            2,
            0
          ],
          "texture": "#1"
        },
        "east": {
          "uv": [
            0,
            0,
            1,
            0
          ],
          "texture": "#1"
        },
        "south": {
          "uv": [
            0,
            0,
            2,
            0
          ],
          "texture": "#1"
        },
        "west": {
          "uv": [
            0,
            0,
            1,
            0
          ],
          "texture": "#1"
        },
        "up": {
          "uv": [
            2,
            1,
            0,
            0
          ],
          "texture": "#1"
        },
        "down": {
          "uv": [
            2,
            1,
            0,
            2
          ],
          "texture": "#1"
        }
      }
    }
  ],
  "display": {
    "thirdperson_righthand": {
      "translation": [
        0,
        3,
        1
      ],
      "scale": [
        0.55,
        0.55,
        0.55
      ]
    },
    "thirdperson_lefthand": {
      "translation": [
        0,
        3,
        1
      ],
      "scale": [
        0.55,
        0.55,
        0.55
      ]
    },
    "firstperson_righthand": {
      "translation": [
        0,
        3,
        1
      ],
      "scale": [
        0.55,
        0.55,
        0.55
      ]
    },
    "firstperson_lefthand": {
      "translation": [
        0,
        3,
        1
      ],
      "scale": [
        0.55,
        0.55,
        0.55
      ]
    },
    "ground": {
      "translation": [
        0,
        2,
        0
      ],
      "scale": [
        0.5,
        0.5,
        0.5
      ]
    },
    "gui": {
      "rotation": [
        23.65,
        -39.79,
        4.58
      ],
      "translation": [
        0,
        2,
        0
      ]
    },
    "head": {
      "translation": [
        0,
        7,
        0
      ]
    }
  }
}