{
  "credit": "Made with Blockbench",
  "texture_size": [
    32,
    32
  ],
  "elements": [
    {
      "from": [
        7,
        13,
        7
      ],
      "to": [
        9,
        18,
        9
      ],
      "rotation": {
        "angle": 0,
        "axis": "y",
        "origin": [
          7,
          16,
          7
        ]
      },
      "faces": {
        "north": {
          "uv": [
            0,
            0,
            1,
            2.5
          ],
          "texture": "#0"
        },
        "east": {
          "uv": [
            1,
            0,
            2,
            2.5
          ],
          "texture": "#0"
        },
        "south": {
          "uv": [
            2,
            0,
            3,
            2.5
          ],
          "texture": "#0"
        },
        "west": {
          "uv": [
            0,
            2.5,
            1,
            5
          ],
          "texture": "#0"
        },
        "up": {
          "uv": [
            7,
            8.5,
            6,
            7.5
          ],
          "texture": "#0"
        },
        "down": {
          "uv": [
            8.5,
            6.5,
            7.5,
            7.5
          ],
          "texture": "#0"
        }
      }
    },
    {
      "from": [
        7,
        8.5,
        6.25
      ],
      "to": [
        9,
        13.5,
        7.25
      ],
      "rotation": {
        "angle": 22.5,
        "axis": "x",
        "origin": [
          7,
          11.5,
          6.25
        ]
      },
      "faces": {
        "north": {
          "uv": [
            1,
            2.5,
            2,
            5
          ],
          "texture": "#0"
        },
        "east": {
          "uv": [
            4,
            6.5,
            4.5,
            9
          ],
          "texture": "#0"
        },
        "south": {
          "uv": [
            2,
            2.5,
            3,
            5
          ],
          "texture": "#0"
        },
        "west": {
          "uv": [
            4.5,
            6.5,
            5,
            9
          ],
          "texture": "#0"
        },
        "up": {
          "uv": [
            8.5,
            10,
            7.5,
            9.5
          ],
          "texture": "#0"
        },
        "down": {
          "uv": [
            9.5,
            9.5,
            8.5,
            10
          ],
          "texture": "#0"
        }
      }
    },
    {
      "from": [
        7,
        8.5,
        8.75
      ],
      "to": [
        9,
        13.5,
        9.75
      ],
      "rotation": {
        "angle": -22.5,
        "axis": "x",
        "origin": [
          9,
          11.5,
          9.75
        ]
      },
      "faces": {
        "north": {
          "uv": [
            3,
            0,
            4,
            2.5
          ],
          "texture": "#0"
        },
        "east": {
          "uv": [
            5,
            7,
            5.5,
            9.5
          ],
          "texture": "#0"
        },
        "south": {
          "uv": [
            3,
            2.5,
            4,
            5
          ],
          "texture": "#0"
        },
        "west": {
          "uv": [
            5.5,
            7,
            6,
            9.5
          ],
          "texture": "#0"
        },
        "up": {
          "uv": [
            10.5,
            10,
            9.5,
            9.5
          ],
          "texture": "#0"
        },
        "down": {
          "uv": [
            1,
            10,
            0,
            10.5
          ],
          "texture": "#0"
        }
      }
    },
    {
      "from": [
        6.25,
        8.5,
        7
      ],
      "to": [
        7.25,
        13.5,
        9
      ],
      "rotation": {
        "angle": -22.5,
        "axis": "z",
        "origin": [
          6.25,
          11.5,
          9
        ]
      },
      "faces": {
        "north": {
          "uv": [
            0,
            7.5,
            0.5,
            10
          ],
          "texture": "#0"
        },
        "east": {
          "uv": [
            4,
            0,
            5,
            2.5
          ],
          "texture": "#0"
        },
        "south": {
          "uv": [
            7.5,
            0,
            8,
            2.5
          ],
          "texture": "#0"
        },
        "west": {
          "uv": [
            4,
            2.5,
            5,
            5
          ],
          "texture": "#0"
        },
        "up": {
          "uv": [
            7.5,
            1,
            7,
            0
          ],
          "texture": "#0"
        },
        "down": {
          "uv": [
            4,
            7.5,
            3.5,
            8.5
          ],
          "texture": "#0"
        }
      }
    },
    {
      "from": [
        8.75,
        8.5,
        7
      ],
      "to": [
        9.75,
        13.5,
        9
      ],
      "rotation": {
        "angle": 22.5,
        "axis": "z",
        "origin": [
          9.75,
          11.5,
          7
        ]
      },
      "faces": {
        "north": {
          "uv": [
            0.5,
            7.5,
            1,
            10
          ],
          "texture": "#0"
        },
        "east": {
          "uv": [
            0,
            5,
            1,
            7.5
          ],
          "texture": "#0"
        },
        "south": {
          "uv": [
            1,
            7.5,
            1.5,
            10
          ],
          "texture": "#0"
        },
        "west": {
          "uv": [
            5,
            0,
            6,
            2.5
          ],
          "texture": "#0"
        },
        "up": {
          "uv": [
            3.5,
            10.5,
            3,
            9.5
          ],
          "texture": "#0"
        },
        "down": {
          "uv": [
            10.5,
            0,
            10,
            1
          ],
          "texture": "#0"
        }
      }
    },
    {
      "from": [
        7,
        7.6,
        3.2
      ],
      "to": [
        9,
        8.6,
        6.2
      ],
      "rotation": {
        "angle": -22.5,
        "axis": "x",
        "origin": [
          7,
          7.6,
          4.2
        ]
      },
      "faces": {
        "north": {
          "uv": [
            1,
            10,
            2,
            10.5
          ],
          "texture": "#0"
        },
        "east": {
          "uv": [
            9,
            8,
            10.5,
            8.5
          ],
          "texture": "#0"
        },
        "south": {
          "uv": [
            10,
            1,
            11,
            1.5
          ],
          "texture": "#0"
        },
        "west": {
          "uv": [
            9,
            8.5,
            10.5,
            9
          ],
          "texture": "#0"
        },
        "up": {
          "uv": [
            2,
            6.5,
            1,
            5
          ],
          "texture": "#0"
        },
        "down": {
          "uv": [
            3,
            5,
            2,
            6.5
          ],
          "texture": "#0"
        }
      }
    },
    {
      "from": [
        7,
        8.4,
        10
      ],
      "to": [
        9,
        9.4,
        13
      ],
      "rotation": {
        "angle": 22.5,
        "axis": "x",
        "origin": [
          9,
          8.4,
          10
        ]
      },
      "faces": {
        "north": {
          "uv": [
            10,
            1.5,
            11,
            2
          ],
          "texture": "#0"
        },
        "east": {
          "uv": [
            9,
            9,
            10.5,
            9.5
          ],
          "texture": "#0"
        },
        "south": {
          "uv": [
            2,
            10,
            3,
            10.5
          ],
          "texture": "#0"
        },
        "west": {
          "uv": [
            1.5,
            9.5,
            3,
            10
          ],
          "texture": "#0"
        },
        "up": {
          "uv": [
            6,
            4,
            5,
            2.5
          ],
          "texture": "#0"
        },
        "down": {
          "uv": [
            4,
            5,
            3,
            6.5
          ],
          "texture": "#0"
        }
      }
    },
    {
      "from": [
        7,
        7.25,
        12.8
      ],
      "to": [
        9,
        8.25,
        15.8
      ],
      "rotation": {
        "angle": -22.5,
        "axis": "x",
        "origin": [
          9,
          7.25,
          12.8
        ]
      },
      "faces": {
        "north": {
          "uv": [
            3.5,
            10,
            4.5,
            10.5
          ],
          "texture": "#0"
        },
        "east": {
          "uv": [
            9.5,
            2,
            11,
            2.5
          ],
          "texture": "#0"
        },
        "south": {
          "uv": [
            4.5,
            10,
            5.5,
            10.5
          ],
          "texture": "#0"
        },
        "west": {
          "uv": [
            9.5,
            2.5,
            11,
            3
          ],
          "texture": "#0"
        },
        "up": {
          "uv": [
            5,
            6.5,
            4,
            5
          ],
          "texture": "#0"
        },
        "down": {
          "uv": [
            6,
            4,
            5,
            5.5
          ],
          "texture": "#0"
        }
      }
    },
    {
      "from": [
        7,
        8.35,
        0.5
      ],
      "to": [
        9,
        9.35,
        3.5
      ],
      "rotation": {
        "angle": 22.5,
        "axis": "x",
        "origin": [
          9,
          8.35,
          0.5
        ]
      },
      "faces": {
        "north": {
          "uv": [
            5.5,
            10,
            6.5,
            10.5
          ],
          "texture": "#0"
        },
        "east": {
          "uv": [
            9.5,
            3,
            11,
            3.5
          ],
          "texture": "#0"
        },
        "south": {
          "uv": [
            6.5,
            10,
            7.5,
            10.5
          ],
          "texture": "#0"
        },
        "west": {
          "uv": [
            9.5,
            3.5,
            11,
            4
          ],
          "texture": "#0"
        },
        "up": {
          "uv": [
            6,
            7,
            5,
            5.5
          ],
          "texture": "#0"
        },
        "down": {
          "uv": [
            7,
            0,
            6,
            1.5
          ],
          "texture": "#0"
        }
      }
    },
    {
      "from": [
        12.8,
        7.25,
        7
      ],
      "to": [
        15.8,
        8.25,
        9
      ],
      "rotation": {
        "angle": 22.5,
        "axis": "z",
        "origin": [
          12.8,
          7.25,
          7
        ]
      },
      "faces": {
        "north": {
          "uv": [
            9.5,
            4,
            11,
            4.5
          ],
          "texture": "#0"
        },
        "east": {
          "uv": [
            10,
            7,
            11,
            7.5
          ],
          "texture": "#0"
        },
        "south": {
          "uv": [
            4.5,
            9.5,
            6,
            10
          ],
          "texture": "#0"
        },
        "west": {
          "uv": [
            7.5,
            10,
            8.5,
            10.5
          ],
          "texture": "#0"
        },
        "up": {
          "uv": [
            7.5,
            2.5,
            6,
            1.5
          ],
          "texture": "#0"
        },
        "down": {
          "uv": [
            7.5,
            2.5,
            6,
            3.5
          ],
          "texture": "#0"
        }
      }
    },
    {
      "from": [
        0.4,
        8.45,
        7
      ],
      "to": [
        3.4,
        9.45,
        9
      ],
      "rotation": {
        "angle": -22.5,
        "axis": "z",
        "origin": [
          0.4,
          8.45,
          7
        ]
      },
      "faces": {
        "north": {
          "uv": [
            9.5,
            4.5,
            11,
            5
          ],
          "texture": "#0"
        },
        "east": {
          "uv": [
            10,
            7.5,
            11,
            8
          ],
          "texture": "#0"
        },
        "south": {
          "uv": [
            9.5,
            5,
            11,
            5.5
          ],
          "texture": "#0"
        },
        "west": {
          "uv": [
            8.5,
            10,
            9.5,
            10.5
          ],
          "texture": "#0"
        },
        "up": {
          "uv": [
            7.5,
            4.5,
            6,
            3.5
          ],
          "texture": "#0"
        },
        "down": {
          "uv": [
            7.5,
            4.5,
            6,
            5.5
          ],
          "texture": "#0"
        }
      }
    },
    {
      "from": [
        10,
        8.4,
        7
      ],
      "to": [
        13,
        9.4,
        9
      ],
      "rotation": {
        "angle": -22.5,
        "axis": "z",
        "origin": [
          10,
          8.4,
          7
        ]
      },
      "faces": {
        "north": {
          "uv": [
            9.5,
            5.5,
            11,
            6
          ],
          "texture": "#0"
        },
        "east": {
          "uv": [
            9.5,
            10,
            10.5,
            10.5
          ],
          "texture": "#0"
        },
        "south": {
          "uv": [
            6,
            9.5,
            7.5,
            10
          ],
          "texture": "#0"
        },
        "west": {
          "uv": [
            0,
            10.5,
            1,
            11
          ],
          "texture": "#0"
        },
        "up": {
          "uv": [
            7.5,
            6.5,
            6,
            5.5
          ],
          "texture": "#0"
        },
        "down": {
          "uv": [
            2.5,
            6.5,
            1,
            7.5
          ],
          "texture": "#0"
        }
      }
    },
    {
      "from": [
        3,
        8.4,
        7
      ],
      "to": [
        6,
        9.4,
        9
      ],
      "rotation": {
        "angle": 22.5,
        "axis": "z",
        "origin": [
          6,
          8.4,
          9
        ]
      },
      "faces": {
        "north": {
          "uv": [
            9.5,
            6,
            11,
            6.5
          ],
          "texture": "#0"
        },
        "east": {
          "uv": [
            10.5,
            0,
            11.5,
            0.5
          ],
          "texture": "#0"
        },
        "south": {
          "uv": [
            9.5,
            6.5,
            11,
            7
          ],
          "texture": "#0"
        },
        "west": {
          "uv": [
            10.5,
            0.5,
            11.5,
            1
          ],
          "texture": "#0"
        },
        "up": {
          "uv": [
            4,
            7.5,
            2.5,
            6.5
          ],
          "texture": "#0"
        },
        "down": {
          "uv": [
            7.5,
            6.5,
            6,
            7.5
          ],
          "texture": "#0"
        }
      }
    },
    {
      "from": [
        7,
        6.45,
        0.6
      ],
      "to": [
        9,
        8.45,
        2.6
      ],
      "rotation": {
        "angle": 0,
        "axis": "z",
        "origin": [
          7,
          7.45,
          0.6
        ]
      },
      "faces": {
        "north": {
          "uv": [
            1.5,
            7.5,
            2.5,
            8.5
          ],
          "texture": "#0"
        },
        "east": {
          "uv": [
            2.5,
            7.5,
            3.5,
            8.5
          ],
          "texture": "#0"
        },
        "south": {
          "uv": [
            7.5,
            2.5,
            8.5,
            3.5
          ],
          "texture": "#0"
        },
        "west": {
          "uv": [
            7.5,
            3.5,
            8.5,
            4.5
          ],
          "texture": "#0"
        },
        "up": {
          "uv": [
            8.5,
            5.5,
            7.5,
            4.5
          ],
          "texture": "#0"
        },
        "down": {
          "uv": [
            8.5,
            5.5,
            7.5,
            6.5
          ],
          "texture": "#0"
        }
      }
    },
    {
      "from": [
        7,
        6.45,
        13.5
      ],
      "to": [
        9,
        8.45,
        15.5
      ],
      "rotation": {
        "angle": 0,
        "axis": "z",
        "origin": [
          7,
          7.45,
          13.5
        ]
      },
      "faces": {
        "north": {
          "uv": [
            7,
            7.5,
            8,
            8.5
          ],
          "texture": "#0"
        },
        "east": {
          "uv": [
            8,
            0,
            9,
            1
          ],
          "texture": "#0"
        },
        "south": {
          "uv": [
            8,
            1,
            9,
            2
          ],
          "texture": "#0"
        },
        "west": {
          "uv": [
            8,
            7.5,
            9,
            8.5
          ],
          "texture": "#0"
        },
        "up": {
          "uv": [
            2.5,
            9.5,
            1.5,
            8.5
          ],
          "texture": "#0"
        },
        "down": {
          "uv": [
            9.5,
            2,
            8.5,
            3
          ],
          "texture": "#0"
        }
      }
    },
    {
      "from": [
        0.4,
        6.45,
        7
      ],
      "to": [
        2.4,
        8.45,
        9
      ],
      "rotation": {
        "angle": 0,
        "axis": "z",
        "origin": [
          0.4,
          7.45,
          7
        ]
      },
      "faces": {
        "north": {
          "uv": [
            2.5,
            8.5,
            3.5,
            9.5
          ],
          "texture": "#0"
        },
        "east": {
          "uv": [
            8.5,
            3,
            9.5,
            4
          ],
          "texture": "#0"
        },
        "south": {
          "uv": [
            8.5,
            4,
            9.5,
            5
          ],
          "texture": "#0"
        },
        "west": {
          "uv": [
            8.5,
            5,
            9.5,
            6
          ],
          "texture": "#0"
        },
        "up": {
          "uv": [
            7,
            9.5,
            6,
            8.5
          ],
          "texture": "#0"
        },
        "down": {
          "uv": [
            9.5,
            6,
            8.5,
            7
          ],
          "texture": "#0"
        }
      }
    },
    {
      "from": [
        13.5,
        6.45,
        7
      ],
      "to": [
        15.5,
        8.45,
        9
      ],
      "rotation": {
        "angle": 0,
        "axis": "z",
        "origin": [
          13.5,
          7.45,
          7
        ]
      },
      "faces": {
        "north": {
          "uv": [
            7,
            8.5,
            8,
            9.5
          ],
          "texture": "#0"
        },
        "east": {
          "uv": [
            8,
            8.5,
            9,
            9.5
          ],
          "texture": "#0"
        },
        "south": {
          "uv": [
            9,
            0,
            10,
            1
          ],
          "texture": "#0"
        },
        "west": {
          "uv": [
            9,
            1,
            10,
            2
          ],
          "texture": "#0"
        },
        "up": {
          "uv": [
            4.5,
            10,
            3.5,
            9
          ],
          "texture": "#0"
        },
        "down": {
          "uv": [
            10,
            7,
            9,
            8
          ],
          "texture": "#0"
        }
      }
    }
  ],
  "display": {
    "thirdperson_righthand": {
      "rotation": [
        79,
        0,
        0
      ],
      "translation": [
        0,
        -2.5,
        -4
      ],
      "scale": [
        0.5,
        0.5,
        0.5
      ]
    },
    "thirdperson_lefthand": {
      "rotation": [
        79,
        0,
        0
      ],
      "translation": [
        0,
        -2.5,
        -4
      ],
      "scale": [
        0.5,
        0.5,
        0.5
      ]
    },
    "gui": {
      "translation": [
        0,
        -3.25,
        0
      ]
    },
    "fixed": {
      "rotation": [
        33,
        0,
        0
      ],
      "translation": [
        0,
        -2.5,
        -1.5
      ],
      "scale": [
        0.5,
        0.5,
        0.5
      ]
    }
  },
  "groups": [
    {
      "name": "group",
      "origin": [
        7,
        16,
        7
      ],
      "color": 0,
      "children": [
        0,
        {
          "name": "group",
          "origin": [
            9.75,
            11.5,
            7
          ],
          "color": 0,
          "children": [
            1,
            2,
            3,
            4,
            5,
            6,
            7,
            8,
            9,
            10,
            11,
            12,
            {
              "name": "group",
              "origin": [
                13.5,
                7.45,
                7
              ],
              "color": 0,
              "children": [
                13,
                14,
                15,
                16
              ]
            }
          ]
        }
      ]
    }
  ]
}