{
  "format_version": "1.9.0",
  "credit": "Made with Blockbench",
  "elements": [
    {
      "from": [
        7.5,
        0,
        4.8
      ],
      "to": [
        8.5,
        1.2,
        10.3
      ],
      "rotation": {
        "angle": 0,
        "axis": "y",
        "origin": [
          6.5,
          0.1,
          7
        ]
      },
      "faces": {
        "north": {
          "uv": [
            3,
            4,
            4,
            5
          ],
          "texture": "#0"
        },
        "east": {
          "uv": [
            0,
            0,
            6,
            1
          ],
          "texture": "#0"
        },
        "south": {
          "uv": [
            4,
            3,
            5,
            4
          ],
          "texture": "#0"
        },
        "west": {
          "uv": [
            0,
            1,
            6,
            2
          ],
          "texture": "#0"
        },
        "up": {
          "uv": [
            1,
            8,
            0,
            2
          ],
          "texture": "#0"
        },
        "down": {
          "uv": [
            2,
            2,
            1,
            8
          ],
          "texture": "#0"
        }
      }
    },
    {
      "from": [
        7.4,
        0.6,
        4.2
      ],
      "to": [
        8.6,
        1.2,
        5.2
      ],
      "rotation": {
        "angle": 0,
        "axis": "y",
        "origin": [
          6.5,
          0.1,
          6.4
        ]
      },
      "faces": {
        "north": {
          "uv": [
            4,
            4,
            5,
            5
          ],
          "texture": "#0"
        },
        "east": {
          "uv": [
            2,
            5,
            3,
            6
          ],
          "texture": "#0"
        },
        "south": {
          "uv": [
            5,
            2,
            6,
            3
          ],
          "texture": "#0"
        },
        "west": {
          "uv": [
            3,
            5,
            4,
            6
          ],
          "texture": "#0"
        },
        "up": {
          "uv": [
            6,
            4,
            5,
            3
          ],
          "texture": "#0"
        },
        "down": {
          "uv": [
            5,
            5,
            4,
            6
          ],
          "texture": "#0"
        }
      }
    },
    {
      "from": [
        7.4,
        1.4,
        4.3
      ],
      "to": [
        8.6,
        2.3,
        5.1
      ],
      "rotation": {
        "angle": -45,
        "axis": "x",
        "origin": [
          6.5,
          1.3,
          6.3
        ]
      },
      "faces": {
        "north": {
          "uv": [
            5,
            4,
            6,
            5
          ],
          "texture": "#0"
        },
        "east": {
          "uv": [
            5,
            5,
            6,
            6
          ],
          "texture": "#0"
        },
        "south": {
          "uv": [
            6,
            0,
            7,
            1
          ],
          "texture": "#0"
        },
        "west": {
          "uv": [
            6,
            1,
            7,
            2
          ],
          "texture": "#0"
        },
        "up": {
          "uv": [
            3,
            7,
            2,
            6
          ],
          "texture": "#0"
        },
        "down": {
          "uv": [
            7,
            2,
            6,
            3
          ],
          "texture": "#0"
        }
      }
    },
    {
      "from": [
        7.4,
        0,
        10
      ],
      "to": [
        8.6,
        0.6,
        11
      ],
      "rotation": {
        "angle": 0,
        "axis": "y",
        "origin": [
          8,
          0,
          10.5
        ]
      },
      "faces": {
        "north": {
          "uv": [
            3,
            6,
            4,
            7
          ],
          "texture": "#0"
        },
        "east": {
          "uv": [
            6,
            3,
            7,
            4
          ],
          "texture": "#0"
        },
        "south": {
          "uv": [
            4,
            6,
            5,
            7
          ],
          "texture": "#0"
        },
        "west": {
          "uv": [
            6,
            4,
            7,
            5
          ],
          "texture": "#0"
        },
        "up": {
          "uv": [
            6,
            7,
            5,
            6
          ],
          "texture": "#0"
        },
        "down": {
          "uv": [
            7,
            5,
            6,
            6
          ],
          "texture": "#0"
        }
      }
    },
    {
      "from": [
        7.4,
        0.1636,
        9.92635
      ],
      "to": [
        8.6,
        1.0636,
        10.72635
      ],
      "rotation": {
        "angle": -45,
        "axis": "x",
        "origin": [
          8,
          0.7,
          10.3
        ]
      },
      "faces": {
        "north": {
          "uv": [
            2,
            2,
            3,
            3
          ],
          "texture": "#0"
        },
        "east": {
          "uv": [
            2,
            3,
            3,
            4
          ],
          "texture": "#0"
        },
        "south": {
          "uv": [
            3,
            2,
            4,
            3
          ],
          "texture": "#0"
        },
        "west": {
          "uv": [
            3,
            3,
            4,
            4
          ],
          "texture": "#0"
        },
        "up": {
          "uv": [
            3,
            5,
            2,
            4
          ],
          "texture": "#0"
        },
        "down": {
          "uv": [
            5,
            2,
            4,
            3
          ],
          "texture": "#0"
        }
      }
    }
  ],
  "display": {
    "thirdperson_righthand": {
      "rotation": [
        14.25,
        0,
        0
      ],
      "translation": [
        0,
        4,
        1
      ],
      "scale": [
        0.55,
        0.55,
        0.55
      ]
    },
    "thirdperson_lefthand": {
      "rotation": [
        14.25,
        0,
        0
      ],
      "translation": [
        0,
        4,
        1
      ],
      "scale": [
        0.55,
        0.55,
        0.55
      ]
    },
    "firstperson_righthand": {
      "rotation": [
        71.75,
        0,
        0
      ],
      "translation": [
        -2.25,
        8.25,
        11
      ]
    },
    "firstperson_lefthand": {
      "rotation": [
        71.75,
        0,
        0
      ],
      "translation": [
        -2.25,
        8.25,
        11
      ]
    },
    "ground": {
      "translation": [
        0,
        4.5,
        0
      ]
    },
    "gui": {
      "rotation": [
        31.36,
        -29.92,
        8.97
      ],
      "translation": [
        -1,
        6,
        0
      ]
    },
    "fixed": {
      "translation": [
        0,
        7.5,
        0
      ]
    }
  }
}