{
  "format_version": "1.9.0",
  "credit": "Made with Blockbench",
  "texture_size": [
    32,
    32
  ],
  "elements": [
    {
      "from": [
        5,
        0,
        5.5
      ],
      "to": [
        11,
        3,
        10.5
      ],
      "rotation": {
        "angle": 0,
        "axis": "y",
        "origin": [
          7,
          0,
          6.5
        ]
      },
      "faces": {
        "north": {
          "uv": [
            0,
            11,
            2,
            12.5
          ],
          "texture": "#0"
        },
        "east": {
          "uv": [
            5.5,
            10,
            7,
            11.5
          ],
          "texture": "#0"
        },
        "south": {
          "uv": [
            2,
            11,
            4,
            12.5
          ],
          "texture": "#0"
        },
        "west": {
          "uv": [
            7,
            10,
            8.5,
            11.5
          ],
          "texture": "#0"
        },
        "up": {
          "uv": [
            8,
            8.5,
            6,
            7
          ],
          "texture": "#0"
        },
        "down": {
          "uv": [
            8,
            8.5,
            6,
            10
          ],
          "texture": "#0"
        }
      }
    },
    {
      "from": [
        4,
        2,
        5
      ],
      "to": [
        12,
        6,
        11
      ],
      "rotation": {
        "angle": 0,
        "axis": "y",
        "origin": [
          7,
          3,
          7
        ]
      },
      "faces": {
        "north": {
          "uv": [
            0,
            0,
            4.5,
            2.5
          ],
          "texture": "#0"
        },
        "east": {
          "uv": [
            8.5,
            2.5,
            11,
            5
          ],
          "texture": "#0"
        },
        "south": {
          "uv": [
            6,
            0,
            10.5,
            2.5
          ],
          "texture": "#0"
        },
        "west": {
          "uv": [
            6,
            4.5,
            8.5,
            7
          ],
          "texture": "#0"
        },
        "up": {
          "uv": [
            4,
            6,
            0,
            4
          ],
          "texture": "#0"
        },
        "down": {
          "uv": [
            14.5,
            0,
            10.5,
            2
          ],
          "texture": "#0"
        }
      }
    },
    {
      "from": [
        10.8,
        6,
        6
      ],
      "to": [
        12.8,
        10,
        10
      ],
      "rotation": {
        "angle": -22.5,
        "axis": "z",
        "origin": [
          6.8,
          7,
          7
        ]
      },
      "faces": {
        "north": {
          "uv": [
            5,
            12.5,
            6,
            14.5
          ],
          "texture": "#0"
        },
        "east": {
          "uv": [
            6,
            12.5,
            7,
            14.5
          ],
          "texture": "#0"
        },
        "south": {
          "uv": [
            7,
            12.5,
            8,
            14.5
          ],
          "texture": "#0"
        },
        "west": {
          "uv": [
            8,
            12.5,
            9,
            14.5
          ],
          "texture": "#0"
        },
        "up": {
          "uv": [
            10,
            15.5,
            9,
            14.5
          ],
          "texture": "#0"
        },
        "down": {
          "uv": [
            15.5,
            11,
            14.5,
            12
          ],
          "texture": "#0"
        }
      }
    },
    {
      "from": [
        8.4,
        5,
        6
      ],
      "to": [
        10.3,
        9,
        10
      ],
      "rotation": {
        "angle": 0,
        "axis": "z",
        "origin": [
          5.4,
          6,
          7
        ]
      },
      "faces": {
        "north": {
          "uv": [
            9,
            12.5,
            10,
            14.5
          ],
          "texture": "#0"
        },
        "east": {
          "uv": [
            13,
            5,
            14,
            7
          ],
          "texture": "#0"
        },
        "south": {
          "uv": [
            13,
            7,
            14,
            9
          ],
          "texture": "#0"
        },
        "west": {
          "uv": [
            13,
            9,
            14,
            11
          ],
          "texture": "#0"
        },
        "up": {
          "uv": [
            15.5,
            13,
            14.5,
            12
          ],
          "texture": "#0"
        },
        "down": {
          "uv": [
            15,
            14.5,
            14,
            15.5
          ],
          "texture": "#0"
        }
      }
    },
    {
      "from": [
        5.2,
        5,
        6
      ],
      "to": [
        7.2,
        9,
        10
      ],
      "rotation": {
        "angle": 0,
        "axis": "z",
        "origin": [
          3.2,
          6,
          7
        ]
      },
      "faces": {
        "north": {
          "uv": [
            10,
            13,
            11,
            15
          ],
          "texture": "#0"
        },
        "east": {
          "uv": [
            11,
            13,
            12,
            15
          ],
          "texture": "#0"
        },
        "south": {
          "uv": [
            12,
            13,
            13,
            15
          ],
          "texture": "#0"
        },
        "west": {
          "uv": [
            13,
            13,
            14,
            15
          ],
          "texture": "#0"
        },
        "up": {
          "uv": [
            16,
            6,
            15,
            5
          ],
          "texture": "#0"
        },
        "down": {
          "uv": [
            16,
            6,
            15,
            7
          ],
          "texture": "#0"
        }
      }
    },
    {
      "from": [
        3.9,
        2,
        6
      ],
      "to": [
        5.8,
        6,
        10
      ],
      "rotation": {
        "angle": 45,
        "axis": "z",
        "origin": [
          1.9,
          3,
          7
        ]
      },
      "faces": {
        "north": {
          "uv": [
            13.5,
            11,
            14.5,
            13
          ],
          "texture": "#0"
        },
        "east": {
          "uv": [
            14,
            5,
            15,
            7
          ],
          "texture": "#0"
        },
        "south": {
          "uv": [
            14,
            7,
            15,
            9
          ],
          "texture": "#0"
        },
        "west": {
          "uv": [
            14,
            9,
            15,
            11
          ],
          "texture": "#0"
        },
        "up": {
          "uv": [
            16,
            8,
            15,
            7
          ],
          "texture": "#0"
        },
        "down": {
          "uv": [
            16,
            8,
            15,
            9
          ],
          "texture": "#0"
        }
      }
    },
    {
      "from": [
        11,
        2.1,
        7
      ],
      "to": [
        14,
        5.1,
        9
      ],
      "rotation": {
        "angle": 0,
        "axis": "y",
        "origin": [
          12,
          2.1,
          7
        ]
      },
      "faces": {
        "north": {
          "uv": [
            9,
            11,
            10.5,
            12.5
          ],
          "texture": "#0"
        },
        "east": {
          "uv": [
            14,
            13,
            15,
            14.5
          ],
          "texture": "#0"
        },
        "south": {
          "uv": [
            11,
            10,
            12.5,
            11.5
          ],
          "texture": "#0"
        },
        "west": {
          "uv": [
            5,
            14.5,
            6,
            16
          ],
          "texture": "#0"
        },
        "up": {
          "uv": [
            7.5,
            15.5,
            6,
            14.5
          ],
          "texture": "#0"
        },
        "down": {
          "uv": [
            9,
            14.5,
            7.5,
            15.5
          ],
          "texture": "#0"
        }
      }
    }
  ],
  "display": {
    "thirdperson_righthand": {
      "rotation": [
        -90,
        0,
        0
      ],
      "translation": [
        0,
        -1.75,
        -6
      ],
      "scale": [
        -1,
        1,
        -1
      ]
    },
    "thirdperson_lefthand": {
      "rotation": [
        -90,
        0,
        0
      ],
      "translation": [
        0,
        -1.75,
        -6
      ],
      "scale": [
        1,
        1,
        -1
      ]
    },
    "firstperson_righthand": {
      "rotation": [
        153.5,
        47.75,
        180
      ],
      "translation": [
        0,
        7.5,
        -1
      ]
    },
    "firstperson_lefthand": {
      "rotation": [
        153.5,
        47.75,
        -180
      ],
      "translation": [
        0,
        7.5,
        -1
      ],
      "scale": [
        -1,
        1,
        1
      ]
    },
    "ground": {
      "rotation": [
        98.79,
        0.99,
        86.47
      ],
      "translation": [
        -3.25,
        0.25,
        0
      ]
    },
    "gui": {
      "rotation": [
        -177.63,
        4.93,
        154.18
      ],
      "translation": [
        -1.25,
        3.5,
        0
      ]
    },
    "head": {
      "translation": [
        0,
        11.25,
        0
      ]
    },
    "fixed": {
      "translation": [
        0,
        4,
        0
      ]
    }
  }
}