{
  "format_version": "1.21.6",
  "credit": "Made with Blockbench",
  "texture_size": [
    64,
    64
  ],
  "elements": [
    {
      "from": [
        0,
        0,
        0
      ],
      "to": [
        3,
        12,
        16
      ],
      "faces": {
        "north": {
          "uv": [
            9,
            11,
            9.75,
            14
          ],
          "texture": "#0"
        },
        "east": {
          "uv": [
            0,
            0,
            4,
            3
          ],
          "texture": "#0"
        },
        "south": {
          "uv": [
            9.75,
            11,
            10.5,
            14
          ],
          "texture": "#0"
        },
        "west": {
          "uv": [
            0,
            3,
            4,
            6
          ],
          "texture": "#0"
        },
        "up": {
          "uv": [
            11.25,
            10,
            10.5,
            6
          ],
          "texture": "#0"
        },
        "down": {
          "uv": [
            11.25,
            10,
            10.5,
            14
          ],
          "texture": "#0"
        }
      }
    },
    {
      "from": [
        3,
        0,
        0
      ],
      "to": [
        13,
        12,
        2
      ],
      "faces": {
        "north": {
          "uv": [
            8,
            0,
            10.5,
            3
          ],
          "texture": "#0"
        },
        "east": {
          "uv": [
            5.5,
            11.25,
            6,
            14.25
          ],
          "texture": "#0"
        },
        "south": {
          "uv": [
            8,
            3,
            10.5,
            6
          ],
          "texture": "#0"
        },
        "west": {
          "uv": [
            6,
            11.25,
            6.5,
            14.25
          ],
          "texture": "#0"
        },
        "up": {
          "uv": [
            13.75,
            10,
            11.25,
            9.5
          ],
          "texture": "#0"
        },
        "down": {
          "uv": [
            13.75,
            10,
            11.25,
            10.5
          ],
          "texture": "#0"
        }
      }
    },
    {
      "from": [
        3,
        0,
        2
      ],
      "to": [
        13,
        8,
        14
      ],
      "faces": {
        "north": {
          "uv": [
            10.5,
            2,
            13,
            4
          ],
          "texture": "#0"
        },
        "east": {
          "uv": [
            7.5,
            9,
            10.5,
            11
          ],
          "texture": "#0"
        },
        "south": {
          "uv": [
            10.5,
            4,
            13,
            6
          ],
          "texture": "#0"
        },
        "west": {
          "uv": [
            10.5,
            0,
            13.5,
            2
          ],
          "texture": "#0"
        },
        "up": {
          "uv": [
            10.5,
            9,
            8,
            6
          ],
          "texture": "#0"
        },
        "down": {
          "uv": [
            2.5,
            8.25,
            0,
            11.25
          ],
          "texture": "#0"
        }
      }
    },
    {
      "from": [
        3,
        0,
        14
      ],
      "to": [
        13,
        12,
        16
      ],
      "faces": {
        "north": {
          "uv": [
            2.5,
            8.25,
            5,
            11.25
          ],
          "texture": "#0"
        },
        "east": {
          "uv": [
            6.5,
            11.25,
            7,
            14.25
          ],
          "texture": "#0"
        },
        "south": {
          "uv": [
            5,
            8.25,
            7.5,
            11.25
          ],
          "texture": "#0"
        },
        "west": {
          "uv": [
            11.25,
            6.5,
            11.75,
            9.5
          ],
          "texture": "#0"
        },
        "up": {
          "uv": [
            13.75,
            11,
            11.25,
            10.5
          ],
          "texture": "#0"
        },
        "down": {
          "uv": [
            13.75,
            11,
            11.25,
            11.5
          ],
          "texture": "#0"
        }
      }
    },
    {
      "from": [
        13,
        0,
        0
      ],
      "to": [
        16,
        12,
        16
      ],
      "faces": {
        "north": {
          "uv": [
            0,
            11.25,
            0.75,
            14.25
          ],
          "texture": "#0"
        },
        "east": {
          "uv": [
            4,
            0,
            8,
            3
          ],
          "texture": "#0"
        },
        "south": {
          "uv": [
            0.75,
            11.25,
            1.5,
            14.25
          ],
          "texture": "#0"
        },
        "west": {
          "uv": [
            4,
            3,
            8,
            6
          ],
          "texture": "#0"
        },
        "up": {
          "uv": [
            8.25,
            15,
            7.5,
            11
          ],
          "texture": "#0"
        },
        "down": {
          "uv": [
            9,
            11,
            8.25,
            15
          ],
          "texture": "#0"
        }
      }
    },
    {
      "from": [
        0,
        12,
        7
      ],
      "to": [
        16,
        14,
        16
      ],
      "rotation": {
        "angle": 0,
        "axis": "y",
        "origin": [
          0,
          12,
          14
        ]
      },
      "faces": {
        "north": {
          "uv": [
            1.5,
            11.25,
            5.5,
            11.75
          ],
          "texture": "#0"
        },
        "east": {
          "uv": [
            11.25,
            11.5,
            13.5,
            12
          ],
          "texture": "#0"
        },
        "south": {
          "uv": [
            11.25,
            6,
            15.25,
            6.5
          ],
          "texture": "#0"
        },
        "west": {
          "uv": [
            1.5,
            11.75,
            3.75,
            12.25
          ],
          "texture": "#0"
        },
        "up": {
          "uv": [
            4,
            8.25,
            0,
            6
          ],
          "texture": "#0"
        },
        "down": {
          "uv": [
            8,
            6,
            4,
            8.25
          ],
          "texture": "#0"
        }
      }
    },
    {
      "from": [
        7,
        8,
        0
      ],
      "to": [
        9,
        10,
        2
      ],
      "rotation": {
        "angle": -37.5,
        "axis": "x",
        "origin": [
          7,
          8,
          0
        ]
      },
      "faces": {
        "north": {
          "uv": [
            12.75,
            12,
            13.25,
            12.5
          ],
          "texture": "#0"
        },
        "east": {
          "uv": [
            12.75,
            12.5,
            13.25,
            13
          ],
          "texture": "#0"
        },
        "south": {
          "uv": [
            1.5,
            13,
            2,
            13.5
          ],
          "texture": "#0"
        },
        "west": {
          "uv": [
            2,
            13,
            2.5,
            13.5
          ],
          "texture": "#0"
        },
        "up": {
          "uv": [
            13.5,
            2.5,
            13,
            2
          ],
          "texture": "#0"
        },
        "down": {
          "uv": [
            3,
            13,
            2.5,
            13.5
          ],
          "texture": "#0"
        }
      }
    },
    {
      "from": [
        7,
        6.6,
        -0.3
      ],
      "to": [
        9,
        9.6,
        0.8
      ],
      "rotation": {
        "angle": 0,
        "axis": "x",
        "origin": [
          7,
          7.6,
          -1.2
        ]
      },
      "faces": {
        "north": {
          "uv": [
            7.5,
            8.25,
            8,
            9
          ],
          "texture": "#0"
        },
        "east": {
          "uv": [
            3,
            13,
            3.25,
            13.75
          ],
          "texture": "#0"
        },
        "south": {
          "uv": [
            3,
            12.25,
            3.5,
            13
          ],
          "texture": "#0"
        },
        "west": {
          "uv": [
            13,
            3,
            13.25,
            3.75
          ],
          "texture": "#0"
        },
        "up": {
          "uv": [
            5.5,
            13.5,
            5,
            13.25
          ],
          "texture": "#0"
        },
        "down": {
          "uv": [
            13.75,
            5.75,
            13.25,
            6
          ],
          "texture": "#0"
        }
      }
    },
    {
      "from": [
        6.6,
        6.5,
        -1.4
      ],
      "to": [
        7.6,
        9.6,
        -0.4
      ],
      "rotation": {
        "angle": 0,
        "axis": "y",
        "origin": [
          7,
          7.6,
          -2
        ]
      },
      "faces": {
        "north": {
          "uv": [
            3.25,
            13,
            3.5,
            13.75
          ],
          "texture": "#0"
        },
        "east": {
          "uv": [
            13,
            3.75,
            13.25,
            4.5
          ],
          "texture": "#0"
        },
        "south": {
          "uv": [
            13,
            4.5,
            13.25,
            5.25
          ],
          "texture": "#0"
        },
        "west": {
          "uv": [
            13,
            5.25,
            13.25,
            6
          ],
          "texture": "#0"
        },
        "up": {
          "uv": [
            4.75,
            13.75,
            4.5,
            13.5
          ],
          "texture": "#0"
        },
        "down": {
          "uv": [
            5,
            13.5,
            4.75,
            13.75
          ],
          "texture": "#0"
        }
      }
    },
    {
      "from": [
        7.6,
        6.5,
        -1.4
      ],
      "to": [
        8.6,
        9.6,
        -1
      ],
      "rotation": {
        "angle": 0,
        "axis": "y",
        "origin": [
          7,
          7.6,
          -2
        ]
      },
      "faces": {
        "north": {
          "uv": [
            13,
            6.5,
            13.25,
            7.25
          ],
          "texture": "#0"
        },
        "east": {
          "uv": [
            13,
            7.25,
            13.25,
            8
          ],
          "texture": "#0"
        },
        "south": {
          "uv": [
            13,
            8,
            13.25,
            8.75
          ],
          "texture": "#0"
        },
        "west": {
          "uv": [
            13,
            8.75,
            13.25,
            9.5
          ],
          "texture": "#0"
        },
        "up": {
          "uv": [
            5.25,
            13.75,
            5,
            13.5
          ],
          "texture": "#0"
        },
        "down": {
          "uv": [
            5.5,
            13.5,
            5.25,
            13.75
          ],
          "texture": "#0"
        }
      }
    },
    {
      "from": [
        8.6,
        6.5,
        -1.4
      ],
      "to": [
        9.4,
        9.6,
        -0.4
      ],
      "rotation": {
        "angle": 0,
        "axis": "y",
        "origin": [
          7,
          7.6,
          -2
        ]
      },
      "faces": {
        "north": {
          "uv": [
            12.75,
            13,
            13,
            13.75
          ],
          "texture": "#0"
        },
        "east": {
          "uv": [
            13,
            13,
            13.25,
            13.75
          ],
          "texture": "#0"
        },
        "south": {
          "uv": [
            13.25,
            3,
            13.5,
            3.75
          ],
          "texture": "#0"
        },
        "west": {
          "uv": [
            3.75,
            13.25,
            4,
            14
          ],
          "texture": "#0"
        },
        "up": {
          "uv": [
            13.75,
            6.75,
            13.5,
            6.5
          ],
          "texture": "#0"
        },
        "down": {
          "uv": [
            13.75,
            6.75,
            13.5,
            7
          ],
          "texture": "#0"
        }
      }
    },
    {
      "from": [
        6.6,
        6.5,
        -0.4
      ],
      "to": [
        9.4,
        9.6,
        0
      ],
      "rotation": {
        "angle": 0,
        "axis": "y",
        "origin": [
          7,
          7.6,
          -2
        ]
      },
      "faces": {
        "north": {
          "uv": [
            1.5,
            12.25,
            2.25,
            13
          ],
          "texture": "#0"
        },
        "east": {
          "uv": [
            13.25,
            3.75,
            13.5,
            4.5
          ],
          "texture": "#0"
        },
        "south": {
          "uv": [
            2.25,
            12.25,
            3,
            13
          ],
          "texture": "#0"
        },
        "west": {
          "uv": [
            4,
            13.25,
            4.25,
            14
          ],
          "texture": "#0"
        },
        "up": {
          "uv": [
            5,
            13.5,
            4.25,
            13.25
          ],
          "texture": "#0"
        },
        "down": {
          "uv": [
            14,
            4.5,
            13.25,
            4.75
          ],
          "texture": "#0"
        }
      }
    },
    {
      "from": [
        6,
        1,
        -2.5
      ],
      "to": [
        10,
        2,
        0.5
      ],
      "rotation": {
        "angle": 0,
        "axis": "y",
        "origin": [
          7,
          1,
          -1.5
        ]
      },
      "faces": {
        "north": {
          "uv": [
            13,
            2.5,
            14,
            2.75
          ],
          "texture": "#0"
        },
        "east": {
          "uv": [
            13.25,
            4.75,
            14,
            5
          ],
          "texture": "#0"
        },
        "south": {
          "uv": [
            13,
            2.75,
            14,
            3
          ],
          "texture": "#0"
        },
        "west": {
          "uv": [
            13.25,
            5,
            14,
            5.25
          ],
          "texture": "#0"
        },
        "up": {
          "uv": [
            12.75,
            7.25,
            11.75,
            6.5
          ],
          "texture": "#0"
        },
        "down": {
          "uv": [
            12.75,
            7.25,
            11.75,
            8
          ],
          "texture": "#0"
        }
      }
    },
    {
      "from": [
        2,
        14,
        12
      ],
      "to": [
        5,
        20,
        13
      ],
      "rotation": {
        "angle": 42.5,
        "axis": "y",
        "origin": [
          2,
          14,
          13
        ],
        "rescale": true
      },
      "faces": {
        "north": {
          "uv": [
            3.75,
            11.75,
            4.5,
            13.25
          ],
          "texture": "#0"
        },
        "east": {
          "uv": [
            5.25,
            11.75,
            5.5,
            13.25
          ],
          "texture": "#0"
        },
        "south": {
          "uv": [
            4.5,
            11.75,
            5.25,
            13.25
          ],
          "texture": "#0"
        },
        "west": {
          "uv": [
            3.5,
            12.25,
            3.75,
            13.75
          ],
          "texture": "#0"
        },
        "up": {
          "uv": [
            14,
            5.5,
            13.25,
            5.25
          ],
          "texture": "#0"
        },
        "down": {
          "uv": [
            14,
            5.5,
            13.25,
            5.75
          ],
          "texture": "#0"
        }
      }
    },
    {
      "from": [
        2,
        14,
        13
      ],
      "to": [
        3,
        20,
        15
      ],
      "rotation": {
        "angle": 42.5,
        "axis": "y",
        "origin": [
          2,
          14,
          13
        ],
        "rescale": true
      },
      "faces": {
        "north": {
          "uv": [
            12.25,
            8,
            12.5,
            9.5
          ],
          "texture": "#0"
        },
        "east": {
          "uv": [
            7,
            11.25,
            7.5,
            12.75
          ],
          "texture": "#0"
        },
        "south": {
          "uv": [
            12.25,
            12,
            12.5,
            13.5
          ],
          "texture": "#0"
        },
        "west": {
          "uv": [
            11.75,
            8,
            12.25,
            9.5
          ],
          "texture": "#0"
        },
        "up": {
          "uv": [
            13.5,
            7,
            13.25,
            6.5
          ],
          "texture": "#0"
        },
        "down": {
          "uv": [
            13.5,
            7,
            13.25,
            7.5
          ],
          "texture": "#0"
        }
      }
    },
    {
      "from": [
        3,
        14,
        14
      ],
      "to": [
        4,
        20,
        15
      ],
      "rotation": {
        "angle": 42.5,
        "axis": "y",
        "origin": [
          2,
          14,
          13
        ],
        "rescale": true
      },
      "faces": {
        "north": {
          "uv": [
            12.5,
            8,
            12.75,
            9.5
          ],
          "texture": "#0"
        },
        "east": {
          "uv": [
            12.5,
            12,
            12.75,
            13.5
          ],
          "texture": "#0"
        },
        "south": {
          "uv": [
            12.75,
            6.5,
            13,
            8
          ],
          "texture": "#0"
        },
        "west": {
          "uv": [
            7,
            12.75,
            7.25,
            14.25
          ],
          "texture": "#0"
        },
        "up": {
          "uv": [
            13.75,
            7.25,
            13.5,
            7
          ],
          "texture": "#0"
        },
        "down": {
          "uv": [
            13.75,
            7.25,
            13.5,
            7.5
          ],
          "texture": "#0"
        }
      }
    },
    {
      "from": [
        4,
        14,
        13
      ],
      "to": [
        5,
        20,
        15
      ],
      "rotation": {
        "angle": 42.5,
        "axis": "y",
        "origin": [
          2,
          14,
          13
        ],
        "rescale": true
      },
      "faces": {
        "north": {
          "uv": [
            7.25,
            12.75,
            7.5,
            14.25
          ],
          "texture": "#0"
        },
        "east": {
          "uv": [
            11.25,
            12,
            11.75,
            13.5
          ],
          "texture": "#0"
        },
        "south": {
          "uv": [
            12.75,
            8,
            13,
            9.5
          ],
          "texture": "#0"
        },
        "west": {
          "uv": [
            11.75,
            12,
            12.25,
            13.5
          ],
          "texture": "#0"
        },
        "up": {
          "uv": [
            13.5,
            8,
            13.25,
            7.5
          ],
          "texture": "#0"
        },
        "down": {
          "uv": [
            13.5,
            8,
            13.25,
            8.5
          ],
          "texture": "#0"
        }
      }
    },
    {
      "from": [
        3.5,
        10,
        -1
      ],
      "to": [
        5.5,
        11,
        0
      ],
      "rotation": {
        "angle": 0,
        "axis": "y",
        "origin": [
          3.5,
          9,
          -2
        ]
      },
      "faces": {
        "north": {
          "uv": [
            13.25,
            8.5,
            13.75,
            8.75
          ],
          "texture": "#0"
        },
        "east": {
          "uv": [
            13.5,
            7.5,
            13.75,
            7.75
          ],
          "texture": "#0"
        },
        "south": {
          "uv": [
            13.25,
            8.75,
            13.75,
            9
          ],
          "texture": "#0"
        },
        "west": {
          "uv": [
            13.5,
            7.75,
            13.75,
            8
          ],
          "texture": "#0"
        },
        "up": {
          "uv": [
            13.75,
            9.25,
            13.25,
            9
          ],
          "texture": "#0"
        },
        "down": {
          "uv": [
            13.75,
            9.25,
            13.25,
            9.5
          ],
          "texture": "#0"
        }
      }
    },
    {
      "from": [
        0.9,
        10,
        -1
      ],
      "to": [
        2.5,
        11,
        0
      ],
      "rotation": {
        "angle": 0,
        "axis": "y",
        "origin": [
          0.5,
          9,
          -2
        ]
      },
      "faces": {
        "north": {
          "uv": [
            13.25,
            12,
            13.75,
            12.25
          ],
          "texture": "#0"
        },
        "east": {
          "uv": [
            13.5,
            8,
            13.75,
            8.25
          ],
          "texture": "#0"
        },
        "south": {
          "uv": [
            13.25,
            12.25,
            13.75,
            12.5
          ],
          "texture": "#0"
        },
        "west": {
          "uv": [
            13.5,
            8.25,
            13.75,
            8.5
          ],
          "texture": "#0"
        },
        "up": {
          "uv": [
            13.75,
            12.75,
            13.25,
            12.5
          ],
          "texture": "#0"
        },
        "down": {
          "uv": [
            13.75,
            12.75,
            13.25,
            13
          ],
          "texture": "#0"
        }
      }
    },
    {
      "from": [
        8.2,
        4,
        -0.2
      ],
      "to": [
        9.2,
        6,
        0
      ],
      "rotation": {
        "angle": 0,
        "axis": "y",
        "origin": [
          7.2,
          4,
          -2
        ]
      },
      "faces": {
        "north": {
          "uv": [
            13.25,
            13,
            13.5,
            13.5
          ],
          "texture": "#0"
        },
        "east": {
          "uv": [
            13.5,
            0,
            13.75,
            0.5
          ],
          "texture": "#0"
        },
        "south": {
          "uv": [
            13.5,
            0.5,
            13.75,
            1
          ],
          "texture": "#0"
        },
        "west": {
          "uv": [
            13.5,
            1,
            13.75,
            1.5
          ],
          "texture": "#0"
        },
        "up": {
          "uv": [
            11.5,
            13.75,
            11.25,
            13.5
          ],
          "texture": "#0"
        },
        "down": {
          "uv": [
            11.75,
            13.5,
            11.5,
            13.75
          ],
          "texture": "#0"
        }
      }
    },
    {
      "from": [
        6.7,
        4,
        -0.2
      ],
      "to": [
        7.7,
        6,
        0
      ],
      "rotation": {
        "angle": 0,
        "axis": "y",
        "origin": [
          5.7,
          4,
          -2
        ]
      },
      "faces": {
        "north": {
          "uv": [
            1.5,
            13.5,
            1.75,
            14
          ],
          "texture": "#0"
        },
        "east": {
          "uv": [
            13.5,
            1.5,
            13.75,
            2
          ],
          "texture": "#0"
        },
        "south": {
          "uv": [
            1.75,
            13.5,
            2,
            14
          ],
          "texture": "#0"
        },
        "west": {
          "uv": [
            2,
            13.5,
            2.25,
            14
          ],
          "texture": "#0"
        },
        "up": {
          "uv": [
            13.75,
            11.75,
            13.5,
            11.5
          ],
          "texture": "#0"
        },
        "down": {
          "uv": [
            12,
            13.5,
            11.75,
            13.75
          ],
          "texture": "#0"
        }
      }
    },
    {
      "from": [
        6.7,
        1.6,
        -0.2
      ],
      "to": [
        7.7,
        3.6,
        0
      ],
      "rotation": {
        "angle": 0,
        "axis": "y",
        "origin": [
          5.7,
          1.6,
          -2
        ]
      },
      "faces": {
        "north": {
          "uv": [
            13.5,
            2,
            13.75,
            2.5
          ],
          "texture": "#0"
        },
        "east": {
          "uv": [
            2.25,
            13.5,
            2.5,
            14
          ],
          "texture": "#0"
        },
        "south": {
          "uv": [
            2.5,
            13.5,
            2.75,
            14
          ],
          "texture": "#0"
        },
        "west": {
          "uv": [
            2.75,
            13.5,
            3,
            14
          ],
          "texture": "#0"
        },
        "up": {
          "uv": [
            13.75,
            12,
            13.5,
            11.75
          ],
          "texture": "#0"
        },
        "down": {
          "uv": [
            12.25,
            13.5,
            12,
            13.75
          ],
          "texture": "#0"
        }
      }
    },
    {
      "from": [
        8.2,
        1.6,
        -0.2
      ],
      "to": [
        9.2,
        3.6,
        0
      ],
      "rotation": {
        "angle": 0,
        "axis": "y",
        "origin": [
          7.2,
          1.6,
          -2
        ]
      },
      "faces": {
        "north": {
          "uv": [
            13.5,
            3,
            13.75,
            3.5
          ],
          "texture": "#0"
        },
        "east": {
          "uv": [
            13.5,
            3.5,
            13.75,
            4
          ],
          "texture": "#0"
        },
        "south": {
          "uv": [
            13.5,
            4,
            13.75,
            4.5
          ],
          "texture": "#0"
        },
        "west": {
          "uv": [
            4.25,
            13.5,
            4.5,
            14
          ],
          "texture": "#0"
        },
        "up": {
          "uv": [
            12.5,
            13.75,
            12.25,
            13.5
          ],
          "texture": "#0"
        },
        "down": {
          "uv": [
            12.75,
            13.5,
            12.5,
            13.75
          ],
          "texture": "#0"
        }
      }
    }
  ],
  "display": {
    "thirdperson_righthand": {
      "rotation": [
        70,
        0,
        0
      ],
      "translation": [
        0,
        1.5,
        0
      ],
      "scale": [
        0.3,
        0.3,
        0.3
      ]
    },
    "thirdperson_lefthand": {
      "rotation": [
        70,
        0,
        0
      ],
      "translation": [
        0,
        1.5,
        0
      ],
      "scale": [
        0.3,
        0.3,
        0.3
      ]
    },
    "firstperson_righthand": {
      "rotation": [
        157.57,
        67.2,
        -159.15
      ],
      "translation": [
        0,
        1.5,
        0
      ],
      "scale": [
        0.3,
        0.3,
        0.3
      ]
    },
    "firstperson_lefthand": {
      "rotation": [
        157.57,
        67.2,
        -159.15
      ],
      "translation": [
        0,
        1.5,
        0
      ],
      "scale": [
        0.3,
        0.3,
        0.3
      ]
    },
    "ground": {
      "translation": [
        0,
        5,
        0
      ]
    },
    "gui": {
      "rotation": [
        -155.25,
        31,
        180
      ],
      "scale": [
        0.7,
        0.7,
        0.7
      ]
    },
    "head": {
      "translation": [
        0,
        5.75,
        0
      ]
    },
    "fixed": {
      "rotation": [
        -1.25,
        0,
        0
      ],
      "translation": [
        0,
        0,
        -3.5
      ]
    }
  },
  "groups": [
    {
      "name": "mixer",
      "origin": [
        0,
        0,
        0
      ],
      "color": 0,
      "children": [
        0,
        1,
        2,
        3,
        4,
        5,
        6,
        7,
        8,
        9,
        10,
        11,
        12,
        13,
        14,
        15,
        16,
        17,
        18,
        19,
        20,
        21,
        22
      ]
    }
  ]
}