{
  "format_version": "1.9.0",
  "credit": "Made with Blockbench",
  "texture_size": [
    64,
    64
  ],
  "elements": [
    {
      "from": [
        1,
        1,
        1
      ],
      "to": [
        3,
        13,
        15
      ],
      "rotation": {
        "angle": 0,
        "axis": "y",
        "origin": [
          1,
          1,
          1
        ]
      },
      "faces": {
        "north": {
          "uv": [
            7,
            9,
            7.5,
            12
          ],
          "texture": "#0"
        },
        "east": {
          "uv": [
            0,
            0,
            3.5,
            3
          ],
          "texture": "#0"
        },
        "south": {
          "uv": [
            9,
            8,
            9.5,
            11
          ],
          "texture": "#0"
        },
        "west": {
          "uv": [
            0,
            3,
            3.5,
            6
          ],
          "texture": "#0"
        },
        "up": {
          "uv": [
            5.5,
            12.5,
            5,
            9
          ],
          "texture": "#0"
        },
        "down": {
          "uv": [
            6,
            9,
            5.5,
            12.5
          ],
          "texture": "#0"
        }
      }
    },
    {
      "from": [
        3,
        1,
        1
      ],
      "to": [
        13,
        13,
        4
      ],
      "rotation": {
        "angle": 0,
        "axis": "y",
        "origin": [
          1,
          1,
          1
        ]
      },
      "faces": {
        "north": {
          "uv": [
            0,
            6,
            2.5,
            9
          ],
          "texture": "#0"
        },
        "east": {
          "uv": [
            7.5,
            8,
            8.25,
            11
          ],
          "texture": "#0"
        },
        "south": {
          "uv": [
            2.5,
            6,
            5,
            9
          ],
          "texture": "#0"
        },
        "west": {
          "uv": [
            8.25,
            8,
            9,
            11
          ],
          "texture": "#0"
        },
        "up": {
          "uv": [
            2.5,
            9.75,
            0,
            9
          ],
          "texture": "#0"
        },
        "down": {
          "uv": [
            5,
            9,
            2.5,
            9.75
          ],
          "texture": "#0"
        }
      }
    },
    {
      "from": [
        3,
        1,
        4
      ],
      "to": [
        13,
        2,
        14
      ],
      "rotation": {
        "angle": 0,
        "axis": "y",
        "origin": [
          1,
          1,
          1
        ]
      },
      "faces": {
        "north": {
          "uv": [
            9.5,
            3,
            12,
            3.25
          ],
          "texture": "#0"
        },
        "east": {
          "uv": [
            9.5,
            3.25,
            12,
            3.5
          ],
          "texture": "#0"
        },
        "south": {
          "uv": [
            9.5,
            3.5,
            12,
            3.75
          ],
          "texture": "#0"
        },
        "west": {
          "uv": [
            9.5,
            3.75,
            12,
            4
          ],
          "texture": "#0"
        },
        "up": {
          "uv": [
            9.5,
            5.5,
            7,
            3
          ],
          "texture": "#0"
        },
        "down": {
          "uv": [
            10,
            5.5,
            7.5,
            8
          ],
          "texture": "#0"
        }
      }
    },
    {
      "from": [
        3,
        1,
        14
      ],
      "to": [
        13,
        13,
        15
      ],
      "rotation": {
        "angle": 0,
        "axis": "y",
        "origin": [
          1,
          1,
          1
        ]
      },
      "faces": {
        "north": {
          "uv": [
            5,
            6,
            7.5,
            9
          ],
          "texture": "#0"
        },
        "east": {
          "uv": [
            0,
            9.75,
            0.25,
            12.75
          ],
          "texture": "#0"
        },
        "south": {
          "uv": [
            7,
            0,
            9.5,
            3
          ],
          "texture": "#0"
        },
        "west": {
          "uv": [
            0.25,
            9.75,
            0.5,
            12.75
          ],
          "texture": "#0"
        },
        "up": {
          "uv": [
            12,
            4.25,
            9.5,
            4
          ],
          "texture": "#0"
        },
        "down": {
          "uv": [
            12,
            4.25,
            9.5,
            4.5
          ],
          "texture": "#0"
        }
      }
    },
    {
      "from": [
        13,
        1,
        1
      ],
      "to": [
        15,
        13,
        15
      ],
      "rotation": {
        "angle": 0,
        "axis": "y",
        "origin": [
          1,
          1,
          1
        ]
      },
      "faces": {
        "north": {
          "uv": [
            9.5,
            0,
            10,
            3
          ],
          "texture": "#0"
        },
        "east": {
          "uv": [
            3.5,
            0,
            7,
            3
          ],
          "texture": "#0"
        },
        "south": {
          "uv": [
            9.5,
            8,
            10,
            11
          ],
          "texture": "#0"
        },
        "west": {
          "uv": [
            3.5,
            3,
            7,
            6
          ],
          "texture": "#0"
        },
        "up": {
          "uv": [
            6.5,
            12.5,
            6,
            9
          ],
          "texture": "#0"
        },
        "down": {
          "uv": [
            7,
            9,
            6.5,
            12.5
          ],
          "texture": "#0"
        }
      }
    },
    {
      "from": [
        1,
        0,
        2
      ],
      "to": [
        2,
        1,
        4
      ],
      "rotation": {
        "angle": 0,
        "axis": "y",
        "origin": [
          1,
          0,
          2
        ]
      },
      "faces": {
        "north": {
          "uv": [
            4.75,
            9.75,
            5,
            10
          ],
          "texture": "#0"
        },
        "east": {
          "uv": [
            7,
            5.5,
            7.5,
            5.75
          ],
          "texture": "#0"
        },
        "south": {
          "uv": [
            9.75,
            5,
            10,
            5.25
          ],
          "texture": "#0"
        },
        "west": {
          "uv": [
            7,
            5.75,
            7.5,
            6
          ],
          "texture": "#0"
        },
        "up": {
          "uv": [
            9.75,
            5,
            9.5,
            4.5
          ],
          "texture": "#0"
        },
        "down": {
          "uv": [
            9.75,
            5,
            9.5,
            5.5
          ],
          "texture": "#0"
        }
      }
    },
    {
      "from": [
        1,
        0,
        13
      ],
      "to": [
        2,
        1,
        15
      ],
      "rotation": {
        "angle": 0,
        "axis": "y",
        "origin": [
          1,
          0,
          13
        ]
      },
      "faces": {
        "north": {
          "uv": [
            9.75,
            5.25,
            10,
            5.5
          ],
          "texture": "#0"
        },
        "east": {
          "uv": [
            0.5,
            9.75,
            1,
            10
          ],
          "texture": "#0"
        },
        "south": {
          "uv": [
            10,
            0,
            10.25,
            0.25
          ],
          "texture": "#0"
        },
        "west": {
          "uv": [
            1,
            9.75,
            1.5,
            10
          ],
          "texture": "#0"
        },
        "up": {
          "uv": [
            1.75,
            10.25,
            1.5,
            9.75
          ],
          "texture": "#0"
        },
        "down": {
          "uv": [
            2,
            9.75,
            1.75,
            10.25
          ],
          "texture": "#0"
        }
      }
    },
    {
      "from": [
        14,
        0,
        13
      ],
      "to": [
        15,
        1,
        15
      ],
      "rotation": {
        "angle": 0,
        "axis": "y",
        "origin": [
          14,
          0,
          13
        ]
      },
      "faces": {
        "north": {
          "uv": [
            10,
            0.25,
            10.25,
            0.5
          ],
          "texture": "#0"
        },
        "east": {
          "uv": [
            2,
            9.75,
            2.5,
            10
          ],
          "texture": "#0"
        },
        "south": {
          "uv": [
            0.5,
            10,
            0.75,
            10.25
          ],
          "texture": "#0"
        },
        "west": {
          "uv": [
            2.5,
            9.75,
            3,
            10
          ],
          "texture": "#0"
        },
        "up": {
          "uv": [
            3.25,
            10.25,
            3,
            9.75
          ],
          "texture": "#0"
        },
        "down": {
          "uv": [
            3.5,
            9.75,
            3.25,
            10.25
          ],
          "texture": "#0"
        }
      }
    },
    {
      "from": [
        14,
        0,
        2
      ],
      "to": [
        15,
        1,
        4
      ],
      "rotation": {
        "angle": 0,
        "axis": "y",
        "origin": [
          14,
          0,
          2
        ]
      },
      "faces": {
        "north": {
          "uv": [
            10,
            0.5,
            10.25,
            0.75
          ],
          "texture": "#0"
        },
        "east": {
          "uv": [
            3.5,
            9.75,
            4,
            10
          ],
          "texture": "#0"
        },
        "south": {
          "uv": [
            0.75,
            10,
            1,
            10.25
          ],
          "texture": "#0"
        },
        "west": {
          "uv": [
            4,
            9.75,
            4.5,
            10
          ],
          "texture": "#0"
        },
        "up": {
          "uv": [
            4.75,
            10.25,
            4.5,
            9.75
          ],
          "texture": "#0"
        },
        "down": {
          "uv": [
            10,
            4.5,
            9.75,
            5
          ],
          "texture": "#0"
        }
      }
    },
    {
      "from": [
        2,
        11,
        15
      ],
      "to": [
        14,
        12,
        16
      ],
      "rotation": {
        "angle": 0,
        "axis": "y",
        "origin": [
          2,
          10,
          14
        ]
      },
      "faces": {
        "north": {
          "uv": [
            13,
            15.75,
            16,
            16
          ],
          "texture": "#0"
        },
        "east": {
          "uv": [
            13,
            15.75,
            13.25,
            16
          ],
          "texture": "#0"
        },
        "south": {
          "uv": [
            13,
            15.75,
            16,
            16
          ],
          "texture": "#0"
        },
        "west": {
          "uv": [
            13,
            15.75,
            13.25,
            16
          ],
          "texture": "#0"
        },
        "up": {
          "uv": [
            13,
            15.75,
            16,
            16
          ],
          "texture": "#0"
        },
        "down": {
          "uv": [
            13,
            15.75,
            16,
            16
          ],
          "texture": "#0"
        }
      }
    },
    {
      "from": [
        3,
        12,
        4
      ],
      "to": [
        13,
        12,
        14
      ],
      "rotation": {
        "angle": 0,
        "axis": "y",
        "origin": [
          7,
          10,
          8
        ]
      },
      "faces": {
        "north": {
          "uv": [
            0,
            0,
            2.5,
            0
          ],
          "texture": "#1"
        },
        "east": {
          "uv": [
            0,
            0,
            2.5,
            0
          ],
          "texture": "#1"
        },
        "south": {
          "uv": [
            0,
            0,
            2.5,
            0
          ],
          "texture": "#1"
        },
        "west": {
          "uv": [
            0,
            0,
            2.5,
            0
          ],
          "texture": "#1"
        },
        "up": {
          "uv": [
            0,
            0,
            2.5,
            2.5
          ],
          "texture": "#1"
        },
        "down": {
          "uv": [
            0,
            0,
            2.5,
            2.5
          ],
          "texture": "#1"
        }
      }
    },
    {
      "from": [
        5,
        9,
        5
      ],
      "to": [
        11,
        9,
        13
      ],
      "rotation": {
        "angle": 0,
        "axis": "y",
        "origin": [
          7,
          8,
          10
        ]
      },
      "faces": {
        "north": {
          "uv": [
            0,
            11.5,
            3,
            12
          ],
          "texture": "#2"
        },
        "east": {
          "uv": [
            0,
            11,
            4,
            11.5
          ],
          "texture": "#2"
        },
        "south": {
          "uv": [
            11.5,
            6,
            14.5,
            6.5
          ],
          "texture": "#2"
        },
        "west": {
          "uv": [
            10,
            11,
            14,
            11.5
          ],
          "texture": "#2"
        },
        "up": {
          "uv": [
            3,
            4,
            0,
            0
          ],
          "texture": "#2"
        },
        "down": {
          "uv": [
            6,
            0,
            3,
            4
          ],
          "texture": "#2"
        }
      }
    },
    {
      "from": [
        5,
        9,
        5
      ],
      "to": [
        11,
        14.5,
        5
      ],
      "rotation": {
        "angle": 0,
        "axis": "y",
        "origin": [
          7,
          11,
          9
        ]
      },
      "faces": {
        "north": {
          "uv": [
            4,
            9,
            7,
            12
          ],
          "texture": "#2"
        },
        "east": {
          "uv": [
            0,
            0,
            0,
            3
          ],
          "texture": "#2"
        },
        "south": {
          "uv": [
            7,
            9,
            10,
            12
          ],
          "texture": "#2"
        },
        "west": {
          "uv": [
            0,
            0,
            0,
            3
          ],
          "texture": "#2"
        },
        "up": {
          "uv": [
            3,
            0,
            0,
            0
          ],
          "texture": "#2"
        },
        "down": {
          "uv": [
            3,
            0,
            0,
            0
          ],
          "texture": "#2"
        }
      }
    },
    {
      "from": [
        5,
        9,
        13
      ],
      "to": [
        11,
        14.5,
        13
      ],
      "rotation": {
        "angle": 0,
        "axis": "y",
        "origin": [
          7,
          11,
          18
        ]
      },
      "faces": {
        "north": {
          "uv": [
            10,
            0,
            13,
            3
          ],
          "texture": "#2"
        },
        "east": {
          "uv": [
            0,
            0,
            0,
            3
          ],
          "texture": "#2"
        },
        "south": {
          "uv": [
            10,
            3,
            13,
            6
          ],
          "texture": "#2"
        },
        "west": {
          "uv": [
            0,
            0,
            0,
            3
          ],
          "texture": "#2"
        },
        "up": {
          "uv": [
            3,
            0,
            0,
            0
          ],
          "texture": "#2"
        },
        "down": {
          "uv": [
            3,
            0,
            0,
            0
          ],
          "texture": "#2"
        }
      }
    },
    {
      "from": [
        11,
        9,
        5
      ],
      "to": [
        11,
        14.5,
        13
      ],
      "rotation": {
        "angle": 0,
        "axis": "y",
        "origin": [
          16,
          11,
          10
        ]
      },
      "faces": {
        "north": {
          "uv": [
            0,
            0,
            0,
            3
          ],
          "texture": "#2"
        },
        "east": {
          "uv": [
            6,
            0,
            10,
            3
          ],
          "texture": "#2"
        },
        "south": {
          "uv": [
            0,
            0,
            0,
            3
          ],
          "texture": "#2"
        },
        "west": {
          "uv": [
            6,
            3,
            10,
            6
          ],
          "texture": "#2"
        },
        "up": {
          "uv": [
            0,
            4,
            0,
            0
          ],
          "texture": "#2"
        },
        "down": {
          "uv": [
            0,
            0,
            0,
            4
          ],
          "texture": "#2"
        }
      }
    },
    {
      "from": [
        5,
        9,
        5
      ],
      "to": [
        5,
        14.5,
        13
      ],
      "rotation": {
        "angle": 0,
        "axis": "y",
        "origin": [
          9,
          11,
          10
        ]
      },
      "faces": {
        "north": {
          "uv": [
            0,
            0,
            0,
            3
          ],
          "texture": "#2"
        },
        "east": {
          "uv": [
            6,
            6,
            10,
            9
          ],
          "texture": "#2"
        },
        "south": {
          "uv": [
            0,
            0,
            0,
            3
          ],
          "texture": "#2"
        },
        "west": {
          "uv": [
            0,
            8,
            4,
            11
          ],
          "texture": "#2"
        },
        "up": {
          "uv": [
            0,
            4,
            0,
            0
          ],
          "texture": "#2"
        },
        "down": {
          "uv": [
            0,
            0,
            0,
            4
          ],
          "texture": "#2"
        }
      }
    },
    {
      "from": [
        6.5,
        13,
        12.9
      ],
      "to": [
        9.5,
        14,
        18
      ],
      "rotation": {
        "angle": 0,
        "axis": "y",
        "origin": [
          7,
          12,
          13
        ]
      },
      "faces": {
        "north": {
          "uv": [
            4,
            8,
            5.5,
            8.5
          ],
          "texture": "#2"
        },
        "east": {
          "uv": [
            11.5,
            6.5,
            14,
            7
          ],
          "texture": "#2"
        },
        "south": {
          "uv": [
            4,
            8.5,
            5.5,
            9
          ],
          "texture": "#2"
        },
        "west": {
          "uv": [
            11.5,
            7,
            14,
            7.5
          ],
          "texture": "#2"
        },
        "up": {
          "uv": [
            11.5,
            8.5,
            10,
            6
          ],
          "texture": "#2"
        },
        "down": {
          "uv": [
            11.5,
            8.5,
            10,
            11
          ],
          "texture": "#2"
        }
      }
    }
  ],
  "display": {
    "thirdperson_righthand": {
      "rotation": [
        75,
        45,
        0
      ],
      "translation": [
        0,
        2.5,
        0
      ],
      "scale": [
        0.375,
        0.375,
        0.375
      ]
    },
    "thirdperson_lefthand": {
      "rotation": [
        75,
        45,
        0
      ],
      "translation": [
        0,
        2.5,
        0
      ],
      "scale": [
        0.375,
        0.375,
        0.375
      ]
    },
    "firstperson_righthand": {
      "rotation": [
        0,
        45,
        0
      ],
      "scale": [
        0.4,
        0.4,
        0.4
      ]
    },
    "firstperson_lefthand": {
      "rotation": [
        0,
        -135,
        0
      ],
      "scale": [
        0.4,
        0.4,
        0.4
      ]
    },
    "ground": {
      "translation": [
        0,
        2,
        0
      ],
      "scale": [
        0.5,
        0.5,
        0.5
      ]
    },
    "gui": {
      "rotation": [
        30,
        -135,
        0
      ],
      "scale": [
        0.625,
        0.625,
        0.625
      ]
    },
    "head": {
      "translation": [
        0,
        1.25,
        0.5
      ],
      "scale": [
        1,
        1.09766,
        1
      ]
    },
    "fixed": {
      "rotation": [
        0,
        -180,
        0
      ]
    }
  },
  "groups": [
    0,
    1,
    2,
    3,
    4,
    5,
    6,
    7,
    8,
    9,
    10,
    {
      "name": "FryingPan",
      "origin": [
        8,
        8,
        8
      ],
      "color": 0,
      "children": [
        11,
        12,
        13,
        14,
        15,
        16
      ]
    }
  ]
}