{
  "format_version": "1.9.0",
  "credit": "Made with Blockbench",
  "elements": [
    {
      "from": [
        7,
        0,
        7
      ],
      "to": [
        9,
        7,
        9
      ],
      "rotation": {
        "angle": 0,
        "axis": "y",
        "origin": [
          7,
          0,
          7
        ]
      },
      "faces": {
        "north": {
          "uv": [
            0,
            8,
            2,
            15
          ],
          "texture": "#0"
        },
        "east": {
          "uv": [
            8,
            0,
            10,
            7
          ],
          "texture": "#0"
        },
        "south": {
          "uv": [
            2,
            8,
            4,
            15
          ],
          "texture": "#0"
        },
        "west": {
          "uv": [
            4,
            8,
            6,
            15
          ],
          "texture": "#0"
        },
        "up": {
          "uv": [
            8,
            14,
            6,
            12
          ],
          "texture": "#0"
        },
        "down": {
          "uv": [
            10,
            12,
            8,
            14
          ],
          "texture": "#0"
        }
      }
    },
    {
      "from": [
        6,
        4,
        6
      ],
      "to": [
        10,
        6,
        10
      ],
      "rotation": {
        "angle": 0,
        "axis": "y",
        "origin": [
          7,
          4,
          7
        ]
      },
      "faces": {
        "north": {
          "uv": [
            6,
            8,
            10,
            10
          ],
          "texture": "#0"
        },
        "east": {
          "uv": [
            10,
            0,
            14,
            2
          ],
          "texture": "#0"
        },
        "south": {
          "uv": [
            10,
            2,
            14,
            4
          ],
          "texture": "#0"
        },
        "west": {
          "uv": [
            10,
            4,
            14,
            6
          ],
          "texture": "#0"
        },
        "up": {
          "uv": [
            4,
            4,
            0,
            0
          ],
          "texture": "#0"
        },
        "down": {
          "uv": [
            4,
            4,
            0,
            8
          ],
          "texture": "#0"
        }
      }
    },
    {
      "from": [
        6,
        7,
        6
      ],
      "to": [
        10,
        9,
        10
      ],
      "rotation": {
        "angle": 0,
        "axis": "y",
        "origin": [
          7,
          7,
          7
        ]
      },
      "faces": {
        "north": {
          "uv": [
            6,
            10,
            10,
            12
          ],
          "texture": "#0"
        },
        "east": {
          "uv": [
            10,
            6,
            14,
            8
          ],
          "texture": "#0"
        },
        "south": {
          "uv": [
            10,
            8,
            14,
            10
          ],
          "texture": "#0"
        },
        "west": {
          "uv": [
            10,
            10,
            14,
            12
          ],
          "texture": "#0"
        },
        "up": {
          "uv": [
            8,
            4,
            4,
            0
          ],
          "texture": "#0"
        },
        "down": {
          "uv": [
            8,
            4,
            4,
            8
          ],
          "texture": "#0"
        }
      }
    },
    {
      "from": [
        4.7,
        7.2,
        6.1
      ],
      "to": [
        6.7,
        8.2,
        7.2
      ],
      "rotation": {
        "angle": -22.5,
        "axis": "z",
        "origin": [
          6.7,
          5.2,
          5.1
        ]
      },
      "faces": {
        "north": {
          "uv": [
            6,
            10,
            10,
            12
          ],
          "rotation": 90,
          "texture": "#0"
        },
        "east": {
          "uv": [
            8,
            4,
            4,
            8
          ],
          "rotation": 270,
          "texture": "#0"
        },
        "south": {
          "uv": [
            10,
            8,
            14,
            10
          ],
          "rotation": 270,
          "texture": "#0"
        },
        "west": {
          "uv": [
            8,
            4,
            4,
            0
          ],
          "rotation": 270,
          "texture": "#0"
        },
        "up": {
          "uv": [
            10,
            6,
            14,
            8
          ],
          "rotation": 270,
          "texture": "#0"
        },
        "down": {
          "uv": [
            10,
            10,
            14,
            12
          ],
          "rotation": 270,
          "texture": "#0"
        }
      }
    },
    {
      "from": [
        7.2,
        7.4,
        6.1
      ],
      "to": [
        9.2,
        8.4,
        7.2
      ],
      "rotation": {
        "angle": -22.5,
        "axis": "z",
        "origin": [
          9.2,
          5.4,
          5.1
        ]
      },
      "faces": {
        "north": {
          "uv": [
            6,
            10,
            10,
            12
          ],
          "rotation": 90,
          "texture": "#0"
        },
        "east": {
          "uv": [
            8,
            4,
            4,
            8
          ],
          "rotation": 270,
          "texture": "#0"
        },
        "south": {
          "uv": [
            10,
            8,
            14,
            10
          ],
          "rotation": 270,
          "texture": "#0"
        },
        "west": {
          "uv": [
            8,
            4,
            4,
            0
          ],
          "rotation": 270,
          "texture": "#0"
        },
        "up": {
          "uv": [
            10,
            6,
            14,
            8
          ],
          "rotation": 270,
          "texture": "#0"
        },
        "down": {
          "uv": [
            10,
            10,
            14,
            12
          ],
          "rotation": 270,
          "texture": "#0"
        }
      }
    },
    {
      "from": [
        4.7,
        7.2,
        8.2
      ],
      "to": [
        6.7,
        8.2,
        9.9
      ],
      "rotation": {
        "angle": -22.5,
        "axis": "z",
        "origin": [
          6.7,
          5.2,
          6.9
        ]
      },
      "faces": {
        "north": {
          "uv": [
            6,
            10,
            10,
            12
          ],
          "rotation": 90,
          "texture": "#0"
        },
        "east": {
          "uv": [
            8,
            4,
            4,
            8
          ],
          "rotation": 270,
          "texture": "#0"
        },
        "south": {
          "uv": [
            10,
            8,
            14,
            10
          ],
          "rotation": 270,
          "texture": "#0"
        },
        "west": {
          "uv": [
            8,
            4,
            4,
            0
          ],
          "rotation": 270,
          "texture": "#0"
        },
        "up": {
          "uv": [
            10,
            6,
            14,
            8
          ],
          "rotation": 270,
          "texture": "#0"
        },
        "down": {
          "uv": [
            10,
            10,
            14,
            12
          ],
          "rotation": 270,
          "texture": "#0"
        }
      }
    },
    {
      "from": [
        7.2,
        7.4,
        8.2
      ],
      "to": [
        9.2,
        8.4,
        9.9
      ],
      "rotation": {
        "angle": -22.5,
        "axis": "z",
        "origin": [
          9.2,
          5.4,
          6.9
        ]
      },
      "faces": {
        "north": {
          "uv": [
            6,
            10,
            10,
            12
          ],
          "rotation": 90,
          "texture": "#0"
        },
        "east": {
          "uv": [
            8,
            4,
            4,
            8
          ],
          "rotation": 270,
          "texture": "#0"
        },
        "south": {
          "uv": [
            10,
            8,
            14,
            10
          ],
          "rotation": 270,
          "texture": "#0"
        },
        "west": {
          "uv": [
            8,
            4,
            4,
            0
          ],
          "rotation": 270,
          "texture": "#0"
        },
        "up": {
          "uv": [
            10,
            6,
            14,
            8
          ],
          "rotation": 270,
          "texture": "#0"
        },
        "down": {
          "uv": [
            10,
            10,
            14,
            12
          ],
          "rotation": 270,
          "texture": "#0"
        }
      }
    },
    {
      "from": [
        7.2,
        4.4,
        6.1
      ],
      "to": [
        9.2,
        5.4,
        7.2
      ],
      "rotation": {
        "angle": -22.5,
        "axis": "z",
        "origin": [
          9.2,
          2.4,
          5.1
        ]
      },
      "faces": {
        "north": {
          "uv": [
            6,
            10,
            10,
            12
          ],
          "rotation": 90,
          "texture": "#0"
        },
        "east": {
          "uv": [
            8,
            4,
            4,
            8
          ],
          "rotation": 270,
          "texture": "#0"
        },
        "south": {
          "uv": [
            10,
            8,
            14,
            10
          ],
          "rotation": 270,
          "texture": "#0"
        },
        "west": {
          "uv": [
            8,
            4,
            4,
            0
          ],
          "rotation": 270,
          "texture": "#0"
        },
        "up": {
          "uv": [
            10,
            6,
            14,
            8
          ],
          "rotation": 270,
          "texture": "#0"
        },
        "down": {
          "uv": [
            10,
            10,
            14,
            12
          ],
          "rotation": 270,
          "texture": "#0"
        }
      }
    },
    {
      "from": [
        4.7,
        4.2,
        6.1
      ],
      "to": [
        6.7,
        5.2,
        7.2
      ],
      "rotation": {
        "angle": -22.5,
        "axis": "z",
        "origin": [
          6.7,
          2.2,
          5.1
        ]
      },
      "faces": {
        "north": {
          "uv": [
            6,
            10,
            10,
            12
          ],
          "rotation": 90,
          "texture": "#0"
        },
        "east": {
          "uv": [
            8,
            4,
            4,
            8
          ],
          "rotation": 270,
          "texture": "#0"
        },
        "south": {
          "uv": [
            10,
            8,
            14,
            10
          ],
          "rotation": 270,
          "texture": "#0"
        },
        "west": {
          "uv": [
            8,
            4,
            4,
            0
          ],
          "rotation": 270,
          "texture": "#0"
        },
        "up": {
          "uv": [
            10,
            6,
            14,
            8
          ],
          "rotation": 270,
          "texture": "#0"
        },
        "down": {
          "uv": [
            10,
            10,
            14,
            12
          ],
          "rotation": 270,
          "texture": "#0"
        }
      }
    },
    {
      "from": [
        4.7,
        4.2,
        8.2
      ],
      "to": [
        6.7,
        5.2,
        9.9
      ],
      "rotation": {
        "angle": -22.5,
        "axis": "z",
        "origin": [
          6.7,
          2.2,
          6.9
        ]
      },
      "faces": {
        "north": {
          "uv": [
            6,
            10,
            10,
            12
          ],
          "rotation": 90,
          "texture": "#0"
        },
        "east": {
          "uv": [
            8,
            4,
            4,
            8
          ],
          "rotation": 270,
          "texture": "#0"
        },
        "south": {
          "uv": [
            10,
            8,
            14,
            10
          ],
          "rotation": 270,
          "texture": "#0"
        },
        "west": {
          "uv": [
            8,
            4,
            4,
            0
          ],
          "rotation": 270,
          "texture": "#0"
        },
        "up": {
          "uv": [
            10,
            6,
            14,
            8
          ],
          "rotation": 270,
          "texture": "#0"
        },
        "down": {
          "uv": [
            10,
            10,
            14,
            12
          ],
          "rotation": 270,
          "texture": "#0"
        }
      }
    },
    {
      "from": [
        7.2,
        4.4,
        8.2
      ],
      "to": [
        9.2,
        5.4,
        9.9
      ],
      "rotation": {
        "angle": -22.5,
        "axis": "z",
        "origin": [
          9.2,
          2.4,
          6.9
        ]
      },
      "faces": {
        "north": {
          "uv": [
            6,
            10,
            10,
            12
          ],
          "rotation": 90,
          "texture": "#0"
        },
        "east": {
          "uv": [
            8,
            4,
            4,
            8
          ],
          "rotation": 270,
          "texture": "#0"
        },
        "south": {
          "uv": [
            10,
            8,
            14,
            10
          ],
          "rotation": 270,
          "texture": "#0"
        },
        "west": {
          "uv": [
            8,
            4,
            4,
            0
          ],
          "rotation": 270,
          "texture": "#0"
        },
        "up": {
          "uv": [
            10,
            6,
            14,
            8
          ],
          "rotation": 270,
          "texture": "#0"
        },
        "down": {
          "uv": [
            10,
            10,
            14,
            12
          ],
          "rotation": 270,
          "texture": "#0"
        }
      }
    }
  ],
  "display": {
    "thirdperson_righthand": {
      "translation": [
        0,
        5.5,
        1.5
      ]
    },
    "thirdperson_lefthand": {
      "translation": [
        0,
        5.5,
        1.5
      ]
    },
    "firstperson_righthand": {
      "rotation": [
        -18.5,
        0,
        0
      ],
      "translation": [
        0,
        7,
        0
      ]
    },
    "firstperson_lefthand": {
      "rotation": [
        -18.5,
        0,
        0
      ],
      "translation": [
        0,
        7,
        0
      ]
    },
    "ground": {
      "rotation": [
        -109.77,
        -10.4,
        24.62
      ],
      "translation": [
        0,
        -1.25,
        0
      ]
    },
    "gui": {
      "rotation": [
        29.6,
        -8.11,
        43.98
      ],
      "translation": [
        -2,
        2.5,
        0
      ]
    },
    "head": {
      "translation": [
        0,
        14,
        0
      ]
    },
    "fixed": {
      "rotation": [
        0,
        0,
        -45
      ],
      "translation": [
        2.75,
        2,
        0
      ]
    }
  }
}