{
  "format_version": "1.9.0",
  "credit": "Made with Blockbench",
  "elements": [
    {
      "from": [
        6,
        0,
        6
      ],
      "to": [
        10,
        6,
        10
      ],
      "rotation": {
        "angle": 0,
        "axis": "y",
        "origin": [
          7,
          0,
          7
        ]
      },
      "faces": {
        "north": {
          "uv": [
            0,
            6,
            4,
            12
          ],
          "texture": "#0"
        },
        "east": {
          "uv": [
            0,
            6,
            4,
            12
          ],
          "texture": "#0"
        },
        "south": {
          "uv": [
            0,
            6,
            4,
            12
          ],
          "texture": "#0"
        },
        "west": {
          "uv": [
            0,
            6,
            4,
            12
          ],
          "texture": "#0"
        },
        "up": {
          "uv": [
            12,
            4,
            8,
            0
          ],
          "texture": "#0"
        },
        "down": {
          "uv": [
            4,
            12,
            0,
            16
          ],
          "texture": "#0"
        }
      }
    },
    {
      "from": [
        5.9,
        6,
        5.9
      ],
      "to": [
        10.1,
        7,
        10.1
      ],
      "rotation": {
        "angle": 0,
        "axis": "y",
        "origin": [
          7,
          6,
          7
        ]
      },
      "faces": {
        "north": {
          "uv": [
            12,
            0,
            16,
            1
          ],
          "texture": "#0"
        },
        "east": {
          "uv": [
            12,
            1,
            16,
            2
          ],
          "texture": "#0"
        },
        "south": {
          "uv": [
            12,
            2,
            16,
            3
          ],
          "texture": "#0"
        },
        "west": {
          "uv": [
            12,
            3,
            16,
            4
          ],
          "texture": "#0"
        },
        "up": {
          "uv": [
            12,
            4,
            8,
            0
          ],
          "texture": "#0"
        },
        "down": {
          "uv": [
            12,
            4,
            8,
            8
          ],
          "texture": "#0"
        }
      }
    }
  ],
  "display": {
    "thirdperson_righthand": {
      "translation": [
        0,
        3,
        1
      ],
      "scale": [
        0.55,
        0.55,
        0.55
      ]
    },
    "thirdperson_lefthand": {
      "translation": [
        0,
        3,
        1
      ],
      "scale": [
        0.55,
        0.55,
        0.55
      ]
    },
    "firstperson_righthand": {
      "rotation": [
        0,
        -90,
        25
      ],
      "translation": [
        1.13,
        3.2,
        1.13
      ],
      "scale": [
        0.68,
        0.68,
        0.68
      ]
    },
    "firstperson_lefthand": {
      "rotation": [
        0,
        -90,
        25
      ],
      "translation": [
        1.13,
        3.2,
        1.13
      ],
      "scale": [
        0.68,
        0.68,
        0.68
      ]
    },
    "ground": {
      "translation": [
        0,
        2,
        0
      ],
      "scale": [
        0.5,
        0.5,
        0.5
      ]
    },
    "gui": {
      "rotation": [
        29.07,
        33.14,
        -16.9
      ],
      "translation": [
        1,
        2.5,
        0
      ]
    },
    "fixed": {
      "rotation": [
        0,
        -180,
        0
      ]
    }
  }
}