{
  "format_version": "1.21.6",
  "credit": "Made with Blockbench",
  "texture_size": [
    64,
    64
  ],
  "elements": [
    {
      "from": [
        3,
        12,
        10
      ],
      "to": [
        13,
        24,
        14
      ],
      "rotation": {
        "angle": 0,
        "axis": "y",
        "origin": [
          7,
          12,
          14
        ]
      },
      "faces": {
        "north": {
          "uv": [
            10,
            13,
            12.5,
            16
          ],
          "texture": "#0"
        },
        "east": {
          "uv": [
            9,
            13,
            10,
            16
          ],
          "texture": "#0"
        },
        "south": {
          "uv": [
            13.5,
            13,
            16,
            16
          ],
          "texture": "#0"
        },
        "west": {
          "uv": [
            12.5,
            13,
            13.5,
            16
          ],
          "texture": "#0"
        },
        "up": {
          "uv": [
            12.5,
            13,
            10,
            12
          ],
          "texture": "#0"
        },
        "down": {
          "uv": [
            15,
            12,
            12.5,
            13
          ],
          "texture": "#0"
        }
      }
    },
    {
      "from": [
        3,
        20,
        13
      ],
      "to": [
        13,
        25,
        18
      ],
      "rotation": {
        "angle": 0,
        "axis": "y",
        "origin": [
          7,
          12,
          14
        ]
      },
      "faces": {
        "north": {
          "uv": [
            2.75,
            1.75,
            5.25,
            3
          ],
          "texture": "#0"
        },
        "east": {
          "uv": [
            1.5,
            1.75,
            2.75,
            3
          ],
          "texture": "#0"
        },
        "south": {
          "uv": [
            6.5,
            1.75,
            9,
            3
          ],
          "texture": "#0"
        },
        "west": {
          "uv": [
            5.25,
            1.75,
            6.5,
            3
          ],
          "texture": "#0"
        },
        "up": {
          "uv": [
            5.25,
            1.75,
            2.75,
            0.5
          ],
          "texture": "#0"
        },
        "down": {
          "uv": [
            7.75,
            0.5,
            5.25,
            1.75
          ],
          "texture": "#0"
        }
      }
    },
    {
      "from": [
        3,
        12,
        14
      ],
      "to": [
        13,
        13,
        18
      ],
      "rotation": {
        "angle": 0,
        "axis": "y",
        "origin": [
          7,
          12,
          14
        ]
      },
      "faces": {
        "north": {
          "uv": [
            1,
            15.75,
            3.5,
            16
          ],
          "texture": "#0"
        },
        "east": {
          "uv": [
            0,
            15.75,
            1,
            16
          ],
          "texture": "#0"
        },
        "south": {
          "uv": [
            4.5,
            15.75,
            7,
            16
          ],
          "texture": "#0"
        },
        "west": {
          "uv": [
            3.5,
            15.75,
            4.5,
            16
          ],
          "texture": "#0"
        },
        "up": {
          "uv": [
            3.5,
            15.75,
            1,
            14.75
          ],
          "texture": "#0"
        },
        "down": {
          "uv": [
            6,
            14.75,
            3.5,
            15.75
          ],
          "texture": "#0"
        }
      }
    },
    {
      "from": [
        4,
        19,
        14.5
      ],
      "to": [
        7,
        20,
        17.5
      ],
      "rotation": {
        "angle": 0,
        "axis": "y",
        "origin": [
          7,
          12,
          14
        ]
      },
      "faces": {
        "north": {
          "uv": [
            13.75,
            0.75,
            14.5,
            1
          ],
          "texture": "#0"
        },
        "east": {
          "uv": [
            13,
            0.75,
            13.75,
            1
          ],
          "texture": "#0"
        },
        "south": {
          "uv": [
            15.25,
            0.75,
            16,
            1
          ],
          "texture": "#0"
        },
        "west": {
          "uv": [
            14.5,
            0.75,
            15.25,
            1
          ],
          "texture": "#0"
        },
        "up": {
          "uv": [
            14.5,
            0.75,
            13.75,
            0
          ],
          "texture": "#0"
        },
        "down": {
          "uv": [
            15.25,
            0,
            14.5,
            0.75
          ],
          "texture": "#0"
        }
      }
    },
    {
      "from": [
        9,
        19,
        14.5
      ],
      "to": [
        12,
        20,
        17.5
      ],
      "rotation": {
        "angle": 0,
        "axis": "y",
        "origin": [
          7,
          12,
          14
        ]
      },
      "faces": {
        "north": {
          "uv": [
            13.75,
            0.75,
            14.5,
            1
          ],
          "texture": "#0"
        },
        "east": {
          "uv": [
            13,
            0.75,
            13.75,
            1
          ],
          "texture": "#0"
        },
        "south": {
          "uv": [
            15.25,
            0.75,
            16,
            1
          ],
          "texture": "#0"
        },
        "west": {
          "uv": [
            14.5,
            0.75,
            15.25,
            1
          ],
          "texture": "#0"
        },
        "up": {
          "uv": [
            14.5,
            0.75,
            13.75,
            0
          ],
          "texture": "#0"
        },
        "down": {
          "uv": [
            15.25,
            0,
            14.5,
            0.75
          ],
          "texture": "#0"
        }
      }
    },
    {
      "from": [
        5,
        18,
        15
      ],
      "to": [
        6,
        19,
        16
      ],
      "rotation": {
        "angle": 0,
        "axis": "y",
        "origin": [
          7,
          12,
          14
        ]
      },
      "faces": {
        "north": {
          "uv": [
            15.25,
            6,
            15.5,
            6.25
          ],
          "texture": "#0"
        },
        "east": {
          "uv": [
            15,
            6,
            15.25,
            6.25
          ],
          "texture": "#0"
        },
        "south": {
          "uv": [
            15.75,
            6,
            16,
            6.25
          ],
          "texture": "#0"
        },
        "west": {
          "uv": [
            15.5,
            6,
            15.75,
            6.25
          ],
          "texture": "#0"
        },
        "up": {
          "uv": [
            15.5,
            6,
            15.25,
            5.75
          ],
          "texture": "#0"
        },
        "down": {
          "uv": [
            15.75,
            5.75,
            15.5,
            6
          ],
          "texture": "#0"
        }
      }
    },
    {
      "from": [
        10,
        18,
        15
      ],
      "to": [
        11,
        19,
        16
      ],
      "rotation": {
        "angle": 0,
        "axis": "y",
        "origin": [
          7,
          12,
          14
        ]
      },
      "faces": {
        "north": {
          "uv": [
            15.25,
            6,
            15.5,
            6.25
          ],
          "texture": "#0"
        },
        "east": {
          "uv": [
            15,
            6,
            15.25,
            6.25
          ],
          "texture": "#0"
        },
        "south": {
          "uv": [
            15.75,
            6,
            16,
            6.25
          ],
          "texture": "#0"
        },
        "west": {
          "uv": [
            15.5,
            6,
            15.75,
            6.25
          ],
          "texture": "#0"
        },
        "up": {
          "uv": [
            15.5,
            6,
            15.25,
            5.75
          ],
          "texture": "#0"
        },
        "down": {
          "uv": [
            15.75,
            5.75,
            15.5,
            6
          ],
          "texture": "#0"
        }
      }
    }
  ],
  "display": {
    "thirdperson_righthand": {
      "rotation": [
        49,
        0,
        0
      ],
      "translation": [
        0,
        -2.5,
        1.5
      ],
      "scale": [
        0.3,
        0.3,
        -0.3
      ]
    },
    "thirdperson_lefthand": {
      "rotation": [
        49,
        0,
        0
      ],
      "translation": [
        0,
        -2.5,
        1.5
      ],
      "scale": [
        0.3,
        0.3,
        -0.3
      ]
    },
    "firstperson_righthand": {
      "rotation": [
        172.42,
        65.33,
        -178
      ],
      "translation": [
        0,
        1,
        2
      ],
      "scale": [
        0.5,
        0.5,
        -0.5
      ]
    },
    "firstperson_lefthand": {
      "rotation": [
        172.42,
        65.33,
        -178
      ],
      "translation": [
        0,
        1,
        2
      ],
      "scale": [
        0.5,
        0.5,
        -0.5
      ]
    },
    "ground": {
      "translation": [
        0,
        -6.25,
        -5.5
      ]
    },
    "gui": {
      "rotation": [
        25.5,
        -23.75,
        0
      ],
      "translation": [
        2,
        -6.75,
        0
      ]
    },
    "fixed": {
      "rotation": [
        180,
        0,
        -180
      ],
      "translation": [
        0,
        -11,
        3.5
      ]
    }
  },
  "groups": [
    {
      "name": "Body",
      "origin": [
        8,
        24,
        8
      ],
      "color": 0,
      "children": [
        0,
        1,
        2,
        3,
        4,
        5,
        6
      ]
    }
  ]
}