{
  "format_version": "1.9.0",
  "credit": "Made with Blockbench",
  "texture_size": [
    32,
    32
  ],
  "elements": [
    {
      "from": [
        7,
        0,
        0
      ],
      "to": [
        9,
        2,
        16
      ],
      "rotation": {
        "angle": 0,
        "axis": "y",
        "origin": [
          7,
          0,
          7
        ]
      },
      "faces": {
        "north": {
          "uv": [
            2,
            2,
            3,
            3
          ],
          "texture": "#0"
        },
        "east": {
          "uv": [
            0,
            0,
            8,
            1
          ],
          "texture": "#0"
        },
        "south": {
          "uv": [
            2,
            3,
            3,
            4
          ],
          "texture": "#0"
        },
        "west": {
          "uv": [
            0,
            1,
            8,
            2
          ],
          "texture": "#0"
        },
        "up": {
          "uv": [
            1,
            10,
            0,
            2
          ],
          "texture": "#0"
        },
        "down": {
          "uv": [
            2,
            2,
            1,
            10
          ],
          "texture": "#0"
        }
      }
    }
  ],
  "display": {
    "thirdperson_righthand": {
      "rotation": [
        72.84,
        -5.98,
        5.88
      ],
      "translation": [
        -0.25,
        1.75,
        3
      ],
      "scale": [
        0.375,
        0.375,
        0.375
      ]
    },
    "thirdperson_lefthand": {
      "rotation": [
        72.84,
        -5.98,
        5.88
      ],
      "translation": [
        -0.25,
        1.75,
        3
      ],
      "scale": [
        0.375,
        0.375,
        0.375
      ]
    },
    "firstperson_righthand": {
      "rotation": [
        72.84,
        -5.98,
        5.88
      ],
      "translation": [
        -0.25,
        1.75,
        3
      ],
      "scale": [
        0.375,
        0.375,
        0.375
      ]
    },
    "firstperson_lefthand": {
      "rotation": [
        72.84,
        -5.98,
        5.88
      ],
      "translation": [
        -0.25,
        1.75,
        3
      ],
      "scale": [
        0.375,
        0.375,
        0.375
      ]
    },
    "ground": {
      "translation": [
        0,
        2,
        0
      ],
      "scale": [
        0.5,
        0.5,
        0.5
      ]
    },
    "gui": {
      "rotation": [
        30,
        -135,
        0
      ],
      "scale": [
        0.625,
        0.625,
        0.625
      ]
    },
    "head": {
      "rotation": [
        -180,
        -90,
        180
      ],
      "translation": [
        0,
        10,
        0
      ]
    },
    "fixed": {
      "rotation": [
        0,
        -180,
        0
      ]
    }
  }
}