{
  "credit": "Made with Blockbench",
  "texture_size": [
    32,
    32
  ],
  "elements": [
    {
      "from": [
        7,
        0,
        4
      ],
      "to": [
        9,
        1.25,
        12
      ],
      "rotation": {
        "angle": 0,
        "axis": "y",
        "origin": [
          7,
          0,
          7
        ]
      },
      "faces": {
        "north": {
          "uv": [
            8.5,
            2.5,
            9.5,
            3
          ],
          "texture": "#1"
        },
        "east": {
          "uv": [
            2,
            4,
            6,
            4.5
          ],
          "texture": "#1"
        },
        "south": {
          "uv": [
            3,
            8.5,
            4,
            9
          ],
          "texture": "#1"
        },
        "west": {
          "uv": [
            4,
            2,
            8,
            2.5
          ],
          "texture": "#1"
        },
        "up": {
          "uv": [
            1,
            4,
            0,
            0
          ],
          "texture": "#1"
        },
        "down": {
          "uv": [
            2,
            0,
            1,
            4
          ],
          "texture": "#1"
        }
      }
    },
    {
      "from": [
        4,
        0,
        7
      ],
      "to": [
        12,
        0.75,
        9
      ],
      "rotation": {
        "angle": 0,
        "axis": "y",
        "origin": [
          4,
          0,
          11
        ]
      },
      "faces": {
        "north": {
          "uv": [
            4,
            2.5,
            8,
            3
          ],
          "texture": "#1"
        },
        "east": {
          "uv": [
            8.5,
            3,
            9.5,
            3.5
          ],
          "texture": "#1"
        },
        "south": {
          "uv": [
            4,
            3,
            8,
            3.5
          ],
          "texture": "#1"
        },
        "west": {
          "uv": [
            8.5,
            3.5,
            9.5,
            4
          ],
          "texture": "#1"
        },
        "up": {
          "uv": [
            6,
            1,
            2,
            0
          ],
          "texture": "#1"
        },
        "down": {
          "uv": [
            6,
            1,
            2,
            2
          ],
          "texture": "#1"
        }
      }
    },
    {
      "from": [
        6,
        0.75,
        7
      ],
      "to": [
        10,
        1.25,
        9
      ],
      "rotation": {
        "angle": 0,
        "axis": "y",
        "origin": [
          7,
          0,
          7
        ]
      },
      "faces": {
        "north": {
          "uv": [
            4,
            3.5,
            6,
            4
          ],
          "texture": "#1"
        },
        "east": {
          "uv": [
            4,
            8.5,
            5,
            9
          ],
          "texture": "#1"
        },
        "south": {
          "uv": [
            6,
            7.5,
            8,
            8
          ],
          "texture": "#1"
        },
        "west": {
          "uv": [
            5,
            8.5,
            6,
            9
          ],
          "texture": "#1"
        },
        "up": {
          "uv": [
            4,
            5.5,
            2,
            4.5
          ],
          "texture": "#1"
        },
        "down": {
          "uv": [
            6,
            4.5,
            4,
            5.5
          ],
          "texture": "#1"
        }
      }
    }
  ],
  "display": {
    "thirdperson_righthand": {
      "rotation": [
        70,
        0,
        0
      ],
      "translation": [
        0,
        2,
        4.5
      ],
      "scale": [
        1.04297,
        1,
        1
      ]
    },
    "thirdperson_lefthand": {
      "rotation": [
        70,
        0,
        0
      ],
      "translation": [
        0,
        2,
        4.5
      ],
      "scale": [
        1.04297,
        1,
        1
      ]
    },
    "firstperson_righthand": {
      "translation": [
        -1.75,
        6.25,
        4.5
      ],
      "scale": [
        1.04297,
        1,
        1
      ]
    },
    "firstperson_lefthand": {
      "translation": [
        -1.75,
        6.25,
        4.5
      ],
      "scale": [
        1.04297,
        1,
        1
      ]
    },
    "ground": {
      "translation": [
        0.25,
        6.25,
        -0.75
      ],
      "scale": [
        1.04297,
        1,
        1
      ]
    },
    "gui": {
      "rotation": [
        36.01,
        -34.26,
        12.38
      ],
      "translation": [
        -2,
        7.5,
        4.5
      ],
      "scale": [
        1.72656,
        1.57227,
        1.71094
      ]
    },
    "head": {
      "translation": [
        -2,
        11.5,
        0.5
      ],
      "scale": [
        1.04297,
        1,
        1
      ]
    }
  },
  "groups": [
    {
      "name": "group",
      "origin": [
        8,
        8,
        8
      ],
      "color": 0,
      "children": [
        0,
        1,
        2
      ]
    }
  ]
}