{
  "credit": "Made with Blockbench",
  "texture_size": [
    64,
    64
  ],
  "elements": [
    {
      "from": [
        0,
        0,
        0
      ],
      "to": [
        16,
        3,
        16
      ],
      "faces": {
        "north": {
          "uv": [
            11,
            9.75,
            15,
            10.5
          ],
          "texture": "#0"
        },
        "east": {
          "uv": [
            11,
            10.5,
            15,
            11.25
          ],
          "texture": "#0"
        },
        "south": {
          "uv": [
            11,
            11.25,
            15,
            12
          ],
          "texture": "#0"
        },
        "west": {
          "uv": [
            11,
            12,
            15,
            12.75
          ],
          "texture": "#0"
        },
        "up": {
          "uv": [
            4,
            4,
            0,
            0
          ],
          "texture": "#0"
        },
        "down": {
          "uv": [
            4,
            4,
            0,
            8
          ],
          "texture": "#0"
        }
      }
    },
    {
      "from": [
        1,
        3,
        1
      ],
      "to": [
        15,
        5,
        15
      ],
      "rotation": {
        "angle": 0,
        "axis": "y",
        "origin": [
          7,
          3,
          7
        ]
      },
      "faces": {
        "north": {
          "uv": [
            0,
            12.25,
            3.5,
            12.75
          ],
          "texture": "#0"
        },
        "east": {
          "uv": [
            3.5,
            12.25,
            7,
            12.75
          ],
          "texture": "#0"
        },
        "south": {
          "uv": [
            12.5,
            0,
            16,
            0.5
          ],
          "texture": "#0"
        },
        "west": {
          "uv": [
            12.5,
            0.5,
            16,
            1
          ],
          "texture": "#0"
        },
        "up": {
          "uv": [
            7.5,
            3.5,
            4,
            0
          ],
          "texture": "#0"
        },
        "down": {
          "uv": [
            7.5,
            3.5,
            4,
            7
          ],
          "texture": "#0"
        }
      }
    },
    {
      "from": [
        3,
        5,
        3
      ],
      "to": [
        13,
        16,
        13
      ],
      "rotation": {
        "angle": 0,
        "axis": "y",
        "origin": [
          7,
          5,
          7
        ]
      },
      "faces": {
        "north": {
          "uv": [
            7.5,
            0,
            10,
            2.75
          ],
          "texture": "#0"
        },
        "east": {
          "uv": [
            7.5,
            2.75,
            10,
            5.5
          ],
          "texture": "#0"
        },
        "south": {
          "uv": [
            0,
            8,
            2.5,
            10.75
          ],
          "texture": "#0"
        },
        "west": {
          "uv": [
            10,
            0,
            12.5,
            2.75
          ],
          "texture": "#0"
        },
        "up": {
          "uv": [
            12.5,
            9.75,
            10,
            7.25
          ],
          "texture": "#0"
        },
        "down": {
          "uv": [
            11,
            10,
            8.5,
            12.5
          ],
          "texture": "#0"
        }
      }
    },
    {
      "from": [
        2,
        16,
        2
      ],
      "to": [
        14,
        25,
        14
      ],
      "rotation": {
        "angle": 0,
        "axis": "y",
        "origin": [
          7,
          16,
          7
        ]
      },
      "faces": {
        "north": {
          "uv": [
            2.5,
            10,
            5.5,
            12.25
          ],
          "texture": "#0"
        },
        "east": {
          "uv": [
            10,
            2.75,
            13,
            5
          ],
          "texture": "#0"
        },
        "south": {
          "uv": [
            10,
            5,
            13,
            7.25
          ],
          "texture": "#0"
        },
        "west": {
          "uv": [
            5.5,
            10,
            8.5,
            12.25
          ],
          "texture": "#0"
        },
        "up": {
          "uv": [
            7,
            10,
            4,
            7
          ],
          "texture": "#0"
        },
        "down": {
          "uv": [
            10,
            7,
            7,
            10
          ],
          "texture": "#0"
        }
      }
    }
  ],
  "display": {
    "thirdperson_righthand": {
      "rotation": [
        70,
        0,
        0
      ],
      "translation": [
        0,
        0.5,
        0
      ],
      "scale": [
        0.3,
        0.3,
        0.3
      ]
    },
    "thirdperson_lefthand": {
      "rotation": [
        70,
        0,
        0
      ],
      "translation": [
        0,
        0.5,
        0
      ],
      "scale": [
        0.3,
        0.3,
        0.3
      ]
    },
    "firstperson_righthand": {
      "scale": [
        0.5,
        0.5,
        0.5
      ]
    },
    "firstperson_lefthand": {
      "scale": [
        0.5,
        0.5,
        0.5
      ]
    },
    "ground": {
      "translation": [
        0,
        2.25,
        0
      ],
      "scale": [
        0.5,
        0.5,
        0.5
      ]
    },
    "gui": {
      "rotation": [
        23.75,
        -22,
        0
      ],
      "translation": [
        0,
        -1.75,
        0
      ],
      "scale": [
        0.5,
        0.5,
        0.5
      ]
    },
    "head": {
      "translation": [
        0,
        7.75,
        0
      ],
      "scale": [
        1,
        0.30469,
        1
      ]
    },
    "fixed": {
      "translation": [
        0,
        -1.75,
        0
      ],
      "scale": [
        0.5,
        0.5,
        0.5
      ]
    }
  },
  "groups": [
    {
      "name": "group",
      "origin": [
        7,
        16,
        7
      ],
      "color": 0,
      "children": [
        0,
        1,
        2,
        3
      ]
    }
  ]
}