{
  "credit": "Made with Blockbench",
  "texture_size": [
    32,
    32
  ],
  "elements": [
    {
      "from": [
        5,
        0,
        5
      ],
      "to": [
        11,
        1,
        11
      ],
      "rotation": {
        "angle": 0,
        "axis": "y",
        "origin": [
          7,
          0,
          6
        ]
      },
      "faces": {
        "north": {
          "uv": [
            8,
            3,
            11,
            3.5
          ],
          "texture": "#1"
        },
        "east": {
          "uv": [
            8,
            3.5,
            11,
            4
          ],
          "texture": "#1"
        },
        "south": {
          "uv": [
            8,
            4,
            11,
            4.5
          ],
          "texture": "#1"
        },
        "west": {
          "uv": [
            8,
            4.5,
            11,
            5
          ],
          "texture": "#1"
        },
        "up": {
          "uv": [
            3,
            3,
            0,
            0
          ],
          "texture": "#1"
        },
        "down": {
          "uv": [
            3,
            3,
            0,
            6
          ],
          "texture": "#1"
        }
      }
    },
    {
      "from": [
        5,
        6,
        5
      ],
      "to": [
        11,
        7,
        11
      ],
      "rotation": {
        "angle": 0,
        "axis": "y",
        "origin": [
          7,
          6,
          6
        ]
      },
      "faces": {
        "north": {
          "uv": [
            8,
            5,
            11,
            5.5
          ],
          "texture": "#1"
        },
        "east": {
          "uv": [
            8,
            5.5,
            11,
            6
          ],
          "texture": "#1"
        },
        "south": {
          "uv": [
            8,
            6,
            11,
            6.5
          ],
          "texture": "#1"
        },
        "west": {
          "uv": [
            8,
            6.5,
            11,
            7
          ],
          "texture": "#1"
        },
        "up": {
          "uv": [
            6,
            3,
            3,
            0
          ],
          "texture": "#1"
        },
        "down": {
          "uv": [
            6,
            3,
            3,
            6
          ],
          "texture": "#1"
        }
      }
    },
    {
      "from": [
        5,
        1,
        5
      ],
      "to": [
        11,
        4,
        6
      ],
      "rotation": {
        "angle": 0,
        "axis": "y",
        "origin": [
          7,
          1,
          4
        ]
      },
      "faces": {
        "north": {
          "uv": [
            0,
            6,
            3,
            7.5
          ],
          "texture": "#1"
        },
        "east": {
          "uv": [
            2.5,
            9,
            3,
            10.5
          ],
          "texture": "#1"
        },
        "south": {
          "uv": [
            6,
            0,
            9,
            1.5
          ],
          "texture": "#1"
        },
        "west": {
          "uv": [
            3,
            9,
            3.5,
            10.5
          ],
          "texture": "#1"
        },
        "up": {
          "uv": [
            11,
            7.5,
            8,
            7
          ],
          "texture": "#1"
        },
        "down": {
          "uv": [
            11,
            7.5,
            8,
            8
          ],
          "texture": "#1"
        }
      }
    },
    {
      "from": [
        5,
        1,
        10
      ],
      "to": [
        11,
        4,
        11
      ],
      "rotation": {
        "angle": 0,
        "axis": "y",
        "origin": [
          7,
          1,
          9
        ]
      },
      "faces": {
        "north": {
          "uv": [
            6,
            1.5,
            9,
            3
          ],
          "texture": "#1"
        },
        "east": {
          "uv": [
            3.5,
            9,
            4,
            10.5
          ],
          "texture": "#1"
        },
        "south": {
          "uv": [
            3,
            6,
            6,
            7.5
          ],
          "texture": "#1"
        },
        "west": {
          "uv": [
            4,
            9,
            4.5,
            10.5
          ],
          "texture": "#1"
        },
        "up": {
          "uv": [
            11,
            8.5,
            8,
            8
          ],
          "texture": "#1"
        },
        "down": {
          "uv": [
            9,
            8.5,
            6,
            9
          ],
          "texture": "#1"
        }
      }
    },
    {
      "from": [
        10,
        1,
        6
      ],
      "to": [
        11,
        4,
        10
      ],
      "rotation": {
        "angle": 0,
        "axis": "y",
        "origin": [
          9,
          1,
          9
        ]
      },
      "faces": {
        "north": {
          "uv": [
            4.5,
            9,
            5,
            10.5
          ],
          "texture": "#1"
        },
        "east": {
          "uv": [
            6,
            7,
            8,
            8.5
          ],
          "texture": "#1"
        },
        "south": {
          "uv": [
            5,
            9,
            5.5,
            10.5
          ],
          "texture": "#1"
        },
        "west": {
          "uv": [
            0,
            7.5,
            2,
            9
          ],
          "texture": "#1"
        },
        "up": {
          "uv": [
            0.5,
            11,
            0,
            9
          ],
          "texture": "#1"
        },
        "down": {
          "uv": [
            9.5,
            0,
            9,
            2
          ],
          "texture": "#1"
        }
      }
    },
    {
      "from": [
        5,
        1,
        6
      ],
      "to": [
        6,
        4,
        10
      ],
      "rotation": {
        "angle": 0,
        "axis": "y",
        "origin": [
          4,
          1,
          9
        ]
      },
      "faces": {
        "north": {
          "uv": [
            5.5,
            9,
            6,
            10.5
          ],
          "texture": "#1"
        },
        "east": {
          "uv": [
            2,
            7.5,
            4,
            9
          ],
          "texture": "#1"
        },
        "south": {
          "uv": [
            6,
            9,
            6.5,
            10.5
          ],
          "texture": "#1"
        },
        "west": {
          "uv": [
            4,
            7.5,
            6,
            9
          ],
          "texture": "#1"
        },
        "up": {
          "uv": [
            1,
            11,
            0.5,
            9
          ],
          "texture": "#1"
        },
        "down": {
          "uv": [
            1.5,
            9,
            1,
            11
          ],
          "texture": "#1"
        }
      }
    },
    {
      "from": [
        7,
        7,
        7
      ],
      "to": [
        9,
        8,
        9
      ],
      "rotation": {
        "angle": 0,
        "axis": "y",
        "origin": [
          7,
          8,
          7
        ]
      },
      "faces": {
        "north": {
          "uv": [
            6.5,
            9,
            7.5,
            9.5
          ],
          "texture": "#1"
        },
        "east": {
          "uv": [
            7.5,
            9,
            8.5,
            9.5
          ],
          "texture": "#1"
        },
        "south": {
          "uv": [
            8.5,
            9,
            9.5,
            9.5
          ],
          "texture": "#1"
        },
        "west": {
          "uv": [
            9,
            8.5,
            10,
            9
          ],
          "texture": "#1"
        },
        "up": {
          "uv": [
            2.5,
            10,
            1.5,
            9
          ],
          "texture": "#1"
        },
        "down": {
          "uv": [
            10,
            2,
            9,
            3
          ],
          "texture": "#1"
        }
      }
    },
    {
      "from": [
        6,
        4,
        6
      ],
      "to": [
        10,
        4,
        10
      ],
      "rotation": {
        "angle": 0,
        "axis": "y",
        "origin": [
          7,
          2,
          7
        ]
      },
      "faces": {
        "north": {
          "uv": [
            0,
            0,
            2,
            0
          ],
          "texture": "#1"
        },
        "east": {
          "uv": [
            0,
            0,
            2,
            0
          ],
          "texture": "#1"
        },
        "south": {
          "uv": [
            0,
            0,
            2,
            0
          ],
          "texture": "#1"
        },
        "west": {
          "uv": [
            0,
            0,
            2,
            0
          ],
          "texture": "#1"
        },
        "up": {
          "uv": [
            8,
            5,
            6,
            3
          ],
          "texture": "#1"
        },
        "down": {
          "uv": [
            8,
            5,
            6,
            7
          ],
          "texture": "#1"
        }
      }
    }
  ],
  "display": {
    "thirdperson_righthand": {
      "rotation": [
        70,
        0,
        0
      ],
      "translation": [
        0,
        -1.75,
        0
      ]
    },
    "thirdperson_lefthand": {
      "rotation": [
        70,
        0,
        0
      ],
      "translation": [
        0,
        -1.75,
        0
      ]
    },
    "firstperson_righthand": {
      "rotation": [
        -12,
        0,
        0
      ],
      "translation": [
        0,
        1.5,
        0
      ]
    },
    "firstperson_lefthand": {
      "rotation": [
        -12,
        0,
        0
      ],
      "translation": [
        0,
        1.5,
        0
      ]
    },
    "ground": {
      "rotation": [
        -12,
        0,
        0
      ],
      "translation": [
        0,
        6,
        0
      ]
    },
    "gui": {
      "rotation": [
        32.53,
        -24.88,
        6.99
      ],
      "translation": [
        -0.75,
        2.5,
        0
      ]
    },
    "head": {
      "rotation": [
        -12,
        0,
        0
      ],
      "translation": [
        0,
        11.75,
        0
      ]
    }
  }
}