{
  "variants": {
    "facing=north,blockstate=0": {
      "model": "additions:block/coffee_mashine"
    },
    "facing=east,blockstate=0": {
      "model": "additions:block/coffee_mashine",
      "y": 90
    },
    "facing=south,blockstate=0": {
      "model": "additions:block/coffee_mashine",
      "y": 180
    },
    "facing=west,blockstate=0": {
      "model": "additions:block/coffee_mashine",
      "y": 270
    },
    "facing=north,blockstate=1": {
      "model": "additions:block/coffee_mashine_states_blockstate_0"
    },
    "facing=east,blockstate=1": {
      "model": "additions:block/coffee_mashine_states_blockstate_0",
      "y": 90
    },
    "facing=south,blockstate=1": {
      "model": "additions:block/coffee_mashine_states_blockstate_0",
      "y": 180
    },
    "facing=west,blockstate=1": {
      "model": "additions:block/coffee_mashine_states_blockstate_0",
      "y": 270
    },
    "facing=north,blockstate=2": {
      "model": "additions:block/coffee_mashine_states_blockstate_1"
    },
    "facing=east,blockstate=2": {
      "model": "additions:block/coffee_mashine_states_blockstate_1",
      "y": 90
    },
    "facing=south,blockstate=2": {
      "model": "additions:block/coffee_mashine_states_blockstate_1",
      "y": 180
    },
    "facing=west,blockstate=2": {
      "model": "additions:block/coffee_mashine_states_blockstate_1",
      "y": 270
    }
  }
}