{
  "variants": {
    "facing=north,blockstate=0": {
      "model": "additions:block/frying_table"
    },
    "facing=east,blockstate=0": {
      "model": "additions:block/frying_table",
      "y": 90
    },
    "facing=south,blockstate=0": {
      "model": "additions:block/frying_table",
      "y": 180
    },
    "facing=west,blockstate=0": {
      "model": "additions:block/frying_table",
      "y": 270
    },
    "facing=north,blockstate=1": {
      "model": "additions:block/fry_table_block_states_blockstate_0"
    },
    "facing=east,blockstate=1": {
      "model": "additions:block/fry_table_block_states_blockstate_0",
      "y": 90
    },
    "facing=south,blockstate=1": {
      "model": "additions:block/fry_table_block_states_blockstate_0",
      "y": 180
    },
    "facing=west,blockstate=1": {
      "model": "additions:block/fry_table_block_states_blockstate_0",
      "y": 270
    },
    "facing=north,blockstate=2": {
      "model": "additions:block/fry_table_block_states_blockstate_1"
    },
    "facing=east,blockstate=2": {
      "model": "additions:block/fry_table_block_states_blockstate_1",
      "y": 90
    },
    "facing=south,blockstate=2": {
      "model": "additions:block/fry_table_block_states_blockstate_1",
      "y": 180
    },
    "facing=west,blockstate=2": {
      "model": "additions:block/fry_table_block_states_blockstate_1",
      "y": 270
    },
    "facing=north,blockstate=3": {
      "model": "additions:block/fry_table_block_states_blockstate_2"
    },
    "facing=east,blockstate=3": {
      "model": "additions:block/fry_table_block_states_blockstate_2",
      "y": 90
    },
    "facing=south,blockstate=3": {
      "model": "additions:block/fry_table_block_states_blockstate_2",
      "y": 180
    },
    "facing=west,blockstate=3": {
      "model": "additions:block/fry_table_block_states_blockstate_2",
      "y": 270
    }
  }
}