{
	"format_version": "1.8.0",
	"animations": {
		"animation.coal_engine.open": {
			"loop": "hold_on_last_frame",
			"animation_length": 1,
			"bones": {
				"group2": {
					"position": {
						"0.0": {
							"vector": [0, 0, 0]
						},
						"1.0": {
							"vector": [0, 0, -9]
						}
					}
				}
			}
		},
		"animation.coal_engine.close": {
			"loop": "hold_on_last_frame",
			"animation_length": 1,
			"bones": {
				"group2": {
					"position": {
						"0.0": {
							"vector": [0, 0, -9]
						},
						"1.0": {
							"vector": [0, 0, 0]
						}
					}
				}
			}
		},
		"animation.coal_engine.open.1": {
			"loop": "hold_on_last_frame",
			"animation_length": 1,
			"bones": {
				"group2": {
					"position": {
						"0.0": [0, 0, 0],
						"1.0": [0, 0, -9]
					}
				}
			}
		},
		"animation.coal_engine.close.2": {
			"loop": "hold_on_last_frame",
			"animation_length": 1,
			"bones": {
				"group2": {
					"position": {
						"0.0": [0, 0, -9],
						"1.0": [0, 0, 0]
					}
				}
			}
		}
	},
	"geckolib_format_version": 2
}