{
	"format_version": "1.8.0",
	"animations": {
		"mixin": {
			"loop": true,
			"animation_length": 0.125,
			"bones": {
				"spin": {
					"rotation": {
						"0.0": {
							"vector": [0, 0, 0]
						},
						"0.0333": {
							"vector": [0, -45, 0]
						},
						"0.0667": {
							"vector": [0, -90, 0]
						},
						"0.0917": {
							"vector": [0, -180, 0]
						},
						"0.125": {
							"vector": [0, -270, 0]
						}
					}
				},
				"grip": {
					"rotation": {
						"vector": [45, 0, 0]
					}
				}
			}
		},
		"idle": {
			"loop": true,
			"animation_length": 1
		},
		"grip_on": {
			"loop": "hold_on_last_frame",
			"animation_length": 0.25,
			"bones": {
				"grip": {
					"rotation": {
						"0.0": {
							"vector": [360, 0, 0]
						},
						"0.125": {
							"vector": [382.5, 0, 0]
						},
						"0.25": {
							"vector": [405, 0, 0]
						}
					}
				}
			}
		},
		"grip_off": {
			"loop": "hold_on_last_frame",
			"animation_length": 0.25,
			"bones": {
				"grip": {
					"rotation": {
						"0.0": {
							"vector": [45, 0, 0]
						},
						"0.125": {
							"vector": [22.5, 0, 0]
						},
						"0.25": {
							"vector": [0, 0, 0]
						}
					}
				}
			}
		}
	},
	"geckolib_format_version": 2
}