{
	"format_version": "1.8.0",
	"animations": {
		"idle": {
			"loop": true,
			"animation_length": 1.5,
			"bones": {
				"head": {
					"position": {
						"0.0": {
							"vector": [0, 0, 0]
						},
						"0.5": {
							"vector": [0, -1, 0]
						},
						"1.0": {
							"vector": [0, 0, 0]
						},
						"1.25": {
							"vector": [0, -0.15, 0]
						},
						"1.4583": {
							"vector": [0, -0.1, 0]
						},
						"1.5": {
							"vector": [0, 0, 0]
						}
					}
				},
				"body0": {
					"position": {
						"0.0": {
							"vector": [0, 0, 0]
						},
						"0.5": {
							"vector": [0, -1, 0]
						},
						"1.0": {
							"vector": [0, -0.1, 0]
						},
						"1.4583": {
							"vector": [0, -0.1, 0]
						},
						"1.5": {
							"vector": [0, 0, 0]
						}
					}
				},
				"body1": {
					"position": {
						"0.0": {
							"vector": [0, 0, 0]
						},
						"0.5": {
							"vector": [0, -1, 0]
						},
						"1.0": {
							"vector": [0, -0.1, 0]
						},
						"1.4583": {
							"vector": [0, -0.1, 0]
						},
						"1.5": {
							"vector": [0, 0, 0]
						}
					}
				}
			}
		},
		"idle2": {
			"loop": "hold_on_last_frame",
			"animation_length": 2,
			"bones": {
				"head": {
					"rotation": {
						"0.0": {
							"vector": [0, 0, 0]
						},
						"0.875": {
							"vector": [35, 0, 0]
						},
						"1.0": {
							"vector": [70, 0, 0]
						},
						"1.25": {
							"vector": [22.5, 0, 0]
						},
						"1.5": {
							"vector": [7.5, 0, 0]
						},
						"1.75": {
							"vector": [2.5, 0, 0]
						},
						"2.0": {
							"vector": [0, 0, 0]
						}
					},
					"position": {
						"0.0": {
							"vector": [0, 0, 0]
						},
						"0.25": {
							"vector": [0, -0.5, 1]
						},
						"0.5": {
							"vector": [0, -1, 2]
						},
						"0.625": {
							"vector": [0, -0.75, 3]
						},
						"0.75": {
							"vector": [0, -0.5, 4]
						},
						"0.875": {
							"vector": [0, 1.75, 6]
						},
						"1.0": {
							"vector": [0, 6, 8]
						},
						"1.25": {
							"vector": [0, 1, 4]
						},
						"1.5": {
							"vector": [0, 1, 2]
						},
						"1.75": {
							"vector": [0, 1, 0]
						}
					}
				},
				"body0": {
					"rotation": {
						"0.0": {
							"vector": [0, 0, 0]
						},
						"0.5": {
							"vector": [17.5, 0, 0]
						},
						"0.875": {
							"vector": [40, 0, 0]
						},
						"1.25": {
							"vector": [0, 0, 0]
						},
						"1.5": {
							"vector": [-45, 0, 0]
						},
						"1.75": {
							"vector": [-80, 0, 0]
						},
						"2.0": {
							"vector": [-92.5, 0, 0]
						}
					},
					"position": {
						"0.0": {
							"vector": [0, 0, 0]
						},
						"0.25": {
							"vector": [0, 0.5, 1]
						},
						"0.5": {
							"vector": [0, 1, 1]
						},
						"0.625": {
							"vector": [0, 1.25, 3]
						},
						"0.75": {
							"vector": [0, 2.5, 3]
						},
						"0.875": {
							"vector": [0, 4.75, 3]
						},
						"1.0": {
							"vector": [0, 7, 3]
						},
						"1.25": {
							"vector": [0, 4, 3]
						},
						"1.5": {
							"vector": [0, 2, 2]
						},
						"1.75": {
							"vector": [0, 2, 0]
						},
						"2.0": {
							"vector": [0, 0, 1]
						}
					}
				},
				"body1": {
					"rotation": {
						"0.0": {
							"vector": [0, 0, 0]
						},
						"0.5": {
							"vector": [25, 0, 0]
						},
						"0.625": {
							"vector": [60, 0, 0]
						},
						"0.75": {
							"vector": [90, 0, 0]
						},
						"0.875": {
							"vector": [112.5, 0, 0]
						},
						"1.0": {
							"vector": [150, 0, 0]
						},
						"1.75": {
							"vector": [177.5, 0, 0]
						},
						"2.0": {
							"vector": [177.5, 0, 0]
						}
					},
					"position": {
						"0.0": {
							"vector": [0, 0, 0]
						},
						"0.25": {
							"vector": [0, 2.5, 0]
						},
						"0.5": {
							"vector": [0, 5, 0]
						},
						"0.625": {
							"vector": [0, 7.25, 0]
						},
						"0.875": {
							"vector": [0, 10.75, -5]
						},
						"1.0": {
							"vector": [0, 12, -9]
						},
						"1.75": {
							"vector": [0, 9, -9]
						},
						"2.0": {
							"vector": [0, 9, -11]
						}
					}
				},
				"leg0": {
					"rotation": {
						"vector": [0, 0, 0]
					}
				}
			}
		},
		"lock_attack": {
			"loop": "hold_on_last_frame",
			"animation_length": 2,
			"bones": {
				"head": {
					"rotation": {
						"0.0": {
							"vector": [0, 0, 0]
						},
						"0.875": {
							"vector": [35, 0, 0]
						},
						"1.0": {
							"vector": [70, 0, 0]
						},
						"1.25": {
							"vector": [22.5, 0, 0]
						},
						"1.5": {
							"vector": [7.5, 0, 0]
						},
						"1.75": {
							"vector": [2.5, 0, 0]
						},
						"2.0": {
							"vector": [0, 0, 0]
						}
					},
					"position": {
						"0.0": {
							"vector": [0, 0, 0]
						},
						"0.25": {
							"vector": [0, 0, 1]
						},
						"0.5": {
							"vector": [0, 0, 2]
						},
						"0.625": {
							"vector": [0, 0, 3]
						},
						"0.75": {
							"vector": [0, 0, 4]
						},
						"0.875": {
							"vector": [0, 2, 6]
						},
						"1.0": {
							"vector": [0, 6, 8]
						},
						"1.25": {
							"vector": [0, 1, 4]
						},
						"1.5": {
							"vector": [0, 1, 2]
						},
						"1.75": {
							"vector": [0, 1, 0]
						}
					}
				},
				"body0": {
					"rotation": {
						"0.0": {
							"vector": [0, 0, 0]
						},
						"0.5": {
							"vector": [17.5, 0, 0]
						},
						"0.875": {
							"vector": [40, 0, 0]
						},
						"1.25": {
							"vector": [0, 0, 0]
						},
						"1.5": {
							"vector": [-45, 0, 0]
						},
						"1.75": {
							"vector": [-80, 0, 0]
						},
						"2.0": {
							"vector": [-92.5, 0, 0]
						}
					},
					"position": {
						"0.0": {
							"vector": [0, 0, 0]
						},
						"0.25": {
							"vector": [0, 1, 1]
						},
						"0.5": {
							"vector": [0, 2, 1]
						},
						"0.625": {
							"vector": [0, 2, 3]
						},
						"0.75": {
							"vector": [0, 3, 3]
						},
						"0.875": {
							"vector": [0, 5, 3]
						},
						"1.0": {
							"vector": [0, 7, 3]
						},
						"1.25": {
							"vector": [0, 4, 3]
						},
						"1.5": {
							"vector": [0, 2, 2]
						},
						"1.75": {
							"vector": [0, 2, 0]
						},
						"2.0": {
							"vector": [0, 0, 1]
						}
					}
				},
				"body1": {
					"rotation": {
						"0.0": {
							"vector": [0, 0, 0]
						},
						"0.5": {
							"vector": [25, 0, 0]
						},
						"0.625": {
							"vector": [60, 0, 0]
						},
						"0.75": {
							"vector": [90, 0, 0]
						},
						"0.875": {
							"vector": [112.5, 0, 0]
						},
						"1.0": {
							"vector": [150, 0, 0]
						},
						"1.75": {
							"vector": [177.5, 0, 0]
						},
						"2.0": {
							"vector": [177.5, 0, 0]
						}
					},
					"position": {
						"0.0": {
							"vector": [0, 0, 0]
						},
						"0.25": {
							"vector": [0, 3, 0]
						},
						"0.5": {
							"vector": [0, 6, 0]
						},
						"0.625": {
							"vector": [0, 8, 0]
						},
						"0.875": {
							"vector": [0, 11, -5]
						},
						"1.0": {
							"vector": [0, 12, -9]
						},
						"1.75": {
							"vector": [0, 9, -9]
						},
						"2.0": {
							"vector": [0, 9, -11]
						}
					}
				},
				"leg0": {
					"rotation": {
						"vector": [0, 0, 0]
					}
				}
			}
		},
		"walk": {
			"loop": true,
			"animation_length": 1.5,
			"bones": {
				"body0": {
					"rotation": {
						"0.0": {
							"vector": [0, 0, 0]
						},
						"0.5": {
							"vector": [0, 10, 0]
						},
						"1.0": {
							"vector": [0, -10, 0]
						},
						"1.5": {
							"vector": [0, 0, 0]
						}
					}
				},
				"body1": {
					"rotation": {
						"0.0": {
							"vector": [0, 0, 0]
						},
						"0.5": {
							"vector": [0, 10, 0]
						},
						"1.0": {
							"vector": [0, -10, 0]
						},
						"1.5": {
							"vector": [0, 0, 0]
						}
					},
					"position": {
						"0.0": {
							"vector": [0, 0, 0]
						},
						"0.5": {
							"vector": [1.5, 0, -0.5]
						},
						"1.0": {
							"vector": [-1.5, 0, -0.5]
						},
						"1.5": {
							"vector": [0, 0, 0]
						}
					}
				}
			}
		}
	},
	"geckolib_format_version": 2
}