{
	"format_version": "1.8.0",
	"animations": {
		"idle": {
			"loop": true,
			"animation_length": 0.3,
			"bones": {
				"arms": {
					"rotation": {
						"0.0": {
							"vector": [0, 0, 0]
						},
						"0.05": {
							"vector": [0, 30, 0]
						},
						"0.1": {
							"vector": [0, 60, 0]
						},
						"0.15": {
							"vector": [0, 90, 0]
						},
						"0.2": {
							"vector": [0, 120, 0]
						},
						"0.25": {
							"vector": [0, 150, 0]
						},
						"0.3": {
							"vector": [0, 180, 0]
						}
					}
				}
			}
		},
		"attack": {
			"loop": true,
			"animation_length": 0.0833,
			"bones": {
				"arms": {
					"rotation": {
						"0.0": {
							"vector": [0, 0, 0]
						},
						"0.0083": {
							"vector": [0, 30, 0]
						},
						"0.025": {
							"vector": [0, 60, 0]
						},
						"0.0417": {
							"vector": [0, 90, 0]
						},
						"0.0583": {
							"vector": [0, 120, 0]
						},
						"0.0667": {
							"vector": [0, 150, 0]
						},
						"0.0833": {
							"vector": [0, 180, 0]
						}
					}
				}
			}
		}
	},
	"geckolib_format_version": 2
}