{
	"format_version": "1.8.0",
	"animations": {
		"attack": {
			"animation_length": 1.1299,
			"bones": {
				"bone": {
					"rotation": {
						"0.0": {
							"vector": [0, 0, 0]
						},
						"0.2825": {
							"vector": [0, 0, 90]
						},
						"0.565": {
							"vector": [0, 0, 100]
						},
						"0.8475": {
							"vector": [0, 0, 75]
						},
						"1.1299": {
							"vector": [0, 0, 0]
						}
					}
				}
			}
		},
		"idle": {
			"loop": true,
			"animation_length": 2,
			"bones": {
				"bone": {
					"rotation": {
						"0.0": {
							"vector": [0, 0, 0]
						},
						"0.5": {
							"vector": [0, -40, 0]
						},
						"1.0": {
							"vector": [0, -80, 0]
						},
						"1.5": {
							"vector": [0, -90, 0]
						},
						"2.0": {
							"vector": [0, -180, 0]
						}
					}
				}
			}
		}
	},
	"geckolib_format_version": 2
}